date,close,volume,rsi_14,ema_200,macd,macd_signal,atr_14,adx_14,return_1d,return_5d,return_10d,volatility_10,volatility_20,ema20_ema50_ratio,ema50_ema200_ratio,macd_hist,dist_bb_upper,dist_bb_lower,target,vol_ma_20,obv,tr,bollinger_bandwidth,volatility_regime,bollinger_width_pct,atr_pct,gap_type,day_of_week,month
2022-07-29,17158.25,436100,72.77473592442374,16714.531814565955,238.81979604136177,149.0084230867372,197.6747349330357,19.5252612968369,0.0135059538264792,0.0262449304106207,0.069103119855868,0.0084301120714031,0.0078396112204465,1.0072706732857002,0.9754877393466086,89.81137295462457,-0.0060139297547734,0.0909516789902908,1,255560.0,1910800,243.201171875,0.0915845687192468,1,0.0915845687192468,0.0115206815924138,0,4,7
2022-08-01,17340.05078125,381500,75.2890982230229,16720.755883886195,280.8393652717423,175.37461152373822,198.86042131696428,21.502970828049964,0.0105955316684394,0.0426342842432805,0.0652118304051356,0.0081384816675938,0.0079631850988747,1.0101100446496332,0.9775525831238244,105.46475374800406,-0.0070690870499432,0.1011711727532172,0,259420.0,2292300,201.44921875,0.1020707870731869,1,0.1020707870731869,0.0114682721420859,0,0,8
2022-08-02,17345.44921875,333600,75.36186290548687,16726.971737964443,310.9908761756378,202.4978644541181,197.7497907366072,23.41578900561036,0.0003113276638058,0.0522693199581834,0.0614972828989042,0.0083335414677194,0.0078985146567735,1.0125445996569866,0.9795338492303276,108.49301172151972,-4.747299228125004e-05,0.0999342855516451,0,263390.0,2625900,174.30078125,0.1078744457381266,1,0.1078744457381266,0.0114006727783587,0,1,8
2022-08-03,17388.150390625,285400,75.96475148945312,16733.550630030717,334.47616052426747,228.893523668148,195.5355747767857,25.23276266730289,0.0024618083588656,0.0448478875084177,0.0524973473977898,0.0081999606053172,0.0077532174734851,1.014745682622321,0.9815005147336756,105.58263685611948,0.0046793394981443,0.1012851177462395,0,263240.0,2911300,181.650390625,0.114235125840754,1,0.114235125840754,0.0112453349197054,0,2,8
2022-08-04,17382.0,325000,75.6775123415709,16740.002862567722,348.5739884908653,252.8296166326915,209.09263392857144,27.11701986822248,-0.0003537116074355,0.0267224506818506,0.0467773746254949,0.008383628193059,0.0077341657730531,1.0165712138151837,0.9833664765801664,95.7443718581738,0.0113352278814249,0.1000813479247888,0,266260.0,2586300,329.44921875,0.1196188492166496,1,0.1196188492166496,0.0120292621061196,0,3,8
2022-08-05,17397.5,355300,75.92458178119695,16746.545122641677,356.8834093935766,273.6403751848685,201.0140904017857,28.86668726907639,0.0008917270739845,0.0139437296927134,0.0405546123187838,0.0084176551161652,0.0077491962824261,1.0181377857946263,0.985174024511966,83.24303420870808,0.0161287283117243,0.0998128794559262,1,269970.0,2941600,125.650390625,0.1241481979566018,1,0.1241481979566018,0.0115541940164843,0,4,8
2022-08-08,17525.099609375,257000,77.91359807030142,16754.291933454944,369.5054782630105,292.8133958004969,202.19984654017856,30.674490547753496,0.0073343646716481,0.0106717581430093,0.0537610251563345,0.0077903413476226,0.0077387460067849,1.0198487209532487,0.9871219560687122,76.69208246251361,0.0149060960089059,0.1050730173140745,0,270025.0,3198600,189.05078125,0.1289075724417504,1,0.1289075724417504,0.011537728803094,0,0,8
2022-08-10,17534.75,312700,78.06122213598378,16762.057685360865,375.95350664916987,309.4414179702315,193.33189174107144,32.396017804094974,0.0005506610997998,0.0109135704047014,0.0637533352662542,0.0063261879946223,0.0071000770392309,1.021282677617998,0.988995337599304,66.51208867893837,0.0189504624106015,0.1017483374337699,1,275230.0,3511300,123.298828125,0.1291823685668856,1,0.1291823685668856,0.0110256428943139,0,2,8
2022-08-11,17659.0,311200,79.92197763950702,16770.982484511504,386.6326912064287,324.87967261747093,196.2963169642857,34.35315793108925,0.0070859293688247,0.0155766774090608,0.0611231459936751,0.0062271374506346,0.0067038053330092,1.022851796364064,0.99099768779028,61.75301858895779,0.0158747774753473,0.1025787288953031,0,279125.0,3822500,184.55078125,0.1270380852509092,1,0.1270380852509092,0.0111159361778291,0,3,8
2022-08-12,17698.150390625,303900,80.48367113490303,16780.208035816115,393.7166112232953,338.6470603386358,194.853515625,35.874668451858334,0.0022170219505635,0.0181883782432976,0.0453968669657376,0.0048540250312035,0.0065480371949879,1.0242479428652322,0.992972497437658,55.06955088465946,0.016290350956977,0.0972850214584959,1,282890.0,4126400,126.80078125,0.1214440331530901,1,0.1214440331530901,0.0110098237004595,0,4,8
2022-08-16,17825.25,0,82.22244568461379,16790.606463320433,404.9188921983514,351.90142671057896,193.8356584821429,37.558825017163,0.0071815193435313,0.0245868659290127,0.0388734282342313,0.0038533152756332,0.0065515553469869,1.0257782109747977,0.9950737386862344,53.01746548777243,0.012240779536726,0.0969548843967558,1,272600.0,4126400,140.94921875,0.1169876388915088,1,0.1169876388915088,0.0108742182287565,0,1,8
2022-08-17,17944.25,262800,83.68780763486447,16802.0855034864,418.574025244925,365.2359464174482,191.54282924107144,39.39133250237331,0.0066759231988331,0.0239171474038741,0.0348441435594484,0.0032387274803502,0.0062132484296871,1.0273892351014386,0.9972795454442046,53.33807882747681,0.0101599921050392,0.0982926862915473,0,274355.0,4389200,140.69921875,0.1163993964666962,1,0.1163993964666962,0.0106743290603436,0,2,8
2022-08-18,17956.5,263900,83.83551716655919,16813.5722148945,425.4796249224965,377.28468211845785,184.52134486607144,41.098109426411824,0.000682669936052,0.0240522391251658,0.0352283053349502,0.0032008317601205,0.0062811552609023,1.028712523974587,0.9993973712043782,48.19494280403865,0.0131243664298036,0.0935620952814732,0,276420.0,4653100,116.3984375,0.1140447505366411,1,0.1140447505366411,0.0102760195397806,0,3,8
2022-08-19,17758.44921875,295600,72.41808641390946,16822.97397612689,410.2423016650682,383.87620602778,182.77845982142856,41.4370789949047,-0.011029475746944,0.0056316449827282,0.0212960447089674,0.0056105070575516,0.0070133185747628,1.0290971328780445,1.001065046105743,26.36609563728825,0.026048033536242,0.0781088043445038,0,276980.0,4357500,281.44921875,0.1097186804247747,1,0.1097186804247747,0.0102924786714171,0,4,8
2022-08-22,17490.69921875,287600,60.435051193317534,16829.6180083918,372.2701275840045,381.5549903390249,186.19977678571428,40.02891624576066,-0.0150773300473388,-0.0117216300741173,0.0062535507277643,0.0078270072737077,0.0081512810558798,1.0284445686910346,1.0021839994996955,-9.284862755020413,0.0412385583531151,0.0584176104341429,0,279180.0,4069900,291.099609375,0.1031309175291659,1,0.1031309175291659,0.010645645120128,0,0,8
2022-08-23,17577.5,285600,62.59586922678832,16837.059620248598,345.20173297537985,374.2843388662959,191.8356584821429,38.007947526919445,0.0049626821755044,-0.0138988232984109,0.0103463141255928,0.007945867692444,0.0081099427134947,1.0280512184696486,1.0033973606641342,-29.082605890916057,0.0360859001552757,0.0581749410989538,0,283915.0,4355500,280.3515625,0.0977896220589336,1,0.0977896220589336,0.0109137055031797,0,1,8
2022-08-24,17604.94921875,262000,63.27885991312706,16844.700312771,322.25005968684854,363.8774830304064,188.27134486607144,36.131333716566886,0.0015616110795051,-0.018908607562311,0.0045562998872934,0.0076431836123417,0.0079040132482952,1.027690678329229,1.004596756789455,-41.62742334355784,0.0331931375706202,0.05283384363095,0,286445.0,4617500,124.400390625,0.0891371789736764,1,0.0891371789736764,0.0106942282267735,0,2,8
2022-08-25,17522.44921875,230200,59.74764115862851,16851.444082979746,294.01441754128246,349.9048699325817,192.3713727678572,34.8564396872496,-0.0046861822192667,-0.0241723488012697,-0.0007015087896889,0.0078153555261228,0.007629019855652,1.0270033166872468,1.0055917521901132,-55.89045239129922,0.0331909305073045,0.037580366648041,0,287545.0,4387300,239.05078125,0.0727695274271789,1,0.0727695274271789,0.0109785664302002,0,3,8
2022-08-26,17558.900390625,266600,60.788803148882174,16858.483449224976,271.4496698270523,334.2138299114758,180.7321428571429,33.672609517169256,0.0020802555293466,-0.0112368386263317,-0.005668475529475,0.0074602897995012,0.007475768416098,1.026421406446956,1.0065983312948985,-62.76416008442351,0.0259715761968608,0.0292807842562974,0,291615.0,4653900,166.5,0.0567816769179783,1,0.0567816769179783,0.0102929078038189,0,4,8
2022-08-29,17312.900390625,244900,51.16944730445947,16863.005010830948,231.05336127798728,313.5817361847781,199.80719866071428,31.888153577742013,-0.0140099889245538,-0.0101653356393207,-0.0217678114094946,0.0084873079213335,0.0075389371070551,1.0250181836334606,1.0071265056541585,-82.52837490679082,0.0375365154092055,0.0102606683366255,1,285045.0,4409000,392.701171875,0.0483790855444357,1,0.0483790855444357,0.011540943120594,0,0,8
2022-08-30,17759.30078125,324700,62.70314881633509,16871.923376705767,232.3810326209932,297.34159547202114,219.5,30.67097408765172,0.0257842637890255,0.0103428121888777,-0.0036997640285549,0.0120532992858086,0.00896362896987,1.025150617877039,1.0083980982837837,-64.96056285102793,0.0113581593784639,0.0316557873159377,0,279475.0,4733700,464.75,0.0445838513596452,1,0.0445838513596452,0.012359720841698,0,1,8
2022-09-01,17542.80078125,308500,55.81720927854359,16878.59877376591,213.50235880002947,280.57374813762283,231.4680524553572,29.54073598971073,-0.0121907952721076,-0.0035301685183964,-0.0223720255095642,0.0123128691703292,0.0092259086982384,1.0244679768304608,1.0092287897717551,-67.07138933759336,0.0235359621458603,0.0182458536010667,0,275825.0,4425200,290.8515625,0.0427541514162759,1,0.0427541514162759,0.0131944753486999,0,3,9
2022-09-02,17539.44921875,256300,55.71520422542648,16885.17440008416,196.01093861209665,263.6611862325176,230.24302455357144,28.49122918447981,-0.0001910505934481,0.0009701840072566,-0.0232256164202377,0.0122932865927755,0.0092274820148089,1.023771158052112,1.0100088114776908,-67.65024762042094,0.0233485196367299,0.0165691479569517,1,271960.0,4168900,167.400390625,0.0408163083543665,1,0.0408163083543665,0.0131271524939014,0,4,9
2022-09-05,17665.80078125,230300,58.77394926730925,16892.941826762428,190.1524185091621,248.9594326878465,231.4501953125,27.67510423470386,0.0072038500710118,0.0060881027995396,-0.0052171468554911,0.0122031606889339,0.0093381912808513,1.0234833817482225,1.01096424945759,-58.8070141786844,0.0160937285013595,0.0220958136566239,0,269205.0,4399200,143.701171875,0.039299583252742,1,0.039299583252742,0.0131015965921089,0,0,9
2022-09-06,17655.599609375,251200,58.42309454971612,16900.530461415292,182.5816620566148,235.68387856160007,234.02525111607144,27.242906376719805,-0.0005774531254664,0.0197944429308662,0.0094278901353599,0.0110828635357206,0.009339822533333,1.0231104314842538,1.0118501886451643,-53.10221650498539,0.0165056509516739,0.0198059827006198,0,265515.0,4148000,177.0,0.0373165285179961,1,0.0373165285179961,0.0132550157623537,0,1,9
2022-09-07,17624.400390625,354100,57.29654774583117,16907.733147278075,172.0806284450009,222.9632285382804,236.2109375,26.23496541877399,-0.0017671004916441,-0.0075960417747654,0.002668205980657,0.0110192217856023,0.0093576910060116,1.0225976087487223,1.012633564863323,-50.88260009327945,0.0179478235253391,0.0164261183875426,1,265455.0,3793900,171.298828125,0.0352401077519178,1,0.0352401077519178,0.0134024949651988,0,2,9
2022-09-08,17798.75,279800,61.73680247513945,16916.598986608642,175.80052105333743,213.53068704129177,240.9860491071429,25.934797596827824,0.0098925129655895,0.0145899860541973,0.0110083124263484,0.011430698950578,0.0094701050440826,1.0226268948268018,1.0136732139347098,-37.73016598795434,0.0089195943973947,0.0254665451137371,0,266595.0,4073700,183.25,0.035573753321686,1,0.035573753321686,0.013539492891756,0,3,9
2022-09-09,17833.349609375,270300,62.56859671561004,16925.720883352587,179.4716248868972,206.71887461041285,230.87890625,26.08382041411772,0.0019439347917691,0.0167565347668281,0.0177429756961327,0.0112451005066366,0.0094731630893842,1.0226757685571108,1.0147150381846677,-27.247249723515665,0.0080717473879612,0.0267925319958898,1,264475.0,4344000,139.94921875,0.0361079807742104,1,0.0361079807742104,0.0129464689083775,0,4,9
2022-09-12,17936.349609375,228200,65.00732022035636,16935.77689057669,188.51910937316643,203.0789215629636,220.60044642857144,26.41126746323729,0.005775695663245,0.0153148352274046,0.0214961763181666,0.0113152211646338,0.0094324822606938,1.022960397256134,1.0158759743204466,-14.559812189797157,0.0042515184961496,0.0328035565133963,1,260325.0,4572200,147.201171875,0.0385683066738732,1,0.0385683066738732,0.0122990715074636,0,0,9
2022-09-13,18070.05078125,259900,67.92831576801652,16947.063197946576,204.1248489991849,203.28810705020788,211.4289899553572,27.074300890946585,0.0074542019299801,0.0234742054104426,0.0437333071606533,0.009841319960139,0.0095452805042379,1.0235452017849995,1.0172019764657776,0.8367419489770214,0.0001193731779561,0.0412001454243333,0,258125.0,4832100,151.951171875,0.0432819597703631,1,0.0432819597703631,0.0117005199661498,0,1,9
2022-09-14,18003.75,365900,65.02942582636007,16957.57749448442,208.73640776316824,204.3777671928,225.4289899553572,26.23247872164368,-0.0036690976717561,0.0215241143509647,0.0137645745044245,0.0065724980569857,0.0094886344497628,1.02374811377781,1.0183407748048143,4.358640570368237,0.005390904602991,0.0382662821285067,0,276420.0,4466200,320.400390625,0.0455398991885882,1,0.0455398991885882,0.0125212241869253,0,2,9
2022-09-15,17877.400390625,289600,59.7925985533943,16966.729961112684,199.8915187789571,203.4805175100314,225.1146763392857,25.469179622515288,-0.0070179606679163,0.0044188715850832,0.0190733289140823,0.0055013708726264,0.0095166689667575,1.0234290781751638,1.0191985998079889,-3.588998731074298,0.0119165697480341,0.0312631085487132,0,277760.0,4176600,234.650390625,0.0447341405756276,1,0.0447341405756276,0.0125921370792443,0,3,9
2022-09-16,17530.849609375,468500,48.30288795967886,16972.343091941162,163.0387198593744,195.3921579799,240.3754185267857,24.238609953577427,-0.0193848531485446,-0.0169626013410837,-0.0004903009933634,0.0087203496102925,0.0104382269883395,1.021958153613019,1.0194123255183218,-32.353438120525595,0.030069829638091,0.0126907116880935,1,287990.0,3708100,380.150390625,0.04349345081818,1,0.04349345081818,0.0137115669738128,0,4,9
2022-09-19,17622.25,258300,50.97844724168736,16978.809827344732,139.5986524952059,184.2334568829612,229.28962053571428,23.354776611108782,0.0052136885924867,-0.0175119027124017,-0.0024652593895558,0.0085585128153611,0.010259223800888,1.0208892793285589,1.0197641628769407,-44.63480438775531,0.0242971452021416,0.0181543427790685,1,286125.0,3966400,237.5,0.0434209445408387,1,0.0434209445408387,0.0130113703151251,0,0,9
2022-09-20,17816.25,263100,56.164240430923286,16987.142565381102,135.1188429934191,174.4105341050528,217.31110491071428,21.93360685828427,0.0110088098852303,-0.0140453828449309,0.0090991183635413,0.0092593509437041,0.0099395564670489,1.0205003662091898,1.0204225242578706,-39.291691111633696,0.0137517893164453,0.0276264779784814,0,284900.0,4229500,297.05078125,0.0427497764104033,1,0.0427497764104033,0.0121973538152368,0,1,9
2022-09-21,17718.349609375,245500,53.110873804729806,16994.418257361143,122.25948708896247,163.98032470183475,209.04310825892856,20.453517269293663,-0.0054950054374517,-0.0158522746997152,0.0053306334778897,0.0094536797488631,0.0099933502253183,1.0197727463724102,1.020872424165005,-41.72083761287227,0.0195414476162645,0.0216471279143754,0,282895.0,3984000,175.099609375,0.0423031252763641,1,0.0423031252763641,0.011798113981695,0,2,9
2022-09-22,17629.80078125,284100,50.43986069423135,17000.740471529192,103.72749845767612,151.92975945300304,210.67885044642856,19.59526419880257,-0.0049975776569025,-0.0138498665334386,-0.0094921957300372,0.0089835098248432,0.0100622192062054,1.018784020459118,1.0211402011471609,-48.20226099532693,0.0246685769368202,0.016598512244778,0,284000.0,3699900,190.30078125,0.0421689869276174,1,0.0421689869276174,0.0119501549144272,0,3,9
2022-09-23,17327.349609375,390800,42.56562018830684,17003.990313696813,63.89889538093848,134.32358663859014,225.4501953125,19.62466930669309,-0.0171556772324205,-0.0116081082511354,-0.028373805879631,0.0102489469693973,0.0107391434746541,1.0168905017620165,1.0208694162185443,-70.42469125765166,0.0436077402872391,0.0016125112401323,0,292030.0,3309100,350.5,0.0454408496973442,1,0.0454408496973442,0.0130112337082712,0,4,9
2022-09-26,17016.30078125,492000,36.29094738693614,17004.112805911274,7.152944910492806,108.88945829297067,237.73939732142856,20.51150484769473,-0.0179513217622564,-0.0343854626253741,-0.0512952104615593,0.0107694030646933,0.0113991771386048,1.0141873371765922,1.0200720505971193,-101.73651338247788,0.0667444365474586,-0.0093886623905308,0,303300.0,2817100,349.048828125,0.056687871006133,1,0.056687871006133,0.0139712738025523,0,0,9
2022-09-27,17007.400390625,359900,36.12684032147166,17004.145518196983,-38.09765080607031,79.49203647316249,242.22516741071428,21.42357396737967,-0.0005230508522044,-0.0453995430786501,-0.0588072719600565,0.0099956104767167,0.0110129585343632,1.0117534046013912,1.0192905324432626,-117.5896872792328,0.0698510239881781,-0.0055722895532961,0,309050.0,2457200,234.099609375,0.0635519410419205,1,0.0635519410419205,0.0142423393256641,0,1,9
2022-09-28,16858.599609375,323900,33.40697758704373,17002.697300198754,-84.98638326712899,46.596352525104194,244.6501116071429,22.56831790366894,-0.0087491784653945,-0.0485231423329121,-0.0636062148510726,0.0099932344639804,0.0091738598235437,1.0091131028425266,1.0182851026273998,-131.58273579223317,0.0823242415795276,-0.0060749120886839,0,309010.0,2133300,217.19921875,0.0749187829167576,1,0.0749187829167576,0.0145118881328134,0,2,9
2022-09-29,16818.099609375,340000,32.68568886011926,17000.860507255235,-123.98483310679512,12.48011539872433,251.6145368303572,23.708352783124745,-0.0024023347691036,-0.0460414262161303,-0.0592536251414664,0.0100731927622398,0.0088896575800919,1.0066493584247556,1.0172521696894534,-136.46494850551946,0.0878695007819706,-0.0012497133459448,1,310585.0,1793300,237.451171875,0.0850789425233156,1,0.0850789425233156,0.0149609374825023,0,3,9
2022-09-30,17094.349609375,376100,41.90031434124274,17001.79074707732,-131.0892045412147,-16.23374858926348,272.4859095982143,23.916221966923565,0.016425755966269,-0.0134469497789745,-0.024898964381428,0.0111149021508125,0.0098039533355614,1.0053712502870524,1.016735631287712,-114.85545595195124,0.0706663651786327,0.0179117485958275,0,316575.0,2169400,439.400390625,0.0885436831728191,1,0.0885436831728191,0.0159401156419999,0,4,9
2022-10-03,16887.349609375,278400,37.73223864683981,17000.65202928924,-151.67423396087543,-43.32184566358587,280.13936941964283,24.109243351879616,-0.0121092644487904,-0.0075780966458403,-0.0417029829122274,0.0111354991991567,0.0098794810488624,1.0035699093255552,1.0158834065865607,-108.35238829728956,0.08442391047601,0.0111169220602408,1,318980.0,1891000,259.099609375,0.09455698212572,1,0.09455698212572,0.016588711425985,0,0,10
2022-10-04,17274.30078125,226000,48.12133177333583,17003.374902443076,-135.20572496390378,-61.69862152364946,285.8215680803572,23.415056137949087,0.0229136709327191,0.0156931914634128,-0.0304188153371219,0.0133564090492695,0.0113674309849173,1.0032416353898082,1.0157290759361164,-73.50710344025433,0.0592026825226048,0.0345459093762606,0,317720.0,2117000,399.951171875,0.0950126728662499,1,0.0950126728662499,0.0165460571573812,0,1,10
2022-10-06,17331.80078125,265500,49.47046866757668,17006.64282163519,-116.17534640543454,-72.59396650000647,280.09654017857144,22.128703606290976,0.0033286441360573,0.0280688303203935,-0.0218162998612733,0.0134646103582986,0.0114070716930348,1.003130274447182,1.0156745086310572,-43.58137990542807,0.054852270075728,0.0386007242471943,0,313290.0,2382500,154.5,0.0951079237223338,1,0.0951079237223338,0.0161608446643113,0,3,10
2022-10-07,17314.650390625,216300,49.06065035954303,17009.707573565436,-101.3096924119818,-78.33711168240154,261.54296875,21.310671041742868,-0.0009895331040011,0.0295247853671412,-0.0178760040760174,0.0134291099608372,0.0111275745361121,1.0029662664603294,1.01558703987929,-22.97258072958025,0.0538303783486087,0.0383776046013047,0,310115.0,2166200,120.400390625,0.0938780562147803,1,0.0938780562147803,0.0151052988567191,0,4,10
2022-10-10,17241.0,234000,47.250408430407,17012.00899074389,-94.38353092951002,-81.54639553182324,262.43233816964283,21.091543879781337,-0.0042536458411471,0.0085788809738964,-0.0049834285866939,0.0123585941732141,0.0111182164595868,1.002574223963883,1.0153716454502315,-12.83713539768678,0.0557141773302792,0.0350874622144215,0,308300.0,1932200,249.951171875,0.0922095266877189,1,0.0922095266877189,0.0152214104848699,0,0,10
2022-10-11,16983.55078125,282600,41.48773217555262,17011.72582448027,-108.41871495686792,-86.92085941683217,263.4644252232143,21.26268604248008,-0.0149323831999303,0.0056966412196259,-0.0019246251239333,0.0119118561218106,0.0113540934864896,1.0013895576569152,1.014720124722501,-21.497855540035744,0.0679716876798892,0.0223249463131853,1,311020.0,1649600,311.5,0.0905751612628396,1,0.0905751612628396,0.0155129176823306,0,1,10
2022-10-12,17123.599609375,256000,45.38955005030624,17012.838996469272,-107.00741455856767,-90.93817044517928,263.97865513392856,21.42160376498604,0.0082461453396196,-0.0087240099488469,0.0068322739561099,0.0121989574420072,0.0113925546451617,1.0008078534607898,1.0143343845119,-16.069244113388393,0.0527220802827023,0.029333249330171,0,310825.0,1905600,182.298828125,0.0832138544684782,1,0.0832138544684782,0.0154160726223359,0,2,10
2022-10-13,17014.349609375,266400,42.981695464179005,17012.85402744346,-113.39733687262196,-95.43000373066782,262.2893415178572,21.580171655437084,-0.0063800837728176,-0.0183161101308311,0.0092386084021705,0.0120156564008159,0.0114217252547242,0.9999440900730912,1.0137748381678149,-17.967333141954143,0.0529387253801301,0.0223727061410848,1,305850.0,1639200,166.650390625,0.0761047881952255,1,0.0761047881952255,0.0154157724238447,0,3,10
2022-10-14,17185.69921875,227000,47.67055143758556,17014.573880093278,-103.44249421271888,-97.03250182707804,261.12513950892856,20.47598266193092,0.0100708880038873,-0.0074475180824222,0.0218573809118176,0.0122697131167739,0.0117217054146595,0.9997496019760383,1.01353060815456,-6.409992385640848,0.0368033895364531,0.0305079458547399,1,302720.0,1866200,334.201171875,0.0688432734857545,1,0.0688432734857545,0.0151943273407249,0,4,10
2022-10-17,17311.80078125,212200,50.87239575834988,17017.531361696827,-84.40490031435911,-94.50698152453428,252.62165178571428,19.745550845016123,0.0073375869608156,0.0041065356562843,0.0127206461107911,0.0114078818783389,0.0111326652172266,0.9999911411996154,1.013508884690354,10.102081210175172,0.0277900398432985,0.0373740460565457,1,289905.0,2078400,230.0,0.0671788627858212,1,0.0671788627858212,0.014592453724359,0,0,10
2022-10-18,17486.94921875,239500,54.99164157979319,17022.202186145118,-54.55557218527974,-86.51669965668336,251.3288225446429,18.52457702240877,0.010117285874136,0.0296403528322095,0.0355058445075437,0.0106393436548703,0.0113191738045458,1.000769597921381,1.0137826101896414,31.96112747140361,0.0161929014956967,0.0464865423559902,0,288965.0,2317900,216.0,0.0652967912848178,1,0.0652967912848178,0.0143723653223148,0,1,10
2022-10-19,17512.25,210500,55.57116289967579,17027.078283795418,-28.529334580613067,-74.91922664146931,245.43959263392856,17.724911594303205,0.0014468379208691,0.0226967693411972,0.0137747525508109,0.0081783718574252,0.0110130834125273,1.0015246683539816,1.0140805973890092,46.38989206085624,0.0108643792344409,0.0457396763478899,0,286335.0,2528400,134.75,0.0591051912200639,1,0.0591051912200639,0.0140153088628776,0,2,10
2022-10-20,17563.94921875,249600,56.79533264552039,17032.4202831482,-3.689132858089579,-60.67320788479336,240.13239397321428,16.73300070665824,0.002952174549244,0.0323021227371611,0.0133943633688164,0.0081693647181572,0.0109855988106343,1.0023418888426512,1.014446636221772,56.98407502670378,0.005849864138186,0.0473885516708651,0,286540.0,2778000,163.150390625,0.0557799756080707,1,0.0557799756080707,0.0136718906996648,0,3,10
2022-10-21,17576.30078125,277700,57.0994645713512,17037.83202939797,16.799914877312403,-45.17858333237221,219.41810825892856,16.189104152850504,0.0007032337856462,0.02272829039588,0.0151115029597519,0.008132691221437,0.0109333231289979,1.0030823945735303,1.014809901991906,61.978498209684616,0.0044578359511162,0.0476771989383416,1,286220.0,3055700,149.400390625,0.0546708365465422,1,0.0546708365465422,0.0124837479165694,0,4,10
2022-10-24,17730.75,45000,60.81404901908516,17044.726735573113,44.98187098194467,-27.14649246950884,215.28599330357144,16.13048531657333,0.0087873563767617,0.0242002102521738,0.0284061249347484,0.0081476439543834,0.0103247328536497,1.004212191755378,1.015413091336758,72.12836345145351,-0.0001286502695101,0.0578607140763297,0,268930.0,3100700,201.25,0.0610005389255116,1,0.0610005389255116,0.012141956392345,0,0,10
2022-10-25,17656.349609375,251400,58.199821629772174,17050.812535312434,60.61406331056787,-9.594381313493496,199.1823381696429,15.694523363119988,-0.004196122026705,0.0096872466721276,0.0396147329136717,0.0059599498158297,0.0093983017657575,1.0049365170047837,1.0158531396551798,70.20844462406137,0.0073302472748361,0.053511325235569,0,256900.0,2849300,174.5,0.0638975655301121,1,0.0638975655301121,0.0112810599346018,0,1,10
2022-10-27,17736.94921875,324600,60.196040343685,17057.639765993405,78.6003473550918,8.044564420223564,197.38950892857144,15.289701549199023,0.0045649078749665,0.01283097367557,0.0358189646667046,0.0057730195510878,0.0093984166031667,1.0058058353296222,1.0164025420239184,70.55578293486823,0.0063810115774983,0.0573274050415305,0,255135.0,3173900,129.400390625,0.0670719944054377,1,0.0670719944054377,0.0111287181630935,0,3,10
2022-10-28,17786.80078125,250000,61.42316067352306,17064.895099478545,95.77319770502072,25.590291077183,197.01813616071428,15.172536011389392,0.0028106052447454,0.0126880099529154,0.0453999823448658,0.0046382395820856,0.0090419310023427,1.0066981466763858,1.017003079332696,70.18290662783772,0.0064338596040075,0.0576244369742968,1,251440.0,3423900,115.201171875,0.0674487969912401,1,0.0674487969912401,0.0110766482732747,0,4,10
2022-10-31,18012.19921875,227200,66.45821190858636,17074.32101111309,126.11677977171712,45.695588816089824,196.02162388392856,15.844696779944377,0.0126722303955641,0.0248003515031449,0.0480923114899083,0.0050431922482583,0.009218851850968,1.0081693836506451,1.017950955533539,80.4211909556273,-0.0016183679574999,0.067329543429813,1,245800.0,3651100,236.0,0.069825401315911,1,0.069825401315911,0.0108827146259784,0,0,10
2022-11-01,18145.400390625,349900,69.03068411777406,17084.97851737689,159.07874775392338,68.37222060365654,185.4574497767857,17.01770058772434,0.0073950532223929,0.0233859476121991,0.0481521027135347,0.0050465384763858,0.0087609754594086,1.0098387893452383,1.019070926014101,90.70652715026684,-0.0023050793384923,0.0750258558319974,0,244490.0,4001000,163.6015625,0.0776108003129159,1,0.0776108003129159,0.0102206314429195,0,1,11
2022-11-02,18082.849609375,270900,66.45323566267928,17094.907582968914,178.1009823097338,90.317972944872,181.7289341517857,18.029639404039244,-0.0034471976315451,0.0241556159362374,0.0340768640184565,0.0052549042478553,0.0081674689253416,1.0110474645544674,1.020020698522495,87.78300936486181,0.0046796842005442,0.0687486359297754,0,244115.0,3730100,130.099609375,0.0778290806906271,1,0.0778290806906271,0.0100497951416666,0,2,11
2022-11-03,18052.69921875,213000,65.18974515674029,17104.437848001562,188.5696422416695,109.9683068042315,180.33258928571428,18.368420562691245,-0.0016673473084335,0.0178018212774841,0.0308612096532427,0.005469367898539,0.0068246758543333,1.0119563899213535,1.0208636225713372,78.601335437438,0.0102949494940126,0.0668188289086862,0,243465.0,3517100,147.1015625,0.081418100742935,1,0.081418100742935,0.0099892313664881,0,3,11
2022-11-04,18117.150390625,267900,66.64950268547048,17114.51458971921,199.76404601607285,127.92745464659978,164.88602120535714,18.80297963515998,0.0035701681556883,0.018572739046093,0.031496400096878,0.0054715366875155,0.0068269386322217,1.012902900517632,1.021765354689837,71.83659136947307,0.0108397960903489,0.0699426877413776,0,243585.0,3785000,117.94921875,0.0854049184601187,1,0.0854049184601187,0.0091011013128576,0,4,11
2022-11-07,18202.80078125,314800,68.5376992879053,17125.3433080429,213.09058673230533,144.96008106374092,162.08244977678572,19.68779425020036,0.0047275862251119,0.0105818040420955,0.0356445880050217,0.0054218609039219,0.0068042324039126,1.0139447912093569,1.02275835674043,68.13050566856444,0.010536388111737,0.0738926667750694,0,248510.0,4099800,190.75,0.0894561881945716,1,0.0894561881945716,0.0089042588404165,0,0,11
2022-11-09,18157.0,307200,66.37364193233229,17135.60854875889,217.4496023306965,159.45798531713203,159.43247767857142,20.664710636901084,-0.0025161392359563,0.0006392589375427,0.0240401562257659,0.0053802229298135,0.0067237274279286,1.0146488325296423,1.023614711483272,57.99161701356448,0.0162585012174567,0.0696847366225348,0,252170.0,3792600,178.900390625,0.0905960032295792,1,0.0905960032295792,0.0087807720261371,0,2,11
2022-11-10,18028.19921875,256500,60.58064336492637,17144.49004796278,208.112021149027,169.188792483511,163.20744977678572,20.526842082553223,-0.0070937259046097,-0.0030222222606257,0.0210603900354102,0.0058333675931802,0.0058140815642562,1.014796006235663,1.0242005322808614,38.92322866551598,0.0234604204668276,0.0571850172844437,1,250865.0,3536100,187.599609375,0.0841595975755085,1,0.0841595975755085,0.0090528980624445,0,3,11
2022-11-11,18349.69921875,378500,68.07152747875747,17156.48217901539,224.0713290990097,180.1652998066108,175.41824776785714,21.393377561833123,0.0178331732470333,0.0164518334018177,0.034546527277208,0.0076743660438162,0.0066097038791646,1.015880259158758,1.0252910788417655,43.90602929239893,0.0085334770764807,0.0700267896158763,0,256990.0,3914600,334.1015625,0.0831579622415116,1,0.0831579622415116,0.009559734231971,0,4,11
2022-11-14,18329.150390625,301400,67.1926345267188,17168.150519429415,232.3823182225169,190.608703489792,171.03599330357142,22.321942938396973,-0.0011198455015547,0.0117016194836967,0.030491689654877,0.0078089933162639,0.00629361750621,1.0166931929076937,1.0262817285911068,41.773614732724894,0.0102151055143362,0.0623618790590813,0,258740.0,3613200,88.048828125,0.0764558787290557,1,0.0764558787290557,0.0093313650473975,0,0,11
2022-11-15,18403.400390625,250900,68.76208152833792,17180.4415629239,242.1686223138932,200.92068725461223,167.0859375,22.977920936658897,0.0040509242609507,0.011020260661295,0.0217186789422012,0.0070675582030284,0.0061167451819535,1.0175656447327874,1.0273371520067152,41.24793505928093,0.0076702429078903,0.0610590687033948,0,259935.0,3864100,145.94921875,0.0724487630619868,1,0.0724487630619868,0.0090790796240631,0,1,11
2022-11-16,18409.650390625,219300,68.89696115756504,17192.67249653287,247.5747736981466,210.2515045433192,161.62165178571428,23.64112172906444,0.0003396111515991,0.0139147651387894,0.014562919214311,0.0068367527853265,0.006082501220714,1.018272725464621,1.0283387860310094,37.32326915482744,0.0087891205465931,0.0568753664979724,0,260290.0,4083400,98.0,0.06903003994797,1,0.06903003994797,0.0087791809380594,0,2,11
2022-11-17,18343.900390625,200500,65.6838672812406,17204.127500454186,243.74398320207183,216.95000027506967,159.85379464285714,24.016168315005874,-0.0035714963948192,0.0175115200383773,0.0144363740720743,0.0068467870773665,0.0060207634569736,1.0186091063556355,1.0291676523206017,26.79398292700216,0.0135918971925139,0.0500103166752336,0,258340.0,3882900,104.650390625,0.0664647654270529,1,0.0664647654270529,0.0087142751126447,0,3,11
2022-11-18,18307.650390625,198800,63.91409682494238,17215.107827719567,235.073204514807,220.5746411230172,164.82505580357142,23.598531695209065,-0.0019761337135545,-0.0022915268323326,0.0141226067518036,0.0068631116211529,0.0060978049675632,1.0187157350630578,1.0298819215161763,14.498563391789816,0.0159336236910347,0.0441194263091984,0,257755.0,3684100,184.798828125,0.0624938489221921,1,0.0624938489221921,0.0090030698798997,0,4,11
2022-11-21,18159.94921875,213800,57.15660868537346,17224.50923459549,213.818532806672,219.22341945974813,160.41796875,22.68515271854569,-0.0080677295405768,-0.0092312610387845,0.0023623377408814,0.0074227363232266,0.0065138412174341,1.0182759442388722,1.030299751221108,-5.404886653076119,0.0233132116566161,0.032179617317941,0,255965.0,3470300,174.30078125,0.0571879670813822,1,0.0571879670813822,0.0088336132892029,0,0,11
2022-11-22,18244.19921875,177700,59.769462559102,17234.655403592056,201.45013152187312,215.66876187217315,157.60002790178572,21.83701509735829,0.0046393301536886,-0.0086506389306239,0.0022742894347689,0.007416885147282,0.0065418610261844,1.0180869263672592,1.0308258798356364,-14.218630350300032,0.0175700865446853,0.0319704792208679,0,250965.0,3648000,124.150390625,0.0511961705048767,1,0.0511961705048767,0.0086383636799918,0,1,11
2022-11-23,18267.25,178800,60.4796170678278,17244.929976690644,191.30286940105725,210.79558337795,154.10728236607142,21.41022626368004,0.0012634580983039,-0.0077350947792858,0.0060720383323236,0.0073562152125444,0.0063372864751009,1.017925373132296,1.0313517363205746,-19.49271397689276,0.0160412271740579,0.0300102260826237,1,257655.0,3826800,81.201171875,0.0475801174275963,1,0.0475801174275963,0.0084362606504028,0,2,11
2022-11-24,18484.099609375,204000,66.47507672667135,17257.260022787006,198.4711899186332,208.33070468608665,162.34640066964286,21.999041087612245,0.0118709498898301,0.007642824904438,0.0252881824242792,0.0075848641136686,0.0065891718927847,1.018390094990458,1.032202159798405,-9.859514767453447,0.0043526598132656,0.037142972940289,0,255285.0,4030800,262.44921875,0.0432832566810555,1,0.0432832566810555,0.0087830299609131,0,3,11
2022-11-25,18512.75,205900,67.18343193064965,17269.752460371215,204.111116756696,207.4867871002085,160.33579799107142,22.568278446266767,0.0015500019600884,0.0112029454899371,0.0088857468074132,0.0053531675512489,0.0065694214864907,1.0188104749714086,1.033044511064911,-3.375670343512496,0.0031698247518957,0.0348139682307142,0,249350.0,4236700,89.80078125,0.0395970568036216,1,0.0395970568036216,0.0086608309403557,0,4,11
2022-11-28,18562.75,206500,68.43682730577464,17282.6181075317,210.19241423088897,208.02791252634464,164.47154017857142,22.46006615052909,0.0027008413120686,0.0221807217849547,0.0127447047133446,0.0053294476200208,0.0065688979735708,1.019256673682625,1.0339145044461042,2.164501704544336,0.0009573435189903,0.0337232427156342,0,247175.0,4443200,248.650390625,0.036174170323477,1,0.036174170323477,0.0088603003422753,0,0,11
2022-11-29,18618.05078125,195300,69.81023841522395,17295.90599483238,216.9730667194308,209.81694336496187,160.68931361607142,22.675401845919342,0.0029791265437502,0.020491530377271,0.0116636266162173,0.0052780593032403,0.0060926154258723,1.019739466158588,1.034819101357236,7.156123354468917,0.0004278780150489,0.0357829003692368,1,245580.0,4638500,125.94921875,0.0378200388946689,1,0.0378200388946689,0.0086308344253685,0,1,11
2022-11-30,18758.349609375,345600,73.01799617466337,17310.457672589026,231.00484550852343,214.0545237936742,161.53934151785714,23.4890627749495,0.0075356346254191,0.0268841565848718,0.0189411103063408,0.0056306150626263,0.0060996414337127,1.0205133891291769,1.0358979633775738,16.950321714849224,-0.0027563428096739,0.0440251893726093,0,245365.0,4984100,199.5,0.0433550510469689,1,0.0433550510469689,0.0086115966959653,0,2,11
2022-12-01,18812.5,325000,74.15924240661711,17325.403367389135,243.68555981754616,219.98073099844865,146.90708705357142,24.52952423860803,0.0028867353340049,0.0177666425503593,0.0255452547929493,0.0052946316536559,0.0059827306389379,1.0212700241811732,1.036997642212217,23.704828819097514,-0.0015926316610378,0.0469325552160387,0,248070.0,5309100,129.25,0.0476744867418008,1,0.0476744867418008,0.0078090145942097,0,3,12
2022-12-02,18696.099609375,254400,67.54561333083691,17339.04213596611,241.55804773267664,224.29619434529425,152.99651227678572,24.38774826691253,-0.006187396179402,0.0099039639910332,0.0212178630496961,0.0058336347215909,0.0062095063170679,1.0214854115547225,1.0378323021782432,17.261853387382388,0.0063804062930637,0.0393145086287051,0,250140.0,5054700,173.30078125,0.0476669272399466,1,0.0476669272399466,0.008183338529073,0,4,12
2022-12-05,18701.05078125,288400,67.67765640910052,17352.594460794808,237.53336054814645,226.9436275858647,152.37513950892858,23.90609405459752,0.0002648237856262,0.0074504467953293,0.0297964248678248,0.0047027031961392,0.0062030767957558,1.0216039752076715,1.0386173443755529,10.589732962281744,0.0077666288769818,0.0380992325972356,0,251165.0,5343100,137.25,0.0477820580887199,1,0.0477820580887199,0.0081479453369381,0,0,12
2022-12-06,18642.75,217800,64.35725345946821,17365.431829344114,227.02240814661127,226.959383698014,154.17159598214286,23.358351979558755,-0.0031175136590962,0.0013266275315391,0.021845342537172,0.0050220427180783,0.0062431731862565,1.0214448890190646,1.0392497705685295,0.0630244485972753,0.0120358821405538,0.0338489235708681,0,246315.0,5125300,123.150390625,0.0475959232726459,1,0.0475959232726459,0.0082697883081703,0,1,12
2022-12-07,18560.5,200500,59.89281901627489,17377.32305492278,209.6389279671021,223.49529255183165,156.689453125,22.473995898658625,-0.0044119027503989,-0.0105472823300041,0.016053319465163,0.0054397695568919,0.0063167332103584,1.0209730828288366,1.0396973928029591,-13.856364584729562,0.0166657758272511,0.0275386013505399,0,240980.0,4924800,139.900390625,0.0456006379418285,1,0.0456006379418285,0.0084420922456291,0,2,12
2022-12-08,18609.349609375,202800,61.5967304643405,17389.58202561385,197.5271795376612,218.3016699489976,149.77887834821428,21.652808109251364,0.0026319123609277,-0.0107986918604651,0.0067760941915977,0.0041296762826018,0.0060185796253944,1.0206325871746027,1.0401871582728273,-20.774490411336444,0.0130505525602879,0.0260219493516566,0,238295.0,5127600,88.05078125,0.0403492340861968,1,0.0403492340861968,0.008048582110186,0,3,12
2022-12-09,18496.599609375,215800,55.713382339777496,17400.597125949782,176.79259396431007,209.9998547520601,155.51450892857142,20.26185245176068,-0.0060587824059793,-0.010670674855624,-0.0008723928441209,0.0046236356268889,0.0048939719169452,1.0199141467556698,1.0404486022367585,-33.207260787750016,0.019318317237943,0.0193831517899863,0,230160.0,4911800,254.599609375,0.0397081566467785,1,0.0397081566467785,0.0084077350547042,0,4,12
2022-12-12,18497.150390625,193900,55.73562406709962,17411.508103707743,158.57675483744242,199.71523476913657,159.20744977678572,19.39558103769301,2.977743269738653e-05,-0.0109031515399891,-0.0035339380951098,0.0045213089908083,0.004881792318475,1.0192164593702888,1.0406811270332148,-41.13847993169415,0.0192951417125144,0.0185112794178468,1,224785.0,5105700,175.8515625,0.0387733731568914,1,0.0387733731568914,0.0086071338781717,0,0,12
2022-12-13,18608.0,187600,60.080891730372336,17423.41349571065,151.34064738235247,190.0403172917798,162.482421875,18.11481208956379,0.0059927938646799,-0.0018639953869467,-0.0005398406830064,0.0048555610040834,0.0049752281446093,1.0188756955638971,1.0410687828774057,-38.699669909427314,0.0137488596958969,0.0237843304107774,0,221620.0,5293300,127.05078125,0.0387024391313466,1,0.0387024391313466,0.0087318584412618,0,1,12
2022-12-14,18660.30078125,208000,61.977433069961975,17435.720831885174,148.1187947764265,181.65601278870912,150.02887834821428,17.439416247448996,0.0028106610731943,0.0053770524096872,-0.005226943210185,0.0042250534921565,0.0049999650953951,1.0186671006436665,1.0415064755405543,-33.53721801228261,0.0116871557096263,0.0259568379415206,0,221055.0,5501300,88.099609375,0.0388994640676799,1,0.0388994640676799,0.0080400032189708,0,2,12
2022-12-15,18414.900390625,183100,49.979083139151406,17445.46391207164,124.33048827148376,170.19090788526407,163.08607700892858,17.100158604167895,-0.0131509343553336,-0.0104490066999461,-0.0211348629568106,0.0056075893345258,0.0058209366164827,1.0176677112902124,1.0414991102241895,-45.86041961378031,0.0250306807332641,0.0124525937582228,0,220185.0,5318200,272.6015625,0.0382166818195714,1,0.0382166818195714,0.0088562019641417,0,3,12
2022-12-16,18269.0,277700,44.46727215764442,17453.65830100625,92.63727693403052,154.68018169501738,158.5966796875,17.42524269706444,-0.0079229530179417,-0.0123049432966934,-0.0228443161032815,0.0057719248991261,0.0060843705661894,1.0162885633616143,1.0412338395019136,-62.04290476098686,0.0334047279424228,0.0049652971614554,1,224130.0,5040500,185.798828125,0.0388148785989025,1,0.0388148785989025,0.008681191071624,0,4,12
2022-12-19,18420.44921875,154800,50.56209836264981,17463.278111133055,78.8321370464655,139.51057276530702,162.96456473214286,17.776140495344684,0.0082899566889265,-0.0041466480109214,-0.0150045880192644,0.0066571238888162,0.0060546155721143,1.015490768735718,1.041215177464036,-60.67843571884151,0.0235224234599229,0.0103462234359599,0,221180.0,5195300,187.099609375,0.0345210702661049,1,0.0345210702661049,0.008846937596194,0,0,12
2022-12-20,18385.30078125,169000,49.21217671034288,17472.452466059593,64.31390836479477,124.47123988520458,164.27162388392858,18.301447075915213,-0.0019081205394395,-0.011967928780632,-0.0138096160035402,0.0066352353772932,0.0060089411843315,1.0146322753219346,1.04112244299365,-60.15733152040981,0.0246875698350232,0.0068951736931496,0,220745.0,5026300,217.798828125,0.0321174876278276,1,0.0321174876278276,0.0089349435094071,0,1,12
2022-12-21,18199.099609375,187600,42.70720134170631,17479.68278589358,37.35265100462857,107.0475221090894,177.22516741071428,18.25745128183407,-0.0101277196435586,-0.0247156343984775,-0.0194714792502895,0.0071524456927098,0.0064469306448335,1.0132635526627056,1.0407100475313085,-69.69487110446083,0.0357746384432556,-0.0022880060964862,0,221185.0,4838700,310.599609375,0.0337149203573411,1,0.0337149203573411,0.0097381283258331,0,2,12
2022-12-22,18127.349609375,195700,40.48641594449172,17486.12723189837,10.079840810711175,87.65398584941374,182.71442522321428,18.69281221196646,-0.0039425027358517,-0.0156151146707473,-0.0259009589328784,0.006985580585154,0.0058333477173468,1.011805097604738,1.040183119374678,-77.57414503870257,0.0416458878989519,-0.0025156071141407,0,220770.0,4643000,250.150390625,0.0392795002685691,1,0.0392795002685691,0.0100794892337001,0,3,12
2022-12-23,17806.80078125,221500,32.3843222001251,17489.318013483957,-36.97346219233441,62.728496241064114,197.7572544642857,20.238556604187465,-0.0176831602541178,-0.0252996452323608,-0.0372932778290435,0.0084409008538064,0.0068881465325757,1.0095121369952154,1.0391368605357196,-99.70195843339852,0.0651163634438364,-0.0118785785781829,1,221550.0,4421500,347.849609375,0.0525960017330772,1,0.0525960017330772,0.0111057149958412,0,4,12
2022-12-26,18014.599609375,176700,40.67280985395466,17494.544696030134,-56.84069093754806,38.81465880534168,211.09291294642856,21.415301089302,0.0116696328935068,-0.0220325576513025,-0.0260878444008636,0.009726425656408,0.0074719776939574,1.0081182733281826,1.0384695556291246,-95.65534974288974,0.0536438227422481,0.0036498779437856,1,220060.0,4598200,309.849609375,0.057348556334847,1,0.057348556334847,0.0117178798043656,0,0,12
2022-12-27,18132.30078125,214300,44.80030829026509,17500.890527723866,-62.36915911043616,18.577895222186115,214.08579799107144,22.009546110463013,0.0065336546149905,-0.0137609932527195,-0.0255642314461521,0.0097808514753561,0.007624122637124,1.0072369524464075,1.0380140156122142,-80.94705433262227,0.0462593740506242,0.0122513591755815,0,221010.0,4812500,181.80078125,0.0590270492698858,1,0.0590270492698858,0.0118068744046232,0,1,12
2022-12-28,18122.5,193900,44.5225431798082,17507.075696602238,-66.7716490993298,1.5079863578829311,215.2785993303572,22.37855128240773,-0.0005405150382313,-0.0042089779724894,-0.0288205848102076,0.0096333317518179,0.0073404916832842,1.0064136512352455,1.0375494704445398,-68.27963545721273,0.0448624809245444,0.0132630792829387,0,213425.0,4618600,104.75,0.0587079976765911,1,0.0587079976765911,0.0118790784566344,0,2,12
2022-12-29,18191.0,281100,46.99608468264648,17513.88091355147,-63.9955754541661,-11.592726004526876,214.01422991071428,23.049165670405845,0.0037798317009243,0.0035112905083531,-0.0121586533663243,0.0091003491776306,0.0073724910392867,1.0058843530685846,1.0372057515429458,-52.40284944963923,0.0377766461700188,0.0172439565845096,0,211230.0,4899700,236.8984375,0.055876301963094,1,0.055876301963094,0.0117648414001821,0,3,12
2022-12-30,18105.30078125,192000,44.33290873926539,17519.76568835444,-67.92769958739518,-22.859720721100537,214.6640625,23.38046726258232,-0.0047110779368918,0.0167632582442496,-0.0089604914746291,0.0088903819096681,0.0073319749271113,1.0051389580044483,1.0367226173349466,-45.067978866294645,0.0405609720801637,0.0137274653183965,1,208110.0,4707700,184.94921875,0.0549613585463263,1,0.0549613585463263,0.0118564206744528,0,4,12
2023-01-02,18197.44921875,256100,47.76082561505033,17526.508808059873,-62.88344627767583,-30.8644658324156,214.7783203125,23.688104455317617,0.0050895833553579,0.0101500790103512,-0.012106110841912,0.0085762980507356,0.0074738205533494,1.004755012784587,1.0364005234781102,-32.018980445260226,0.032596541531211,0.0187939653202166,0,206495.0,4963800,128.650390625,0.0523641673270868,1,0.0523641673270868,0.0118026607867216,0,0,1
2023-01-03,18232.55078125,208700,49.04793859250682,17533.534101325447,-55.41465084951778,-35.77450283583604,215.78180803571428,23.646914499478708,0.0019289276248581,0.0055288074695774,-0.0083082676654264,0.0086259941154341,0.0074957122091671,1.004511424571562,1.03613750239811,-19.64014801368174,0.0282524733304899,0.0205767161371289,0,206040.0,5172500,102.1484375,0.0499061575696279,1,0.0499061575696279,0.0118349763905563,0,1,1
2023-01-04,18042.94921875,235200,42.89940215616727,17538.602908464003,-64.05643547589716,-41.430889363848266,212.1960100446429,24.26404945103018,-0.0103990694870288,-0.0043896140847012,-0.0085801162682005,0.0086589594380874,0.0077507862695017,1.0036997497062148,1.035560336267952,-22.62554611204889,0.0374665529387664,0.0115618810350298,0,207775.0,4937300,222.400390625,0.0496589129699259,1,0.0496589129699259,0.0117606056233939,0,2,1
2023-01-05,17992.150390625,269900,41.40189909371555,17543.115818734263,-74.14940475752155,-47.97459244258293,215.18903459821428,25.38334952403142,-0.0028154392892826,-0.010931208255456,-0.0074583003948949,0.0086211611207832,0.0076977523651745,1.002823652380871,1.034913632443652,-26.17481231493862,0.0380594919210867,0.0098652848335992,0,211130.0,4667400,227.701171875,0.0484862675447577,1,0.0484862675447577,0.0119601620665832,0,3,1
2023-01-06,17859.44921875,238200,37.69969727398929,17546.26341475432,-91.7978427800772,-56.73924251008179,219.81403459821428,26.784941192670665,-0.0073755037054461,-0.0135789825018872,0.0029566477519891,0.0067883393354355,0.0077428810935764,1.0016419268052554,1.0340660658227891,-35.05860026999542,0.044831922843209,0.0051351936738862,1,212250.0,4429200,251.849609375,0.0502674531262303,1,0.0502674531262303,0.012307996282855,0,4,1
2023-01-09,18101.19921875,257200,46.99808764434016,17551.78516404781,-85.29393703957248,-62.45018141597993,224.39634486607144,27.24807526503199,0.0135362517084902,-0.0052892028351329,0.00480719034854,0.0071511894732363,0.008459602672377,1.0013535376031626,1.033645131875396,-22.84375562359256,0.0288327640315648,0.0185645713380127,0,215415.0,4686400,281.951171875,0.0483802511649096,1,0.0483802511649096,0.0123967667641396,0,0,1
2023-01-10,17914.150390625,283300,41.79974989232716,17555.39078819286,-94.14754775382244,-68.78965468354843,221.6106305803572,28.0078848852738,-0.0103335047509585,-0.0174632937785335,-0.0120310374980422,0.0075487689121451,0.0085319104776903,1.000520319909841,1.0329231509429777,-25.357893070274,0.0360648230064729,0.0086798069059194,0,220200.0,4403100,271.599609375,0.0452869300084259,1,0.0452869300084259,0.0123707028102394,0,1,1
2023-01-11,17895.69921875,259900,41.31430669234007,17558.776941730746,-101.48311917235333,-75.32834758130942,214.5998883928572,28.84022363638843,-0.0010299775022909,-0.0081610826597561,-0.0125148727410677,0.0075457188081822,0.0084641196757469,0.999736355914868,1.032193143248497,-26.15477159104391,0.0318387312098748,0.0066359448385858,0,222795.0,4143200,152.0,0.0389829453078087,1,0.0389829453078087,0.0119917017921273,0,2,1
2023-01-12,17858.19921875,227800,40.29017480827442,17561.756267870245,-109.06531194559284,-82.07574045416611,202.90708705357144,29.860791809976355,-0.0020954755408891,-0.0074449784470896,-0.0182948040926832,0.0073379102034671,0.008052360916062,0.9989390981630556,1.0314243859659185,-26.98957149142673,0.0319094504965824,0.0055713319984049,1,225030.0,3915400,184.150390625,0.0379546444968678,1,0.0379546444968678,0.0113621247343086,0,3,1
2023-01-13,17956.599609375,256700,44.199011687057165,17565.685057337956,-105.9132630206841,-86.84324496746972,196.853515625,30.295219689991573,0.0055100959183882,0.005439719301254,-0.0082131290538401,0.0075978057890788,0.0080489012018253,0.9985539956809366,1.0308431358906218,-19.070018053214383,0.0250994713184892,0.0116052378808571,0,223980.0,4172100,225.099609375,0.0374058553858108,1,0.0374058553858108,0.0109627390434336,0,4,1
2023-01-16,17894.849609375,206200,42.32644057874036,17568.960326512457,-107.16264619324284,-90.90712521262436,197.86774553571428,30.22931838509704,-0.0034388470725693,-0.011399775610516,-0.01662868272017,0.0073376493738253,0.0077718700854625,0.998032994476366,1.030176381509793,-16.25552098061847,0.0254275707816475,0.0079225012909604,1,226550.0,3965900,196.0,0.0339195697739336,1,0.0339195697739336,0.0110572455122535,0,0,1
2023-01-17,18053.30078125,219100,48.37097506831422,17573.779634519797,-94.28030139318798,-91.58176044873709,203.6071428571429,29.95878560601807,0.0088545685118242,0.0077676243411366,-0.0098313177432275,0.0080092172173793,0.0081017327473466,0.9980782881531004,1.0297916104292772,-2.698540944450897,0.0131720749371616,0.0152133502839269,1,229055.0,4185000,185.1015625,0.0291525860190806,1,0.0291525860190806,0.0112781117051241,0,1,1
2023-01-18,18165.349609375,255800,52.18714193123981,17579.665902926314,-74.17450876330622,-88.10031011165091,197.49302455357144,28.728042145575728,0.00620655632356,0.0150678879505572,0.0067838350117286,0.0075422760865839,0.0079421129317941,0.9984720936314254,1.0295985335657405,13.925801348344692,0.0066130788881942,0.0211641015630392,0,232465.0,4440800,151.30078125,0.0287076486480826,1,0.0287076486480826,0.0108719638652947,0,2,1
2023-01-19,18107.849609375,237800,50.139026001251366,17584.921462194463,-62.16370816994458,-82.91298972330966,191.5394810267857,27.58520893230784,-0.003165367099256,0.0139795948945895,0.0064305386648104,0.0075611960548299,0.0079240129009134,0.998641932895892,1.02930832930967,20.749281553365087,0.0096829857960827,0.0180370652326703,0,234570.0,4203000,101.599609375,0.0285594662992051,1,0.0285594662992051,0.010577704429775,0,3,1
2023-01-20,18027.650390625,237200,47.34790438192185,17589.32672516392,-58.44277691395109,-78.01894716143795,191.5823102678572,26.84083566990241,-0.0044289753051891,0.0039568060098029,0.0094180492250797,0.0072645622072863,0.0068509787244304,0.998546166375176,1.028888550956882,19.576170247486857,0.0135564109414572,0.0118252377880644,1,235355.0,3965800,129.25,0.0260185008715565,1,0.0260185008715565,0.0106271369877178,0,4,1
2023-01-23,18118.55078125,202500,50.69793136224198,17594.59263616975,-47.61018961892478,-71.93719565293532,193.9252232142857,25.9876162844133,0.0050422760956287,0.0125008690633423,0.0009585863505676,0.0060210641348718,0.0064371335719308,0.9987499820259316,1.0286276285199287,24.327006034010537,0.0088617864458613,0.0165995289055166,0,236645.0,4168300,134.94921875,0.0262242164827405,1,0.0262242164827405,0.0107031310371119,0,0,1
2023-01-24,18118.30078125,216900,50.68837923737857,17599.803662488957,-38.60049655736293,-65.26985583382084,186.7965959821429,24.827050143744668,-1.3798013043020418e-05,0.0036004496234565,0.0113960409047273,0.0047904274376433,0.0062680918953859,0.9989310384455908,1.0283676689336378,26.66935927645791,0.0087852445902086,0.0165727673491594,0,236775.0,3951400,122.599609375,0.0261184703929539,1,0.0261184703929539,0.0103098297261657,0,1,1
2023-01-25,17891.94921875,257200,42.82154107388104,17602.71058344678,-49.15826342870059,-62.0475373527968,189.97154017857144,25.201516529532885,-0.0124929796250122,-0.0150506539375327,-0.0002095475540888,0.0064518487477518,0.0068619945103268,0.9983910200548152,1.0277364178299655,12.889273924096209,0.0212873813625391,0.0051599397037447,0,239940.0,3694200,272.150390625,0.0269173250895956,1,0.0269173250895956,0.0106177106728812,0,2,1
2023-01-27,17604.349609375,476300,35.3206910573673,17602.726892162485,-79.81222895122119,-65.60047567248168,200.43931361607144,26.892552037335843,-0.0160742469061787,-0.0278056208142639,-0.0142147372344504,0.0082261480540366,0.0075898611782642,0.997034278054628,1.026651415445036,-14.211753278739508,0.0394319593121107,-0.0063002355567222,0,249700.0,3217900,398.3984375,0.033232533002614,1,0.033232533002614,0.011385783517349,0,4,1
2023-01-30,17648.94921875,432400,37.1590009166896,17603.186815810124,-99.36152393808516,-72.35268532560238,201.9856305803572,28.70895720431888,0.0025334426073457,-0.0210066849350449,-0.017132998302439,0.0079990393725922,0.0076069410424414,0.9960020301184992,1.0256824378599083,-27.008838612482776,0.037492592461803,-0.0004842391085965,0,261720.0,3650300,303.599609375,0.0372622188814636,1,0.0372622188814636,0.0114446264237516,0,0,1
2023-01-31,17662.150390625,398300,37.72321721596671,17603.773518047088,-112.4925131492928,-80.38065089034046,196.73911830357144,30.162439364342216,0.0007479862801675,-0.0251896741707017,-0.0130036979259154,0.0080073495343609,0.007477409381584,0.9951588436203226,1.0247724851941442,-32.11186225895234,0.0359457824806871,0.0025229584045293,0,268830.0,4048600,198.1484375,0.0388193689112295,1,0.0388193689112295,0.0111390240685528,0,1,1
2023-02-01,17616.30078125,512900,36.49754582984253,17603.89816743219,-125.15587794412204,-89.33569630109679,230.08189174107144,29.696381806255665,-0.0025959245256645,-0.0277067924890341,-0.0242060997761619,0.0071724107937612,0.0074376584743571,0.9942992945670728,1.023821672489429,-35.82018164302525,0.0372495772808556,0.0020325829886818,0,284040.0,3535700,618.798828125,0.0396052570047068,1,0.0396052570047068,0.0130607381537195,0,2,2
2023-02-02,17610.400390625,490100,36.33393668081506,17603.962866170426,-134.1217262184873,-98.2929022845749,231.7819475446429,29.26361407374672,-0.0003349392530399,-0.0157360623307576,-0.0305498782398107,0.0065708827201291,0.0071525062996865,0.9935531427877328,1.0228982146586156,-35.82882393391242,0.0375944982922959,0.0041518138878272,1,296785.0,3045600,207.951171875,0.0421264025828198,1,0.0421264025828198,0.013161651206297,0,3,2
2023-02-03,17854.05078125,424100,46.91616738367129,17606.451303136393,-120.1813001018927,-102.67058184803848,236.13922991071428,27.508438103749523,0.0138355963078902,0.0141840611789501,-0.0140159562620622,0.0084705759799663,0.0078847352468008,0.9936889869830804,1.022412832064698,-17.510718253854222,0.0229564665874688,0.0180372288532097,0,304495.0,3469700,286.1015625,0.0419554496784622,1,0.0419554496784622,0.0132260870546365,0,4,2
2023-02-06,17764.599609375,282500,44.0231318377775,17608.024918123843,-115.02543238117504,-105.1415519546658,233.2607421875,25.878631845894983,-0.0050101331608701,0.0065528201816194,-0.0145915177824169,0.008495789165088,0.0077910813094272,0.9935508026835868,1.021794823576223,-9.883880426509236,0.0280828884924881,0.0136020834768071,0,306710.0,3187200,155.701171875,0.0424604481127365,1,0.0424604481127365,0.0131306501309717,0,0,2
2023-02-07,17721.5,354400,42.65821587390933,17609.154023416144,-113.1132492181532,-106.73589140736328,231.36774553571428,24.612022159939407,-0.0024261514654264,0.003360270865234,-0.0219140474336881,0.0081856000693353,0.0070920868170504,0.9933194575742176,1.0211273712177449,-6.377357810789917,0.0291898052745058,0.0119522689485741,1,311570.0,2832800,158.599609375,0.0418501805093343,1,0.0418501805093343,0.0130557653435496,0,1,2
2023-02-08,17871.69921875,291000,48.63504590161315,17611.766413419467,-98.34435607939304,-105.05758434176924,233.21763392857144,22.89945314385463,0.0084755364246817,0.0144978472308916,-0.0136106341029065,0.0088489200014317,0.0070411338553273,0.99361304640321,1.020732106719361,6.713228262376205,0.0203956615537934,0.0203491385398191,0,311955.0,3123800,177.19921875,0.0418023104713089,1,0.0418023104713089,0.0130495500776944,0,2,2
2023-02-09,17893.44921875,260900,49.45660793242561,17614.569227402855,-83.91750981877703,-100.8295694371708,235.7533482142857,21.32839543658229,0.0012170079483646,0.016072821846554,8.383658938782013e-05,0.0079437178406648,0.0070433569233594,0.9939601801191909,1.020383910703356,16.91205961839377,0.0191474989036481,0.0215446641546357,0,312005.0,3384700,137.099609375,0.0417993784059945,1,0.0417993784059945,0.0131753998534417,0,3,2
2023-02-10,17856.5,232000,48.05055224628285,17616.97649877198,-74.60561626907656,-95.58477880355196,233.1247209821429,19.869556136972257,-0.0020649578680046,0.0001371800035749,0.0143231869520883,0.0057071974610223,0.0070428784050048,0.9941688473993164,1.0199837625215211,20.979162534475392,0.0212523560220894,0.0195255360440702,0,312215.0,3152700,92.44921875,0.0418011429791067,1,0.0418011429791067,0.0130554543713573,0,4,2
2023-02-13,17770.900390625,231300,44.86806452558438,17618.508079785443,-73.28822558889806,-91.12546816062118,234.9818638392857,18.915000500372827,-0.0047937507000251,0.0003546818610353,0.0069098262091116,0.0060130520485938,0.0069967631905215,0.9941039331973148,1.0194540936480254,17.837242571723124,0.0256693103166201,0.0153454519988229,1,310945.0,2921400,160.94921875,0.0418641584314048,1,0.0418641584314048,0.0132228451386317,0,0,2
2023-02-14,17929.849609375,244500,51.31606846933737,17621.606005453,-58.74117868175745,-84.64861026484844,239.34263392857144,17.609440434525673,0.0089443537049958,0.011756883411393,0.0151566605894202,0.0065538603520458,0.0072654218790602,0.9945671190267924,1.0192049687772688,25.907431583091,0.0167265476770511,0.0240291287103602,0,312860.0,3165900,183.650390625,0.0419676778822923,1,0.0419676778822923,0.0133488366686258,0,1,2
2023-02-15,18015.849609375,229300,54.42206815092355,17625.52882738257,-39.81410570686057,-75.68170935325088,232.78180803571428,16.909431226247715,0.0047964707944361,0.0080658469494476,0.0226806315972001,0.0064535820587178,0.007062565497511,0.9952592362393942,1.0191023283101104,35.86760364639031,0.0115735158633533,0.0285962654713103,0,313370.0,3395200,180.298828125,0.0415671193899712,1,0.0415671193899712,0.012920945338852,0,2,2
2023-02-16,18035.849609375,230200,55.13887500927702,17629.611621233245,-22.93603878115028,-65.13257523883077,213.9033203125,16.849092017301583,0.0011101336008929,0.0079582415265013,0.0241589747713226,0.0064049188642825,0.0069141834776866,0.9959410415454952,1.0190301060910494,42.196536457680494,0.0091110168279849,0.0290507094215661,0,312090.0,3625400,134.099609375,0.039547386373786,1,0.039547386373786,0.0118598970908092,0,3,2
2023-02-17,17944.19921875,208100,51.167586172792696,17632.741846084158,-16.762244985722646,-55.45850918820914,203.0212053571429,15.963497731194604,-0.0050815676893513,0.0049113330579901,0.0050491867982516,0.0053638725807435,0.0069685321587634,0.9962622458253284,1.0188027093546634,38.696264202486496,0.012863090444704,0.0236015777039266,0,310605.0,3417300,151.25,0.0376139184283283,1,0.0376139184283283,0.0113140298367287,0,4,2
2023-02-20,17844.599609375,174600,47.18989904096085,17634.84988352984,-19.67947230428399,-48.302701811424114,202.1498325892857,14.937395032678564,-0.0055505184801407,0.0041471854059167,0.0045033381983898,0.005428077303527,0.007006807748957,0.996243996434386,1.0184147715183889,28.623229507140124,0.0174116871413123,0.0180729187923888,0,307475.0,3242700,185.94921875,0.0364184780453907,1,0.0364184780453907,0.0113283479043756,0,0,2
2023-02-21,17826.69921875,198200,46.49039776787279,17636.758832139,-23.16873316151396,-43.27590808144208,166.84988839285714,14.10242561801374,-0.001003126492992,-0.0057529980938081,0.00593624798973,0.0053621825957998,0.0068850723676262,0.9961860652856488,1.0180090525285634,20.107174919928124,0.0160886482040313,0.0163794361395259,0,307260.0,3044500,124.599609375,0.0333163956730756,1,0.0333163956730756,0.0093595503208673,0,1,2
2023-02-22,17554.30078125,204000,37.404125374148855,17635.9383540207,-47.36824328428338,-44.09437512201034,173.22837611607142,14.797138963694511,-0.0152803631315826,-0.0256190431277146,-0.0177598354591265,0.0066058910742444,0.0076034032680741,0.9952968340022028,1.0171667875752453,-3.27386816227304,0.0296547993103414,0.0021280358146612,0,306615.0,2840500,297.25,0.0321657907487982,1,0.0321657907487982,0.0098681444664033,0,2,2
2023-02-23,17511.25,240800,36.19994509521296,17634.697673881194,-69.22241475329429,-49.11998304826713,164.55329241071428,15.762895474862054,-0.0024524349779846,-0.0290864927761603,-0.0213597285843304,0.0065228875243812,0.0071616536227597,0.9944046315302912,1.0162878156497788,-20.10243170502716,0.0323700446940417,0.0020327057512191,0,305795.0,2599700,164.650390625,0.0347690765785338,1,0.0347690765785338,0.0093970043492448,0,3,2
2023-02-24,17465.80078125,209400,34.92174736734607,17633.017107785363,-89.18134814350924,-57.13225606731556,166.14243861607142,16.80300064308801,-0.002595429723749,-0.0266603391808155,-0.0218799439279814,0.0065243881907323,0.0062495601036423,0.9935052258229682,1.0153702518650545,-32.04909207619368,0.035872501728275,0.0010451102522989,0,292450.0,2390300,177.94921875,0.0372283869004058,1,0.0372283869004058,0.0095124432424781,0,4,2
2023-02-27,17392.69921875,246400,32.90899795314593,17630.625885008893,-109.6338411342076,-67.63257308069397,166.72823660714286,18.26274518263765,-0.0041854114458053,-0.0253242101541794,-0.0212820489430304,0.0065002108615626,0.0062654724074409,0.9925153854538804,1.0143705911965992,-42.00126805351363,0.0415890749842446,-0.0003173822644529,0,283150.0,2143900,166.80078125,0.0414748316545636,1,0.0414748316545636,0.0095861047506302,0,0,2
2023-02-28,17303.94921875,420900,30.60287550395968,17627.375370916765,-131.48825768094684,-80.40371000074455,167.30329241071428,19.78284526556805,-0.0051027157362857,-0.0293239928258942,-0.0349082900448721,0.0052360322249998,0.0063299520819033,0.9914002687087644,1.013267227347344,-51.08454768020229,0.0487572100739276,-0.0015519001793085,1,284280.0,1723000,185.25,0.0472432432876764,1,0.0472432432876764,0.0096685034321199,0,1,2
2023-03-01,17450.900390625,272900,38.31125385946858,17625.619400963613,-135.38962151892338,-91.40089230438032,169.21051897321428,20.95458410887965,0.008492348770636,-0.005890316675868,-0.0313584555266277,0.0059686061985749,0.0066602387348283,0.9909240638396072,1.0124551962028132,-43.988729214543056,0.0403690898962388,0.0082731009379325,0,272280.0,1995900,163.80078125,0.0491175958862111,1,0.0491175958862111,0.0096963775613616,0,2,3
2023-03-02,17321.900390625,310700,34.67056316549139,17622.597321258752,-147.19394222937262,-102.5595022893788,172.95703125,22.20630196018905,-0.0073921687198044,-0.0108130264472838,-0.0395850062077968,0.0058971101075803,0.0068383591788988,0.9901344241254364,1.0114644302051683,-44.63443993999383,0.0492286851464696,0.0036647522954782,1,263310.0,1685200,144.900390625,0.053058739364009,1,0.053058739364009,0.0099848762173697,0,3,3
2023-03-03,17594.349609375,356200,46.28138068549445,17622.316249498715,-133.0310769913558,-108.6538172297742,184.52134486607144,21.74752185339914,0.0157285986298278,0.0073600305955052,-0.0194965294973675,0.0085528082583369,0.0070611145159046,0.9903453442029376,1.0109681093247145,-24.3772597615816,0.0321518680200162,0.0197396245207659,1,259915.0,2041400,322.849609375,0.0529111748114059,1,0.0529111748114059,0.0104875342915631,0,4,3
2023-03-06,17711.44921875,362800,50.364576258206085,17623.203144715146,-111.07751200298298,-109.13855618441596,186.0891462053572,20.32063479777641,0.0066555236183669,0.0183266551091951,-0.0074616631103926,0.0088453359153863,0.0071681049286575,0.9909352484256492,1.0106854730223085,-1.938955818567024,0.0251306040829084,0.0263235559407175,0,263930.0,2404200,205.599609375,0.0528223615761243,1,0.0528223615761243,0.0105067148321412,0,0,3
2023-03-08,17754.400390625,267000,51.81142677070312,17624.50858994808,-89.1852805718845,-105.14790106190968,184.9428013392857,19.383633859923247,0.0024250512391459,0.02603169751486,-0.0040556486222057,0.0088991336038684,0.0071682331932026,0.9916178606653624,1.010483527018645,15.962620490025174,0.0227727395779112,0.028615866276365,0,259560.0,2671200,164.25,0.0528780838219662,1,0.0528780838219662,0.0104167303468577,0,2,3
2023-03-09,17589.599609375,262400,46.24169128341869,17624.161236907552,-84.1633919939959,-100.95099924832692,189.56068638392856,18.671932143927783,-0.0092822498999752,0.0079479691961632,0.0020108364647997,0.0079321507700986,0.0071782059589207,0.9917211230302664,1.0100146394403984,16.78760725433102,0.0313049313508396,0.0200681553573907,0,258130.0,2408800,198.75,0.0524131971645883,1,0.0524131971645883,0.0107768619294151,0,3,3
2023-03-10,17412.900390625,235900,41.13561749951944,17622.05913893459,-93.36540110540228,-99.433879619742,197.7035435267857,19.194471053376013,-0.010045664635585,0.0052534651480418,-0.0056163671568277,0.00855625669117,0.0074506672696363,0.9912817764987236,1.009272209570261,6.068478514339716,0.0406726632876944,0.0117863816212983,0,256880.0,2172900,265.25,0.0530555555863429,1,0.0530555555863429,0.0113538548485138,0,4,3
2023-03-13,17154.30078125,254900,35.037875322846915,17617.404826917827,-120.13998789661493,-103.5751012751166,214.16796875,20.434924944682063,-0.0148510359316261,-0.0250108039168736,-0.0178348536034147,0.0096878311281505,0.0080418016297663,0.9901102489250924,1.008133922678856,-16.56488662149833,0.0567389019231615,0.001360763559991,0,258025.0,1918000,416.451171875,0.058002951317315,1,0.058002951317315,0.0124847973392241,0,0,3
2023-03-14,17043.30078125,290600,32.79096842599637,17611.692348851484,-148.6028124436125,-112.58064350881575,222.23590959821428,21.969183787164543,-0.0064706805258611,-0.037724097517253,-0.0200887989325622,0.0097780457881866,0.0080814020504552,0.9887714476400576,1.006863488579716,-36.02216893479674,0.0647947833904874,0.0002994549703444,0,260990.0,1627400,237.55078125,0.0646988912828082,1,0.0646988912828082,0.0130394876233543,0,1,3
2023-03-15,16972.150390625,248200,31.400923831704773,17605.328747277093,-174.88508149817062,-125.04153110668672,220.46442522321428,23.53287575887417,-0.0041746837386849,-0.0440594997740987,-0.0191747458300139,0.0097495228005079,0.0076630360312964,0.9874172841686985,1.0055336015312577,-49.8435503914839,0.0687550176362437,0.0012477121826059,0,261175.0,1379200,272.44921875,0.0694762095316752,1,0.0694762095316752,0.012989775611757,0,2,3
2023-03-16,16985.599609375,349800,31.987825846427185,17599.162288193493,-192.41073830447203,-138.5153725462438,223.8678850446429,25.234714195680883,0.0007924286811309,-0.0343384734964675,-0.0266634254298975,0.0091221896386741,0.0075072406954388,0.9863244077085852,1.0042879201906936,-53.89536575822822,0.0652526642339536,0.0054478456531407,1,267200.0,1729000,212.298828125,0.0704311320870652,1,0.0704311320870652,0.0131798635428261,0,3,3
2023-03-17,17100.05078125,408100,36.93274432760786,17594.19600454231,-194.81894302245928,-149.77608664148693,224.5608258928572,26.191028304496346,0.0067381296219788,-0.0179665421817629,-0.0128074636369038,0.0093982033513818,0.0077669739713797,0.9857875227796744,1.0032907284790336,-45.04285638097235,0.0535555546544536,0.0130095653219109,0,276095.0,2137100,187.650390625,0.0669373515291534,1,0.0669373515291534,0.0131321730423798,0,4,3
2023-03-20,16988.400390625,241800,34.31189603835884,17588.168187488405,-203.3921380733373,-160.49929692785702,232.0537109375,27.475471992246582,-0.0065292432199922,-0.0096710669085581,-0.0344399896673148,0.0073413676545855,0.0077976910439789,0.9850126318606977,1.0021547638656578,-42.89284114548028,0.0567957311649554,0.0084651434627079,1,277780.0,1895300,271.701171875,0.0653764045785325,1,0.0653764045785325,0.0136595386029139,0,0,3
2023-03-21,17107.5,246700,39.26317253207403,17583.385419453694,-198.29034611948373,-168.05750676618237,228.771484375,28.216796924995805,0.007010642946744,0.0037668301213475,-0.034099367662734,0.0073964643324294,0.0080578918098272,0.9847742300207764,1.0012708118577316,-30.23283935330136,0.0457631847251108,0.0160013729283843,0,281385.0,2142000,139.298828125,0.0624399362627517,1,0.0624399362627517,0.0133725842101417,0,1,3
2023-03-22,17151.900390625,0,41.04717803192413,17579.092036082264,-188.49158512436043,-172.144322437818,224.19642857142856,28.33506022296677,0.0025953757489405,0.0105908795210352,-0.033935249106928,0.0074116482085008,0.0081230241807341,0.9847647895779588,1.000502943790288,-16.34726268654242,0.0388623928365332,0.0182891896804052,0,271475.0,2142000,99.75,0.058039259709247,1,0.058039259709247,0.0130712296285239,0,2,3
2023-03-23,17076.900390625,219200,38.96518175808627,17574.09510428667,-184.64934690739028,-174.64532733173246,225.28208705357144,28.678975771533896,-0.0043726933046436,0.0053751874146148,-0.029147861812428,0.0071378545822469,0.0075209714836963,0.9845704002127604,0.9996470782441392,-10.00401957565782,0.0420362940197348,0.0153845315934949,0,272235.0,1922800,160.099609375,0.0581377867971527,1,0.0581377867971527,0.0131922118124696,0,3,3
2023-03-24,16945.05078125,228000,35.551257530321934,17567.83595679377,-190.0526978054077,-177.72680142646752,215.9428013392857,29.444050112486103,-0.0077209333285906,-0.0090643005674553,-0.0268679886107249,0.0069147514268085,0.0076526989035989,0.9840314979066545,0.9986129019415072,-12.325896378940172,0.0493089033509336,0.0102291273377957,0,271595.0,1694800,192.099609375,0.0599140174219448,1,0.0599140174219448,0.0127437093064501,0,4,3
2023-03-27,16985.69921875,218400,37.37300606847977,17562.0435514401,-188.8776392747349,-179.95696899612102,213.5749162946429,30.15447628622745,0.0023988383407489,-0.0001590009543506,-0.0098285301540407,0.0055663576669017,0.0077003319954551,0.9837508991195856,0.997696784128884,-8.920670278613926,0.045811839958054,0.0144382855962622,0,272045.0,1913200,172.44921875,0.060860617582016,1,0.060860617582016,0.0125738077393295,0,0,3
2023-03-28,16951.69921875,238800,36.44503987291795,17555.970473502886,-188.51680835440857,-181.6689368677785,212.41420200892856,30.83167170697651,-0.0020016838613549,-0.0091071624287593,-0.0053746374411683,0.0052461421244401,0.0076736640911645,0.9834551837979296,0.9967689095169602,-6.847871486630055,0.047301568052946,0.0144551996371691,1,271665.0,1674400,148.0,0.0623373293026218,1,0.0623373293026218,0.0125305551536674,0,1,3
2023-03-29,17080.69921875,345900,42.299038926800485,17551.241406291414,-175.7951680794613,-180.4941831101151,211.4714006696429,30.909777841818293,0.0076098565893214,-0.0041512118338745,0.0063957027027619,0.0056440608255434,0.007862389640452,0.9836756270174606,0.9961023017278464,4.699015030653811,0.0388987892324933,0.0227122880669552,1,267915.0,2020300,185.55078125,0.0627041511500191,1,0.0627041511500191,0.0123807227070367,0,2,3
2023-03-31,17359.75,263900,52.492923634559546,17549.33601916414,-141.56424607681765,-172.70819570345563,214.0178571428572,29.18388190971504,0.0163371989446239,0.0165632874177963,0.022027505606484,0.0075169314660687,0.0085099209663847,0.9848317346645172,0.9959354131834464,31.143949626637976,0.0215574853208445,0.0383054133584027,0,267465.0,2284200,300.900390625,0.0619366937831336,1,0.0619366937831336,0.0123283951176057,0,4,3
2023-04-03,17398.05078125,230200,53.70193011849975,17547.830693413754,-110.07654690292838,-160.18186594335018,192.5071149553572,27.306561947168863,0.0022062979737611,0.0267334696040717,0.0174268488329141,0.0073480863263181,0.0083538208276324,0.9860175442923492,0.9958421674161576,50.10531904042179,0.0197685428849496,0.0404447882707359,1,263440.0,2514400,115.30078125,0.062422909974812,1,0.062422909974812,0.0110648668276576,0,0,4
2023-04-05,17557.05078125,248300,58.4313749168171,17547.92243558128,-71.46850285611436,-142.439193325903,187.8606305803572,25.93064041549975,0.0091389548173612,0.0336372118181218,0.0334728625149904,0.0070501806720781,0.0078244818084716,0.9876149537070104,0.9960206173030572,70.97069046978865,0.0101349129967163,0.0489487353459552,0,258045.0,2762700,172.5,0.0618182453584116,1,0.0618182453584116,0.0107000106635781,0,2,4
2023-04-06,17599.150390625,242700,59.60792143345347,17548.43216647724,-37.047206027633365,-121.36079586624908,178.103515625,24.99412466961424,0.0023978747854371,0.0381938803609058,0.0287388800599153,0.006931801476085,0.0076884031106656,0.9891854452554192,0.9962622152019316,84.31358983861571,0.00629164765941,0.0504349917594948,0,252040.0,3005400,135.849609375,0.0595138747563629,1,0.0595138747563629,0.010120006458941,0,3,4
2023-04-10,17624.05078125,254800,60.323228549300886,17549.184590504832,-7.670407197310851,-98.62271813246144,169.80719866071428,24.39532463251589,0.001414863221935,0.0318108501028779,0.0275275846916107,0.0069468242305304,0.0076729309461097,0.9906708571933128,0.9965350523715096,90.9523109351506,0.0030344888852901,0.0506808049435351,1,251430.0,3260200,96.150390625,0.0564556812605544,1,0.0564556812605544,0.0096349698924704,0,0,4
2023-04-11,17722.30078125,304300,63.09996227645532,17550.907139666477,23.270622167729016,-74.24405007242336,165.31068638392858,24.10233655093692,0.0055747683219642,0.0208845623496882,0.0377937667762773,0.0065137337804096,0.0074783903004734,0.9923127307531884,0.9969599237470492,97.51467224015238,-0.0007688231604941,0.0569522926917302,1,253525.0,3564500,124.69921875,0.0593560728631953,1,0.0593560728631953,0.0093278343723195,0,1,4
2023-04-12,17812.400390625,232800,65.48543957848196,17553.50906256159,54.43441034213174,-48.50835798951235,153.65345982142858,24.18781396672389,0.0050839679614469,0.0238158638910024,0.0511860141684992,0.0051210659557427,0.0071226433515808,0.994057107344752,0.9975155403094532,102.94276833164407,-0.001369908089362,0.0639329241962131,0,253370.0,3797300,108.5,0.0663548809993785,1,0.0663548809993785,0.0086262073865294,0,2,4
2023-04-13,17828.0,285800,65.89651614824473,17556.240315670428,79.47456182102542,-22.9117740274048,151.7392578125,24.342954815830176,0.0008757724412713,0.0154325018550016,0.0495888200069036,0.0052290652476025,0.006049375878021,0.99564395833744,0.998070905104248,102.38633584843022,0.0027904238769092,0.0660072452919587,0,254915.0,4083100,112.5,0.0728888189670523,1,0.0728888189670523,0.008511288860921,0,3,4
2023-04-17,17706.849609375,357400,59.927005478605736,17557.738915607784,88.52280248174429,-0.6248587255749811,165.25348772321428,23.34341460432557,-0.0067955121508301,0.0061195692041686,0.0445471796591188,0.0060790587629734,0.0060735482737713,0.9966500109672796,0.9983977513525814,89.14766120731927,0.0126555950390791,0.0588735189599839,0,258255.0,3725700,288.94921875,0.0751233450294795,1,0.0751233450294795,0.0093327436200576,0,0,4
2023-04-18,17660.150390625,258900,57.75512324478646,17558.757935259695,90.87777925316914,17.675668870173844,164.9892578125,22.41527012221415,-0.0026373533282438,0.0020483151020767,0.03392432384963,0.0063332947841875,0.0060015358051813,0.9973870206495584,0.9986313646691848,73.2021103829953,0.0172971159159749,0.0544528238862386,0,258790.0,3466800,156.400390625,0.075007360797165,1,0.075007360797165,0.0093424605206128,0,1,4
2023-04-19,17618.75,281500,55.823552264851074,17559.35487122726,88.38460705268153,31.81745650667538,157.43219866071428,21.33379944155198,-0.0023442830162407,-0.0058429648908541,0.0149195696942641,0.0045972835937658,0.0060754453994894,0.9979047199743027,0.9987850675941964,56.56715054600615,0.0209619446146731,0.0499117605955174,0,255375.0,3185300,86.30078125,0.0737828877897251,1,0.0737828877897251,0.0089354919424314,0,2,4
2023-04-20,17624.44921875,215100,56.04150311222934,17560.002576177736,85.87867355312483,42.62969991596528,152.26436941964286,20.44727558728428,0.0003234746363958,-0.0105517037430801,0.0130128622077589,0.0046033094965955,0.005972200894674,0.9983806631310382,0.9989412410648436,43.24897363715954,0.0219802581718201,0.0485920494534183,0,245725.0,3400400,100.099609375,0.0733820741000503,1,0.0733820741000503,0.0086393831392844,0,3,4
2023-04-21,17624.05078125,230200,56.02069437041509,17560.639871750598,82.90487681069862,50.684735294911945,149.49651227678572,19.38433555533598,-2.260708945023282e-05,-0.0114398260461072,0.003816130672217,0.0036920391988146,0.0056802560232856,0.9987990368933936,0.9990895365756438,32.22014151578668,0.0226318305542488,0.0455922869795394,1,245145.0,3170200,109.25,0.0708093754697476,1,0.0708093754697476,0.0084825284568422,0,4,4
2023-04-24,17743.400390625,255700,60.72502118324584,17562.458384376216,89.15096071694279,58.37798037931812,146.3857421875,19.008642364249315,0.0067719737565652,0.0020642170717171,0.0081964183951084,0.0041831744247636,0.0056690913650637,0.999548246532482,0.9994298770369696,30.77298033762468,0.0173997027582615,0.0500746927220694,0,245595.0,3425900,142.0,0.070377053846897,1,0.070377053846897,0.0082501515473237,0,0,4
2023-04-25,17769.25,297400,61.68107018897479,17564.516012392374,95.09072793588348,65.72052989063118,131.3642578125,18.988385519703005,0.0014568576938982,0.0061777282164547,0.0082386972525336,0.0041838539521163,0.0056668408712687,1.0002831113793351,0.9997968485771777,29.37019804525229,0.0175594120712548,0.0496220870575374,0,260465.0,3723300,90.599609375,0.0700497550309619,1,0.0700497550309619,0.0073927857288574,0,1,4
2023-04-26,17813.599609375,233000,63.33033951330237,17566.994456143446,102.19859726911818,73.01614336632859,131.45354352678572,19.09520564729052,0.0024958627615121,0.0110592186945726,0.0051516351771658,0.0038994022720879,0.0054790553780321,1.0010615518284471,1.0002197994460087,29.18245390278959,0.0162865960590415,0.0491131441570045,1,261155.0,3956300,116.55078125,0.0682184050712545,1,0.0682184050712545,0.0073793925096196,0,2,4
2023-04-27,17915.05078125,241400,66.84570115918893,17570.45770315943,114.69575536046614,81.3520657651561,128.68205915178572,19.79939413078206,0.0056951528101938,0.0164885471819931,0.0057628611738946,0.0039827697565113,0.005011034200118,1.0020562937695343,1.0007908624976063,33.34368959531004,0.0110171131879926,0.0495691293981757,1,261825.0,4197700,133.69921875,0.0633819238045392,1,0.0633819238045392,0.0071829022827256,0,3,4
2023-04-28,18065.0,290300,71.23503658222108,17575.37852203347,135.1416629920277,92.10998521053044,133.53920200892858,21.20553004031426,0.0083700136036979,0.0250197428629246,0.0132936953107472,0.0046870219691069,0.0051615581250471,1.0033881275163925,1.0015831169014882,43.03167778149727,0.0039979878286201,0.0528565368183791,0,265420.0,4488000,203.849609375,0.0597921913613062,1,0.0597921913613062,0.007392150678601,0,4,4
2023-05-02,18147.650390625,265200,73.33085387580208,17581.07276948214,156.21365411513762,104.93071899145188,134.90345982142858,22.876500201358787,0.0045751669319125,0.0227831188554812,0.0248943652300868,0.0037897613358079,0.0050273467118445,1.00479234852106,1.0024731444702282,51.28293512368573,-8.549555130420455e-05,0.0510690799215665,0,266740.0,4753200,115.25,0.0536810700502456,1,0.0536810700502456,0.0074336598357173,0,1,5
2023-05-03,18089.849609375,226200,69.51625028616388,17586.135225600476,166.33194775443917,117.21096474404932,133.51422991071428,23.850027921901148,-0.0031850283648763,0.0180423827328108,0.0243315718861663,0.0038747499936283,0.0051329360062288,1.0058089376556747,1.0032221400583456,49.12098301038985,0.0027247685424292,0.0420738380687508,1,260755.0,4527000,105.25,0.0468848379609487,1,0.0468848379609487,0.0073806158035454,0,2,5
2023-05-04,18255.80078125,226600,73.73992054312512,17592.79856446266,185.60213513988128,130.88919882321574,140.103515625,25.357396936419978,0.0091737176073036,0.024823796513439,0.036157547002483,0.0040127179537105,0.0043324849214148,1.0071924087365145,1.0042085907757288,54.71293631666555,-0.0027232461668453,0.0495404713801244,0,258890.0,4753600,200.75,0.0493223441039954,1,0.0493223441039954,0.0076744656289685,0,3,5
2023-05-05,18069.0,239700,63.135680877586736,17597.53688720433,183.6832494288756,141.44800894434772,146.37862723214286,26.64781436011996,-0.0102324068655403,0.0085932895546756,0.0252235275969394,0.0059033428651477,0.0051892544180392,1.0077757467922297,1.0048344020732316,42.23524048452788,0.0083403965980556,0.0367547820787131,1,259365.0,4513900,200.3515625,0.0469334699594345,1,0.0469334699594345,0.0081010917722144,0,4,5
2023-05-08,18264.400390625,228400,68.2750441687554,17604.17234494981,195.6740880877296,152.29322477302412,141.30719866071428,28.11299818995641,0.0108141231183243,0.0110379402504843,0.0363338495402123,0.006363514177366,0.0053239068472381,1.0088669974813271,1.005751670719592,43.380863314705465,0.0009749116522932,0.046609333463935,0,258370.0,4742300,217.94921875,0.0499603614946925,1,0.0499603614946925,0.0077367554170158,0,0,5
2023-05-09,18265.94921875,245400,68.31275360885388,17610.757189465236,202.962268903495,162.42703359911832,138.31780133928572,29.681034974485165,8.480038171931881e-05,0.0065186856468268,0.0294503204921812,0.0063437269291583,0.0053396879784009,1.0097839483133697,1.0066237850788602,40.53523530437667,0.0038351523348131,0.045984789114143,0,258505.0,4987700,114.548828125,0.0522145945256724,1,0.0522145945256724,0.0075724398268501,0,1,5
2023-05-10,18315.099609375,220500,69.54969503691599,17617.765571752898,210.2802506306216,171.99767700541898,140.353515625,30.94436519331968,0.0026908205008338,0.0124517342522993,0.0307187759401774,0.006323970302218,0.0053415273396626,1.0106954734300655,1.0075315030448473,38.282573625202616,0.0041834649634687,0.0478140779811812,0,256790.0,5208200,114.80078125,0.0545381192097829,1,0.0545381192097829,0.0076632679383931,0,2,5
2023-05-11,18297.0,248900,68.48942841918686,17624.524123277744,212.1735124822953,180.03284410079425,141.72488839285714,32.35962634365968,-0.0009882342854272,0.0022567741203833,0.0271365923353634,0.0064524533712572,0.0053078669359296,1.0113880667224122,1.008361240607361,32.14066838150106,0.0077787280975584,0.0463331295192397,0,254020.0,4959300,119.298828125,0.0566088547611676,1,0.0566088547611676,0.0077457992235261,0,3,5
2023-05-12,18314.80078125,241700,68.99012476452921,17631.39254773518,212.6589108705629,186.558057454748,144.50697544642858,32.843125280257695,0.0009728797753729,0.013603452390835,0.0223136403508485,0.0063812889484111,0.0052455022069346,1.012000542095764,1.0091759739348156,26.10085341581496,0.0093290965444325,0.0470467553112811,0,254465.0,5201000,148.19921875,0.0589521725481677,1,0.0589521725481677,0.0078901745736906,0,4,5
2023-05-15,18398.849609375,216100,71.3083268777492,17639.028936408213,217.3204952033011,192.71054500445865,146.57840401785714,33.78278025781072,0.0045891205221868,0.0073612719757836,0.0184804655065042,0.0060818997875025,0.0052913109231722,1.012747594662534,1.0100856259260589,24.60995019884245,0.0077881004902179,0.0513671349725665,0,250980.0,5417100,171.0,0.0620438975731762,1,0.0620438975731762,0.0079667156985276,0,0,5
2023-05-16,18286.5,219500,64.3800220515197,17645.471434553405,209.53378479928503,196.075192963424,152.10700334821428,34.40450980159585,-0.0061063388070606,0.0011250869584649,0.0076511066934994,0.0064752701594535,0.0052357774014308,1.012996592572191,1.0107604195348254,13.458591835861055,0.0153805032630459,0.0437697436179527,0,244085.0,5197600,168.0,0.0615607036262066,1,0.0615607036262066,0.0083179943317865,0,1,5
2023-05-17,18181.75,229900,58.65762049448649,17650.807539682228,192.68911100925104,195.39797657258936,157.61411830357142,33.548881728239266,-0.0057282694884204,-0.0072808563545426,0.0050802186093008,0.0066945937569935,0.0054108976587353,1.0128371361052757,1.0112244788038238,-2.708865563338321,0.0213741067535029,0.0355355534136153,0,242635.0,4967700,193.650390625,0.0588044574497398,1,0.0588044574497398,0.0086688090147302,0,2,5
2023-05-18,18129.94921875,272100,56.00648171699353,17655.575118578425,173.16357365512522,190.9510959890966,161.80343191964286,32.661921438653614,-0.0028490536527011,-0.0091299547056894,-0.0068937848308061,0.006014206246869,0.0054307677508092,1.0124888796157898,1.011575604255539,-17.787522333971367,0.0235330190758073,0.0292009002815215,0,242165.0,4695600,192.349609375,0.054257622560789,1,0.054257622560789,0.0089246489313001,0,3,5
2023-05-19,18203.400390625,260900,58.84674937470591,17661.026116310233,161.75176666223706,185.11123012372468,158.50697544642858,31.44048231087546,0.0040513721791914,-0.0060825335724671,0.0074381753624992,0.005122231875642,0.0054541691903831,1.0123674609096236,1.0120260074711005,-23.35946346148762,0.0184905683634388,0.0290251729364812,1,244455.0,4956500,157.69921875,0.0490082632942782,1,0.0490082632942782,0.008707547603472,0,4,5
2023-05-22,18314.400390625,262600,62.75960468549896,17667.52735287058,159.82226811610235,180.0534377222002,161.4462890625,31.00255281461642,0.0060977618257063,-0.0045899184211478,0.0027375659167909,0.0042328393373206,0.0055276805610296,1.0125596705859146,1.0126324316898876,-20.23116960609784,0.0113142347686644,0.0301371640871132,0,246075.0,5219100,156.400390625,0.0429322936541104,1,0.0429322936541104,0.008815264798139,0,0,5
2023-05-23,18348.0,270400,63.87915465490693,17674.29822498132,159.16952706154188,175.87665559006857,161.45340401785714,31.03494181288362,0.0018346005688616,0.0033631367402182,0.0044920075199692,0.0042598860134615,0.0054093948906395,1.0127826384819567,1.01325913210331,-16.70712852852668,0.0090747376653925,0.0282304997034895,0,246810.0,5489500,105.349609375,0.03864449836724,1,0.03864449836724,0.008799509702303,0,1,5
2023-05-24,18285.400390625,232600,60.245245574346846,17680.37884354494,151.8505214753568,171.07142876712624,156.37486049107142,30.49824097637597,-0.0034117947119577,0.0057007928623482,-0.0016215701461321,0.0043405909509917,0.0055287029193257,1.0127333207344265,1.013746311426107,-19.22090729176944,0.0111251267377556,0.0206767723310369,0,243570.0,5256900,129.650390625,0.0327846336002665,1,0.0327846336002665,0.0085518969861466,0,2,5
2023-05-25,18321.150390625,235900,61.58911871739536,17686.754679834292,147.23761941808698,166.3046668973184,151.7568359375,29.467143685785288,0.0019551116867164,0.0105461504369388,0.0013199098554408,0.0043773589418385,0.0055246254359679,1.0127526971620202,1.0142627337694363,-19.06704747923144,0.0075176387729936,0.0181829399015453,1,243715.0,5492800,135.69921875,0.0265096038098043,1,0.0265096038098043,0.0082831499497517,0,3,5
2023-05-26,18499.349609375,198700,67.48866296704601,17694.840201521263,156.1609230693066,164.27591813171608,149.57477678571428,29.437373333033968,0.0097264208278746,0.0162579085445166,0.0100764856975095,0.0053331805507891,0.0057574389415538,1.013271783524066,1.0150410972666035,-8.114995062409491,-0.0014650503265852,0.0252044894703692,1,241580.0,5691500,187.400390625,0.0246853237643808,1,0.0246853237643808,0.0080854073220992,0,4,5
2023-05-29,18598.650390625,265300,70.23238311230044,17703.833337731252,169.29393357303343,165.27952121997956,151.52483258928572,29.99146569902691,0.0053677985089635,0.0155205736435415,0.0108594170555202,0.0053964579497497,0.0056094706012504,1.0139772807920795,1.0159379587612738,4.014412353053871,-0.0037514150322208,0.0305847142379118,0,240330.0,5956800,141.849609375,0.0280112836278516,1,0.0280112836278516,0.008147087525537,0,0,5
2023-05-30,18633.849609375,234400,71.1614426686421,17713.087230981437,180.4619685566031,168.31601068730427,149.53543526785714,30.593095928059988,0.0018925684396833,0.0155793334082734,0.018994865577065,0.0047667159870514,0.0055632368017447,1.0146433468868683,1.0168415071022117,12.145957869298826,-0.002393044463335,0.0330469850276858,0,238790.0,6191200,86.94921875,0.0320176323423115,1,0.0320176323423115,0.0080249351799331,0,1,5
2023-05-31,18534.400390625,696500,64.98983959014194,17721.259501226647,179.2220358536215,170.49721572056774,151.72837611607142,30.33378305123372,-0.0053370195013254,0.0136174212585282,0.0193958442187909,0.0046983194103933,0.0056749999234741,1.0148585486293862,1.017529935870347,8.724820133053754,0.0041145178084011,0.0266148768852146,0,262305.0,5494700,150.0,0.0318864216972219,1,0.0318864216972219,0.0081863115567967,0,2,5
2023-06-01,18487.75,265600,62.26202362331124,17728.88627235872,172.48676356235592,170.8951252889254,149.41057477678572,29.925983009004145,-0.0025169624936233,0.0090932941339889,0.0197353438188321,0.004661796226411,0.0054095820143104,1.0148449513856592,1.018100503597223,1.5916382734305046,0.0076248145017487,0.0238807115653445,0,264255.0,5229100,115.75,0.0325888683605978,1,0.0325888683605978,0.0080815986140436,0,3,6
2023-06-02,18534.099609375,270900,63.884000710901226,17736.898345363858,168.94158444029017,170.50441711919834,144.00334821428572,29.54731154121954,0.0025070443604549,0.00187844441744,0.0181668925395013,0.004610332712463,0.0047740153247631,1.014918640787637,1.018711406062172,-1.5628326789081657,0.0055175058656692,0.0242248736934877,0,265815.0,5500000,95.298828125,0.0308031605949077,1,0.0308031605949077,0.0077696435893462,0,4,6
2023-06-05,18593.849609375,256100,65.91763274004519,17745.425223612725,169.0051439949057,170.20456249433985,139.57840401785714,29.564510072696034,0.0032237875731377,-0.0002581252482932,0.0152584421433228,0.0043981480545433,0.0042492529098349,1.01510858111126,1.019382255658709,-1.1994184994341597,0.0039264231286065,0.0272287142612905,0,267200.0,5756100,106.05078125,0.0323413098268329,1,0.0323413098268329,0.0075066974806272,0,0,6
2023-06-06,18599.0,220800,66.09485784801416,17753.918504969814,167.53981419160118,169.6716128337921,132.25697544642858,29.081855843116948,0.0002769943144211,-0.0018702313319877,0.0136799651188139,0.0044134866290775,0.0042475225598819,1.015231149624752,1.0200202853675358,-2.1317986421909154,0.0051137114257767,0.0271726930914582,1,265970.0,5976900,91.150390625,0.0334945802673181,1,0.0334945802673181,0.0071109723881084,0,1,6
2023-06-07,18726.400390625,260100,70.21997118677243,17763.594941643,174.64547226802097,170.66638472063786,128.51409040178572,29.274274844191428,0.0068498516385289,0.0103591158037741,0.0241176015060682,0.004371318065709,0.0044367658478882,1.0156684892538417,1.0208268573253605,3.979087547383102,0.0009976103792613,0.0343166514181023,0,267950.0,6237000,139.94921875,0.0368454964277146,1,0.0368454964277146,0.0068627225585822,0,2,6
2023-06-08,18634.55078125,286500,64.15929429182827,17772.261168902773,170.895287138228,170.7121652041559,128.8427734375,29.649108240982464,-0.0049048192636628,0.0079404352206191,0.0171059340676209,0.0049481505620404,0.0046174881417388,1.0157070280106957,1.0214345562343818,0.183121934072119,0.007301303942056,0.0291151598821207,0,269830.0,5950500,162.30078125,0.0377745073740967,1,0.0377745073740967,0.0069141872508749,0,3,6
2023-06-09,18563.400390625,221800,59.84997090016222,17780.13320095971,160.33376862898513,168.63648588912173,126.33203125,29.39383964228811,-0.0038181972541345,0.0015809120414556,0.0034623261142943,0.0043239797244943,0.0047375674351752,1.0154633279115437,1.0218870532706397,-8.302717260136603,0.0118441885085162,0.0247367975686198,0,268835.0,5728700,121.25,0.0377748077272107,1,0.0377748077272107,0.0068054358895259,0,4,6
2023-06-12,18601.5,179500,61.34710085400923,17788.306004930262,153.27119426414356,165.5634275641261,124.08203125,29.156804514929068,0.0020524046550352,0.0004114473756495,0.0001532159224002,0.0040127452359511,0.0046608800002502,1.0153090130909206,1.0223703938781004,-12.29223329998254,0.0106431935607918,0.0265163674311788,1,267005.0,5908200,73.849609375,0.0384299074521224,1,0.0384299074521224,0.006670539002231,0,0,6
2023-06-13,18716.150390625,233200,65.51436955542232,17797.538287374984,155.13705811062027,163.47815367342494,123.92131696428572,29.482508403715247,0.0061635024393194,0.006298746740416,0.0044167352949222,0.0044385837192553,0.0045435265639917,1.0154657279016386,1.0230076780078652,-8.341095562804668,0.0060815320159531,0.0318133505729751,0,267690.0,6141400,127.400390625,0.0393860667526952,1,0.0393860667526952,0.0066210900413772,0,1,6
2023-06-14,18755.900390625,261400,66.84885618169156,17807.074228700858,158.00191373836424,162.3829056864128,119.92131696428572,30.00031132509327,0.0021238341844009,0.0015753160983766,0.0119507507840415,0.0039589562999475,0.0042453934643929,1.0156631765009156,1.0236686201610772,-4.380991948048575,0.0051159362661961,0.0319707145698153,0,269265.0,6402800,79.69921875,0.0385679680245163,1,0.0385679680245163,0.0063937915251579,0,2,6
2023-06-15,18688.099609375,263000,62.41246684454718,17815.84065039911,153.03725780581954,160.51377611029417,115.46763392857144,30.60975960898395,-0.0036149041015322,0.00287363128597,0.0108368843896633,0.0040865308972741,0.004290509877779,1.0155684243575325,1.0241764779199545,-7.476518304474638,0.00827903446085,0.0249885422138933,1,268810.0,6139800,125.048828125,0.0344193789341615,1,0.0344193789341615,0.0061786717933933,0,3,6
2023-06-16,18826.0,272800,67.18283804151497,17825.89198721106,158.40415673694952,160.09185223562525,117.94977678571428,31.533353131843107,0.007379048352023,0.0141460941341124,0.0157493699061241,0.0045400385434453,0.0044549690677098,1.0158450239222232,1.024873699761897,-1.6876954986757369,0.0018329754057984,0.0297629533950154,0,269405.0,6412600,176.599609375,0.0328758498448933,1,0.0328758498448933,0.0062652595764216,0,4,6
2023-06-19,18755.44921875,219800,62.79212981467254,17835.141312898017,155.17583395664406,159.108648579829,123.33189174107144,32.473206957477764,-0.0037475183921172,0.0082761722844932,0.0086910248695095,0.0047869330285292,0.0044863905764511,1.0158102791315669,1.0254111645359911,-3.932814623184953,0.0061448245447658,0.0243050571438332,0,267265.0,6192800,162.298828125,0.0315271899877033,1,0.0315271899877033,0.0065757898039453,0,0,6
2023-06-20,18816.69921875,211600,64.93473572042606,17844.908058229877,155.76417555091757,158.4397539740467,125.40680803571428,32.60976650850472,0.0032657175674986,0.0053723028521595,0.0117048883676542,0.0048384011184744,0.0045084022340216,1.015904993138813,1.0260110291531026,-2.675578423129138,0.0038597832452462,0.0259802090222997,0,264325.0,6404400,179.048828125,0.0309575835575112,1,0.0309575835575112,0.0066646549736391,0,1,6
2023-06-21,18856.849609375,217500,66.30450581962575,17854.977128390525,157.65291678659196,158.28238653655575,122.92829241071428,32.94896666125593,0.002133763746672,0.0053822646019414,0.0069660594683913,0.004436981555465,0.0043737200890117,1.016047501559904,1.0266355317138436,-0.6294697499637891,0.0020751122261412,0.0253764200752558,0,263570.0,6621900,81.05078125,0.0284966828627892,1,0.0284966828627892,0.0065190259750281,0,2,6
2023-06-22,18771.25,252700,60.847205039115,17864.094271391616,150.5076265021562,156.72743452967583,125.19977678571428,32.81764023877957,-0.0045394438174043,0.0044493764675401,0.0073357936209306,0.0043868904620103,0.0045782860408957,1.0158510925453113,1.027079003150963,-6.219808027519633,0.0057981616687638,0.017687624444285,0,264410.0,6369200,127.099609375,0.0242400084728475,1,0.0242400084728475,0.0066697623645582,0,3,6
2023-06-23,18665.5,210600,54.84183089191821,17872.06845774593,134.75838053569169,152.33362373087903,126.49260602678572,31.43356075957727,-0.0056336152360657,-0.0085254435355359,0.0055000488717877,0.0046274405594957,0.0043600971551514,1.0153010156507898,1.0273177716545565,-17.57524319518734,0.0112648899684206,0.0110005005367151,0,265005.0,6158600,124.150390625,0.0228407892272958,1,0.0228407892272958,0.0067768131594002,0,4,6
2023-06-26,18691.19921875,171300,55.97889411465306,17880.21901258179,122.93359980087553,146.45361894487834,125.36411830357144,30.14415700649402,0.0013768299134766,-0.0034256710810087,0.004822149759428,0.0046080946786353,0.004212299030278,1.0148429714413472,1.0275752340120827,-23.520019144002816,0.0100005337273581,0.0119912349827744,1,260305.0,6329900,75.3515625,0.0225855591711035,1,0.0225855591711035,0.0067071201176761,0,0,6
2023-06-27,18817.400390625,222500,61.15193413930218,17889.544200423017,122.33554769609329,141.63000469512133,125.228515625,29.749137673957705,0.0067519034171119,3.726327698871934e-05,0.0054097663187573,0.0046915783057215,0.0044453245387871,1.014769562996887,1.028013173438671,-19.294456999028043,0.0041650736843196,0.0185802348513288,1,259710.0,6552400,138.05078125,0.0235056127672053,1,0.0235056127672053,0.0066549317666318,0,1,6
2023-06-28,18972.099609375,398800,66.36908078280072,17900.31589603448,132.8135294778658,139.86670965167025,127.48200334821428,30.41432125742091,0.0082210728123248,0.0061118374695368,0.0115269975979432,0.0052784076055919,0.0045411622826194,1.0151153190452256,1.0286683040773064,-7.053180173804435,-0.0016320596016594,0.0266665676485739,1,244825.0,6951200,193.849609375,0.0260535024889379,1,0.0260535024889379,0.0067194462380547,0,2,6
2023-06-30,19189.05078125,247900,72.04006418344152,17913.139128723193,156.8158761575687,143.25654295284994,135.22126116071428,31.805101381563063,0.0114352747635688,0.0222574831857227,0.0268058915751763,0.0058775142561841,0.0049929433132007,1.0160089468600533,1.0296297988461958,13.559333204718769,-0.0078970782655069,0.039038888025491,1,243940.0,7199100,229.599609375,0.0327186637068772,1,0.0327186637068772,0.0070467926059605,0,4,6
2023-07-03,19322.55078125,226100,74.85037934108092,17927.16312526575,184.4836306655125,151.50196049538246,141.09263392857142,33.54718776705991,0.0069570924336936,0.0352013490798532,0.0263757984303623,0.0058413086191427,0.0051201207123903,1.0171211508393552,1.03074638915289,32.98167017013003,-0.0086138844306739,0.0477353799994678,0,241700.0,7425200,156.048828125,0.0413014610291916,1,0.0413014610291916,0.0073019672985144,0,0,7
2023-07-04,19389.0,226900,76.13611952610918,17941.70876581037,209.35906112711385,163.07338062172877,141.57477678571428,35.40781792229489,0.0034389465191355,0.0373331198861763,0.0337795578160098,0.0053956622337618,0.0051228367499784,1.01821622889075,1.0319011598011931,46.28568050538507,-0.0061387849137923,0.052770644240625,0,240240.0,7652100,134.150390625,0.0492952558787043,1,0.0492952558787043,0.0073018091075204,0,1,7
2023-07-05,19398.5,224400,76.32248961998944,17956.204200976437,227.22033500868565,175.90277149912012,141.73911830357142,37.13554592358451,0.0004899685388621,0.0308809717236238,0.0309193857268155,0.005470825741622,0.0051190494710036,1.0191217571770472,1.032999703208652,51.31756350956553,-0.0017961824388749,0.0539424015689089,1,240420.0,7876500,82.0,0.0550346692378084,1,0.0550346692378084,0.0073067050701637,0,2,7
2023-07-06,19497.30078125,268300,78.22696590177421,17971.53849530752,246.5063488331798,190.02348696593205,142.74986049107142,38.98210447344071,0.0050932175812563,0.0276828175420011,0.0339638478930535,0.0054949554042812,0.0050481863982224,1.0201251551763395,1.0341881160305564,56.48286186724775,-0.0014362998326865,0.0602007677181305,0,240830.0,8144800,139.19921875,0.0622082386254367,1,0.0622082386254367,0.0073215191216801,0,3,7
2023-07-07,19331.80078125,237100,68.31463906338351,17985.07344342635,245.60500526168107,201.13979062508187,145.84988839285714,39.942856392040405,-0.0084883544577184,0.0074391381641183,0.0298621978424451,0.0062197427799691,0.0053612161675607,1.0204244956195094,1.0350361140917792,44.4652146365992,0.0097761992211093,0.0512121448102769,0,238360.0,7907700,220.0,0.0638965272182824,1,0.0638965272182824,0.0075445578010672,0,4,7
2023-07-10,19355.900390625,268200,68.93198601494427,17998.71351255271,244.0223829234783,209.7163090847612,142.02497209821428,40.83498317359727,0.0012466303397029,0.0017259423847579,0.0369880469649888,0.0055021226235517,0.0051963680299491,1.0206761773322062,1.0358655672224282,34.30607383871708,0.0106847029852865,0.0504648552139805,0,240680.0,8175900,108.75,0.0640113128364985,1,0.0640113128364985,0.007337554401086,0,0,7
2023-07-11,19439.400390625,251300,71.03754393644522,18013.04870536935,246.66252345139583,217.1055519580881,140.60714285714286,41.93176413118051,0.0043139300324381,0.0025994321844859,0.0400295969840418,0.0054452605322698,0.005219710817727,1.02106107555681,1.0367723060379406,29.55697149330772,0.0089122590095451,0.0528020193856662,0,244270.0,8427200,159.19921875,0.0647381853695524,1,0.0647381853695524,0.0072331008175001,0,1,7
2023-07-12,19384.30078125,327900,67.77346883003979,18026.693004631845,241.5246302573032,221.98936761793115,145.24274553571428,42.43943662904011,-0.0028344294714754,-0.00073197508828,0.0301263925333403,0.0057326404877554,0.0052494629302831,1.021150241055067,1.0375296729485686,19.53526263937204,0.0137406889013036,0.0486233692114209,0,249005.0,8099300,145.94921875,0.0651199528198302,1,0.0651199528198302,0.0074928029220535,0,2,7
2023-07-13,19413.75,310400,68.60381470150651,18040.49456677481,237.09602335016825,225.0106987643786,149.21414620535714,43.13432476027325,0.0015192303855748,-0.0042852486191498,0.0232789411672054,0.0054369144836098,0.0052490495036783,1.0212325483923617,1.0382804307696978,12.085324585789664,0.0141447578582127,0.0486197997099931,1,251455.0,8409700,182.69921875,0.0655245582878099,1,0.0655245582878099,0.0076860032814555,0,3,7
2023-07-14,19564.5,291200,72.50870544369305,18055.65879994124,242.9500091254849,228.59856083659983,153.31766183035714,43.88426065275626,0.0077651149314275,0.0120371206688461,0.0195658046367179,0.0048446244227991,0.005255023765898,1.0216652188086266,1.0392185256836046,14.35144828888508,0.0089398802961261,0.054080303240106,1,252865.0,8700900,181.599609375,0.0661503719361395,1,0.0661503719361395,0.007836523388298,0,4,7
2023-07-17,19711.44921875,268700,75.68357814449871,18072.134326496547,256.4902489451706,234.17689845831404,159.99972098214286,45.03466945185024,0.0075110132510414,0.0183690151813971,0.0201266614280231,0.0049109462076015,0.0052618056322392,1.0223869653660125,1.0403275268361052,22.313350486856564,0.0054172883935098,0.0606391702669688,0,252660.0,8969600,168.900390625,0.0696968934084159,1,0.0696968934084159,0.0081170957653355,0,0,7
2023-07-18,19749.25,286400,76.43740637287132,18088.822044640863,267.19118008372243,240.77975478339573,159.37109375,46.35024801907384,0.0019177068530324,0.0159392575464638,0.0185801227500128,0.0048851036270015,0.0050672204912087,1.023035055562478,1.04142367237729,26.41142530032669,0.0069283799952928,0.0608405439856974,0,255990.0,9256000,129.25,0.07145561229256,1,0.07145561229256,0.0080697289137562,0,1,7
2023-07-19,19833.150390625,259700,78.06295074196609,18106.178545595933,279.2230954121187,248.4684229091404,154.39969308035714,47.65846173771087,0.0042482823714824,0.0231553159662669,0.0224063917635384,0.0049130454452274,0.0050787942568076,1.0237511265276344,1.0425804617669334,30.754672502978337,0.006473962133983,0.0634936713822203,1,258395.0,9515700,124.25,0.0738919253848555,1,0.0738919253848555,0.0077849302828531,0,2,7
2023-07-20,19979.150390625,274700,80.57439654289637,18124.815081367367,297.11450377012807,258.1976390813379,154.67466517857142,49.21243451763485,0.0073614124394989,0.0291237082287039,0.0247136572790824,0.0051084300902998,0.0051844556244936,1.0247030146494889,1.0438927892186969,38.91686468879016,0.0038535172416953,0.0694544244374292,0,261255.0,9790400,233.44921875,0.0777630236474673,1,0.0777630236474673,0.0077418039383271,0,3,7
2023-07-21,19745.0,312500,67.27259421859355,18140.93632433884,289.06740504041954,264.37159227315425,163.46763392857142,49.96710562598064,-0.011719737128305,0.0092258938383296,0.0213740677045857,0.005916016996877,0.0059232617534104,1.0247497578420686,1.0447477520575956,24.69581276726529,0.0169904776226167,0.054720262853055,0,264245.0,9477900,279.150390625,0.0749883138277787,1,0.0749883138277787,0.0082789381579423,0,4,7
2023-07-24,19672.349609375,265600,63.755693161051845,18156.174267473525,273.67300985998736,266.2318757905209,162.77469308035714,50.18962431114972,-0.0036794322929856,-0.0019835989196475,0.0163489795030806,0.0061964558791504,0.0057959353467025,1.024483390587905,1.0454252984617247,7.441134069466443,0.0198299415322536,0.0451949272658185,0,266995.0,9212300,124.44921875,0.0675710774416367,1,0.0675710774416367,0.0082742883444276,0,0,7
2023-07-25,19680.599609375,369700,63.98594055848088,18171.34267883573,259.15121295383506,264.81574322318374,165.017578125,49.91704026029184,0.0004193703428323,-0.0034761011494107,0.012407749925575,0.0061317957537436,0.0058109074297677,1.0241817832976023,1.0460626108631252,-5.664530269348688,0.0175025568638248,0.0386680109857904,0,276915.0,9582000,113.400390625,0.0582461901709373,1,0.0582461901709373,0.0083847840716393,0,1,7
2023-07-26,19778.30078125,244700,66.68507363269528,18187.332311695573,252.6142722458353,262.37544902771407,165.43191964285714,50.0349873103999,0.0049643391875346,-0.002765552032567,0.0203257267025647,0.0060498727020634,0.0057571584936184,1.0241096616648169,1.0468030995658393,-9.76117678187876,0.0111658034657069,0.0372479800145405,0,278025.0,9826700,145.0,0.0503278233806153,1,0.0503278233806153,0.0083643140769548,0,2,7
2023-07-27,19659.900390625,334900,60.74364214001042,18201.98473039139,235.1688969718125,256.93413861653374,168.57477678571428,48.96183221704364,-0.0059863783008722,-0.0159791579600804,0.0126791779344537,0.0065641079227161,0.0058902444792251,1.0236116380557303,1.0472991034863597,-21.765241644721243,0.0155169011491121,0.0262127983438799,0,274830.0,9491800,264.0,0.0430439652322926,1,0.0430439652322926,0.0085745488754409,0,3,7
2023-07-28,19646.05078125,258700,60.06944769436701,18216.353546817845,217.7160683372167,249.0905245606704,170.29268973214286,47.57610525818314,-0.0007044597937843,-0.0050113557229678,0.0041683038794755,0.0061689047857916,0.0054542944224106,1.0230489681691703,1.0477283516010438,-31.37445622345368,0.0156359556293104,0.0226033128967639,1,275370.0,9233100,132.80078125,0.0393698134853477,1,0.0393698134853477,0.0086680367280058,0,4,7
2023-07-31,19753.80078125,295100,63.46677071741972,18231.651529250004,210.15654654843087,241.30372895822248,171.43205915178572,46.67313572098244,0.0054845628365591,0.004140388590704,0.0021485768007212,0.0059395912659369,0.0053818293239291,1.022783364638825,1.0482860832140586,-31.14718240979161,0.0105946328745504,0.0262501544681997,0,278820.0,9528200,175.150390625,0.0381001934010699,1,0.0381001934010699,0.0086784341428868,0,0,7
2023-08-01,19733.55078125,298000,62.39239638648355,18246.595800414183,200.22351327746583,233.0876858220712,167.50711495535714,45.94546974881282,-0.0010251191770254,0.002690526352143,-0.0007949273390128,0.0059195812726685,0.0053730704762828,1.022406916071967,1.0487633884404548,-32.86417254460534,0.0120528362949608,0.02392606575882,0,282375.0,9230200,91.0,0.0371340250390445,1,0.0371340250390445,0.0084884426939785,0,1,8
2023-08-02,19526.55078125,290700,52.59170956025398,18259.331670870262,173.64665230132232,221.19947911792136,176.60002790178572,42.92990123958948,-0.0104897492749598,-0.0127285959893309,-0.0154589464273879,0.0065299384516131,0.0059468928534239,1.0213981072222815,1.048869888523003,-47.55282681659904,0.0225195485167653,0.0126609665419418,0,285690.0,8939500,310.0,0.0359173995515079,1,0.0359173995515079,0.0090440974384151,0,2,8
2023-08-03,19381.650390625,315700,47.02340692666681,18270.499021315583,139.28644057726342,204.8168714097898,180.85728236607144,40.37265807340109,-0.0074206854169113,-0.0141531744551811,-0.0299061766050057,0.0059379241305669,0.0060779888949635,1.0200235207292296,1.0487224381942335,-65.53043083252638,0.0304819281899634,0.0061940149182589,1,288060.0,8623800,241.201171875,0.0371772448223496,1,0.0371772448223496,0.0093313664585319,0,3,8
2023-08-04,19517.0,280800,52.122671923274616,18282.90201612837,121.57585674841904,188.16866847751567,180.021484375,37.9899463834118,0.0069833892701145,-0.0065687899663359,-0.0115472271461128,0.0058364029839955,0.0059617332543903,1.019144366709497,1.048775271433392,-66.59281172909662,0.0227244268758298,0.011525956471823,0,290245.0,8904600,157.19921875,0.0349444894498343,1,0.0349444894498343,0.0092238297061536,0,4,8
2023-08-07,19597.30078125,216600,54.896510277043056,18295.9806108062,112.72032368594957,173.07899951920243,178.17857142857142,35.32738234647598,0.0041144018676027,-0.0079225259854066,-0.003814939730902,0.0059790603362668,0.0060150429515368,1.018539906667487,1.0489314706101154,-60.35867583325286,0.0179604455576469,0.0137711429412351,0,287665.0,9121200,103.44921875,0.0324878721132698,1,0.0324878721132698,0.0090919955466033,0,0,8
2023-08-08,19570.849609375,260300,53.79098027622813,18308.665874473547,102.387600895574,158.94071979447676,176.53934151785714,32.94806842350687,-0.0013497354646058,-0.0082449009647869,-0.0055765577359604,0.0059794119153409,0.0059659521024639,1.0178685138404262,1.049017827376318,-56.55311889890277,0.019070956215214,0.0115012138678234,0,288115.0,8860900,101.30078125,0.0312481145932696,1,0.0312481145932696,0.0090205251709302,0,1,8
2023-08-09,19632.55078125,266500,56.01609670857098,18321.838858620577,98.04738335017464,146.76205250561634,172.57868303571428,30.904625238163305,0.0031527078847637,0.0054285060985672,-0.0073691871517179,0.0058193143706996,0.0059477286169733,1.0173954711788271,1.0491763377858168,-48.7146691554417,0.0152421672146477,0.012717332522263,0,285045.0,9127400,178.0,0.0286496736202212,1,0.0286496736202212,0.0087904360955752,0,2,8
2023-08-10,19543.099609375,312200,52.09926520728827,18333.99070688679,86.39387289181468,134.688416582856,162.43582589285714,29.007142280344283,-0.0045562684580157,0.0083300036630571,-0.0059410667871795,0.0056917993368433,0.0060553515467245,1.016661228671218,1.049165962343564,-48.294543691041326,0.0193121484135622,0.0069596426787913,0,285135.0,8815200,137.150390625,0.0267888343164554,1,0.0267888343164554,0.0083116715945578,0,3,8
2023-08-11,19428.30078125,235500,47.50807213309838,18344.87936434314,67.12134282025363,121.17500183033552,163.90373883928572,27.815411481055413,-0.0058741361615907,-0.0045447158246656,-0.0110836525072925,0.0059338737749053,0.005943241239677,1.0156301175762663,1.0489555912036064,-54.05365901008189,0.0258518116357726,0.0023096609595579,0,282350.0,8579700,145.0,0.0285569156401847,1,0.0285569156401847,0.0084363393734086,0,4,8
2023-08-14,19434.55078125,243900,47.77789303792185,18355.721866003907,51.75544213375906,107.29108989102023,170.6572265625,27.61133501174076,0.0003216956578122,-0.0083047151144259,-0.0161614467785372,0.0055067327641116,0.0056542682396338,1.0146935689063763,1.0487452978138636,-55.53564775726117,0.0255906374929834,0.0041240162512155,0,281110.0,8823600,207.94921875,0.0301628443040914,1,0.0301628443040914,0.0087811253516158,0,0,8
2023-08-16,19465.0,0,49.14928301780553,18366.759459377,41.55582295335262,94.14403650348672,172.12513950892858,27.27316735366665,0.0015667570139761,-0.0054085341969157,-0.0136088423328843,0.0055977914086598,0.0056462822810476,1.0139124027017854,1.0485730868535397,-52.5882135501341,0.0235458030892083,0.0067016878503177,0,266790.0,8823600,165.55078125,0.0307740897517337,1,0.0307740897517337,0.0088428019269935,0,2,8
2023-08-17,19365.25,268700,44.98187897889758,18376.694688636933,25.13383273561704,80.34199574991278,163.1787109375,26.95915452831213,-0.0051245825841254,-0.0136151834893143,-0.0082605874973518,0.0048293865114733,0.0056019335370245,1.0128940122772083,1.0482331551919852,-55.20816301429575,0.0279032364769815,0.0030865847909717,0,267240.0,8554900,138.75,0.0314051998035449,1,0.0314051998035449,0.0084263673816501,0,3,8
2023-08-18,19310.150390625,256100,42.82197040952097,18385.982805074626,7.585765204792551,65.79074964088873,162.27873883928572,27.089950131829656,-0.0028452826260957,-0.0119197682765865,-0.0036890563269361,0.0043247821252022,0.0052360053146221,1.011801829944026,1.0478040535550308,-58.20498443609618,0.027756224053155,0.000626456950624,0,266310.0,8298800,120.201171875,0.0287302932022935,1,0.0287302932022935,0.0084038050225684,0,4,8
2023-08-21,19393.599609375,262600,46.97475050215024,18396.00884292836,0.4077495159181126,52.71414961589461,159.02859933035714,26.6966692641083,0.0043215209131937,-0.0017861146101099,-0.0063227130514423,0.0038817306707446,0.0048315038405635,1.011049189216742,1.047507327978236,-52.3064000999765,0.0223484003529612,0.0057531620922713,0,263815.0,8561400,129.6484375,0.0285943298699894,1,0.0285943298699894,0.0082000558191106,0,0,8
2023-08-22,19396.44921875,208700,47.11599833663303,18405.96347353356,-4.993379401479615,41.17264381241977,156.97140066964286,26.1588576951698,0.0001469355577301,-0.0019605064675206,-0.0102489401342539,0.0035300642759958,0.004790668045,1.0103619699799744,1.0472103071573782,-46.166023213899386,0.0216243701155349,0.0067478251776829,0,260970.0,8770100,62.19921875,0.0288943342410411,1,0.0288943342410411,0.0080927905360071,0,1,8
2023-08-23,19444.0,225200,49.53186702696235,18416.292195189937,-5.374903788022493,31.86313429233132,142.36077008928572,25.3730316942181,0.0024515199000461,-0.0010788594913948,-0.0064815586398576,0.0036920433978175,0.0048368755482122,1.0098631680384582,1.046983033057321,-37.23803808035382,0.0182722935177068,0.0095400046368181,0,253745.0,8995300,105.451171875,0.0284107703014402,1,0.0284107703014402,0.0073215783835263,0,2,8
2023-08-24,19386.69921875,268300,46.75976684047571,18425.947986469146,-10.183568933745846,23.453793647115887,140.52134486607142,23.61635989410696,-0.0029469646806212,0.0011076138314765,-0.0125226500233887,0.0034936414126585,0.0046793659770096,1.0092273688598896,1.0466581774331662,-33.63736258086173,0.0192902722548273,0.00664077331316,0,254925.0,8727000,215.44921875,0.0264374809559591,1,0.0264374809559591,0.0072483378052394,0,3,8
2023-08-25,19265.80078125,466500,41.48438706953527,18434.30473069581,-23.47930935920885,14.06717304585094,140.50711495535714,22.99746995907056,-0.0062361537740819,-0.002296699325373,-0.0141890914782001,0.003704124608084,0.0046937167949223,1.0082911917548931,1.04614143400148,-37.54648240505979,0.0252467047313504,0.0020128433209216,0,261505.0,8260500,157.0,0.027646538269894,1,0.027646538269894,0.0072930845984923,0,4,8
2023-08-28,19306.05078125,248200,43.75928595872794,18442.978820751083,-30.417803318083315,5.170177773064089,141.48577008928572,22.18251418833123,0.0020891942389009,-0.0045143155416428,-0.0062923670668091,0.0034904356993366,0.004744317397335,1.0075627009146684,1.0456944080642308,-35.587981091147405,0.0222963742671434,0.0050417348234297,0,260980.0,8508700,117.150390625,0.0278083961889553,1,0.0278083961889553,0.007328571321624,0,0,8
2023-08-29,19342.650390625,307400,45.821860606561295,18451.93077667023,-32.58767671671012,-2.381393124890753,139.38211495535714,21.325369543237315,0.001895758474361,-0.0027736431301557,-0.0047287118523811,0.0035724281051676,0.0045557727296195,1.0070070081418774,1.0453080832416062,-30.206283591819368,0.0178371539484716,0.0065251215702172,0,261595.0,8816100,71.849609375,0.0248545893300385,1,0.0248545893300385,0.0072059470724297,0,1,8
2023-08-30,19347.44921875,233000,46.10097561016112,18460.841407934706,-33.5335379425087,-8.611822088414343,135.10002790178572,19.866769026654303,0.0002480956863764,-0.0049655822490228,-0.006039084574878,0.0035128100661174,0.0045648964393589,1.006511696564574,1.0449299235547518,-24.92171585409436,0.0147929854462788,0.0059754471201065,0,258345.0,9049100,118.05078125,0.0212144326831717,1,0.0212144326831717,0.0069828340870308,0,2,8
2023-08-31,19253.80078125,562600,41.597233001374285,18468.73155095277,-41.3629793536893,-15.162053541469334,137.05705915178572,19.35152609919891,-0.0048403506033882,-0.0068551348530474,-0.0057551138637508,0.0034730575003403,0.0040960259784612,1.0057860057554402,1.0444060422169903,-26.200925812219964,0.0195130938923057,0.0023414843095386,1,271940.0,8486500,164.548828125,0.0222314492455411,1,0.0222314492455411,0.0071184417408772,0,3,8
2023-09-01,19435.30078125,333000,51.48882164276649,18478.349155234333,-32.54715163477522,-18.63907316013051,141.32491629464286,18.271186468565336,0.0094267101889176,0.008797973254502,0.0064810676298907,0.0045740193670039,0.0043637095620351,1.00565860938693,1.0441732451598769,-13.908078474644707,0.0100987415817387,0.0114888003846139,0,272805.0,8819500,204.75,0.0221637551936622,1,0.0221637551936622,0.0072715579699689,0,4,9
2023-09-04,19528.80078125,296800,55.65551819046736,18488.801410219563,-17.810566936084797,-18.47337191532137,134.49288504464286,17.33581220875404,0.0048108337016425,0.0115378335281461,0.0069714325652903,0.0046199795667986,0.0042088723377539,1.005796949753088,1.044079700184504,0.6628049792365722,0.0053507266334024,0.0162493033149184,0,273605.0,9116300,112.30078125,0.0222825873749011,1,0.0222825873749011,0.0068868993314618,0,0,9
2023-09-05,19574.900390625,256800,57.5896762191296,18499.60836524848,-2.384378553222632,-15.255573242901622,127.04645647321428,16.771340242012588,0.0023605960187407,0.0120071445903073,0.009200197926046,0.0046432674226775,0.0041371446346496,1.0060283636955534,1.0440444973982137,12.87119468967899,0.002746107387557,0.0184435252284246,0,275615.0,9373100,61.30078125,0.0219120859369414,1,0.0219120859369414,0.0064902734592744,0,1,9
2023-09-06,19611.05078125,287600,59.096335397566456,18510.667493765905,12.612630725980123,-9.681932449125274,127.4892578125,16.596051862089976,0.0018467726478093,0.0136246158095372,0.0085913794101009,0.0046250926547093,0.0041459864810868,1.0063108415442426,1.0440491747128056,22.294563175105395,0.0013285361289885,0.0204787621355705,1,276980.0,9660700,144.94921875,0.022590118877865,1,0.022590118877865,0.0065008886690758,0,2,9
2023-09-07,19727.05078125,304900,63.56879703086478,18522.77081005928,33.47225189087476,-1.0510955811252671,132.25697544642858,17.080295759267507,0.0059150323607803,0.0245795625173843,0.0175559314486515,0.0046623030802113,0.0042959554974463,1.0068666523424012,1.044215951941171,34.523347472000026,-0.003235473646582,0.0270836075642791,0,278900.0,9965600,186.94921875,0.0248442972704239,1,0.0248442972704239,0.0067043460734706,0,3,9
2023-09-08,19819.94921875,288100,66.70826421521946,18535.67805790695,56.84451132899994,10.528025800899774,133.00348772321428,18.232910271558183,0.004709190366575,0.0197912263787081,0.0287633223135637,0.0037800005051094,0.0042498411254816,1.007590339074497,1.0445004877488313,46.316485528100166,-0.0045729755849255,0.0335814091919337,1,277695.0,10253700,140.099609375,0.0303408430079427,1,0.0303408430079427,0.0067105867051057,0,4,9
2023-09-11,19996.349609375,248800,71.69602566324248,18550.212103195187,88.58013593774012,26.138447828267843,142.00362723214286,19.92484696431548,0.0089001434200508,0.0239415022643838,0.0357555688600703,0.00421681991921,0.0043280707747762,1.0086960988242737,1.045026276343154,62.44168810947228,-0.007540176520049,0.0450801210713765,0,278360.0,10502500,188.201171875,0.0395558918483892,1,0.0395558918483892,0.0071014775199552,0,0,9
2023-09-12,19993.19921875,328100,71.49002707518565,18564.570183946977,112.1834558413102,43.34744943087632,148.44991629464286,21.8789740291538,-0.0001575482868895,0.0213691421043111,0.0336328690736358,0.0043528868446981,0.0043359708923031,1.0096124010726002,1.0455018259994753,68.8360064104339,-0.0028321809976838,0.0466870695912368,0,282570.0,10174400,195.69921875,0.046136488497672,1,0.046136488497672,0.00742502061178,0,1,9
2023-09-13,20070.0,251400,73.48974603691428,18579.549585101737,135.5241995026081,61.78279944522268,143.97502790178572,23.693520589360823,0.0038413452699443,0.0234025817315612,0.0373460487261423,0.0042171433116542,0.0043695325892206,1.010589845602601,1.0460534607585696,73.74140005738542,-0.0018872866339658,0.0520813134999401,0,295140.0,10425800,152.80078125,0.0529261603610232,1,0.0529261603610232,0.007173643642341,0,2,9
2023-09-14,20103.099609375,275100,74.32557012328697,18594.7092868358,154.9070962870719,80.40765881359253,141.63225446428572,25.6383325890886,0.0016492082399102,0.0190625974604587,0.0441107102838664,0.0031155250446198,0.0040785439331601,1.0114910323925244,1.0466092209422395,74.49943747347938,0.0008997596039794,0.0544021589055488,0,295460.0,10700900,124.201171875,0.0582981157533163,1,0.0582981157533163,0.0070452943683488,0,3,9
2023-09-15,20192.349609375,438200,76.47898219996289,18610.60620546803,175.44746161635703,99.41561937414544,141.78934151785714,27.635052467321632,0.0044396138771742,0.0187891697660205,0.0389522568570359,0.0025584107970061,0.0039579069841364,1.0124824226229114,1.0472554683692945,76.0318422422116,0.001125920542778,0.0588628438418732,0,304565.0,11139100,119.349609375,0.0633767632874068,1,0.0633767632874068,0.0070219337650545,0,4,9
2023-09-18,20133.30078125,264900,72.16629006205332,18625.757395276807,184.83049133597888,116.49859376651214,142.34654017857142,29.32727091385221,-0.0029243168460981,0.0068488086350917,0.030954281666921,0.0032932286397421,0.0040872048819832,1.0131255724689374,1.0477578907230851,68.33189756946673,0.0075007847994627,0.0558672388532547,0,304680.0,10874200,79.650390625,0.0666254385892624,1,0.0666254385892624,0.00707020382426,0,0,9
2023-09-20,19901.400390625,378100,58.26929245929211,18638.45036040465,171.57636105122947,127.5141472234556,152.08942522321428,28.608489724007285,-0.011518249945432,-0.0045915026965224,0.0166795229341942,0.0056796591288922,0.0050634670567115,1.012973872774236,1.0478567537611734,44.062213827773874,0.0204287468451053,0.0435165929127843,0,313150.0,10496100,254.451171875,0.0663727360649878,1,0.0663727360649878,0.0076421468960977,0,2,9
2023-09-21,19742.349609375,275100,51.01341396295523,18649.434432533708,146.5489731665839,131.32111241208128,154.01102120535714,26.748910150213444,-0.0079919391664983,-0.0163253806988041,0.0066951449766543,0.0064461089817443,0.0054611295972542,1.0123409103581862,1.0476852199853013,15.227860754502617,0.028994406894786,0.0346443901804397,0,315645.0,10221000,191.451171875,0.0654770001300695,1,0.0654770001300695,0.0078010482162782,0,3,9
2023-09-22,19674.25,246400,48.243401787203176,18659.631602359244,119.8380995955158,129.0245098487682,149.46819196428572,24.98194547684217,-0.0034494176591149,-0.0213325117871379,-0.0026765674116977,0.0062801728554148,0.0054802790282861,1.0115509938052794,1.0473974768123122,-9.18641025325239,0.0325178048557255,0.0298030710507516,0,314550.0,9974600,141.150390625,0.0638531973463173,1,0.0638531973463173,0.007597148148686,0,4,9
2023-09-25,19674.55078125,188400,48.2567659476566,18669.730300656665,97.56909459430244,122.73342679787504,150.91810825892858,23.68310165075492,1.5288066889551644e-05,-0.025643317302935,-0.0073359641790833,0.0060391024585928,0.0052335258376327,1.0108221387248295,1.0471050400794886,-25.1643322035726,0.0318621748524368,0.0271005012516457,0,300645.0,10163000,132.599609375,0.0603507439915527,1,0.0603507439915527,0.0076707270187207,0,0,9
2023-09-26,19664.69921875,204900,47.82121833840284,18679.6304888964,78.22409031022835,113.83155950034572,150.9609375,22.47703238367389,-0.0005007261720755,-0.0232749496762302,-0.0165855467174623,0.0050211538365214,0.0052388447165303,1.010120191373787,1.0467926180418892,-35.60746919011737,0.0317079134955669,0.0241180817797485,0,298480.0,9958100,61.900390625,0.0570597257778601,1,0.0570597257778601,0.0076767478526221,0,1,9
2023-09-27,19716.44921875,203600,50.355964194849136,18689.947093173552,66.30451042600544,104.32614968547767,153.22879464285714,21.87582432376079,0.0026316191986632,-0.0092933747497551,-0.0138422068910541,0.0051885423369995,0.0052485312921665,1.0096195111381203,1.046556288021158,-38.02163925947224,0.028390703996551,0.0241743443618788,0,293290.0,10161700,176.69921875,0.0538171454721271,1,0.0538171454721271,0.0077716222095984,0,2,9
2023-09-28,19523.55078125,352800,42.13874101727506,18698.24165723401,40.82229173693122,91.62537809576838,159.48604910714286,21.6772508379721,-0.0097836296667737,-0.0110827146947646,-0.0272271658570004,0.0054473505586748,0.0057742354307485,1.0085993682609722,1.0460154183730503,-50.80308635883716,0.037838908630777,0.0129183049287978,1,299280.0,9808900,274.55078125,0.051434907846816,1,0.051434907846816,0.0081689058969903,0,3,9
2023-09-29,19638.30078125,243500,47.61506625758731,18707.59547936353,29.546225336809584,79.20954754397663,163.95744977678572,21.492861172596893,0.0058775169171687,-0.0018272218127756,-0.0231207543690548,0.005965630904055,0.0057528625872801,1.0080072507365316,1.0456593787284436,-49.66332220716704,0.0299913531474187,0.0149448032872026,0,283325.0,10052400,202.69921875,0.0457592642026137,1,0.0457592642026137,0.0083488613196782,0,4,9
2023-10-03,19528.75,221700,43.39261499660817,18715.76617111116,11.635897597836449,65.6948175547486,161.8466796875,21.741699300503512,-0.0055784246544688,-0.0074106282207444,-0.0328639124328008,0.0055295078394119,0.0055723413197775,1.007150556118391,1.0451336846748698,-54.05891995691215,0.0353340163295422,0.0085051022285372,0,277760.0,9830700,158.650390625,0.0443826178935371,1,0.0443826178935371,0.0082876108141842,0,1,10
2023-10-04,19436.099609375,277100,40.149814337220455,18722.933668009307,-9.919927633247426,50.5718685171494,161.80747767857142,22.71239923846049,-0.0047443072713306,-0.0116248719002542,-0.0346292532680134,0.0055448860542757,0.0055707620551141,1.0061148491900054,1.0444730743628194,-60.49179615039682,0.0407024478889005,0.004688749956684,1,276775.0,9553600,195.150390625,0.0457466336420595,1,0.0457466336420595,0.0083251002480211,0,2,10
2023-10-05,19545.75,234900,45.35463065052795,18731.120895193293,-17.94830737830489,36.86783333805855,160.95382254464286,22.568362577503645,0.0056415841052857,-0.0086577059011045,-0.0178706213454474,0.0054435196941393,0.0056977154912073,1.0055043730302686,1.043995921051504,-54.81614071636344,0.0349412583838662,0.0104986046100279,1,275680.0,9788500,140.849609375,0.0460574328114653,1,0.0460574328114653,0.0082347222564825,0,3,10
2023-10-06,19653.5,159100,49.95984967282794,18740.29879673366,-15.4383677782389,26.40659311479906,161.36802455357142,21.67534736372984,0.0055127073660514,0.0066560238045838,-0.0045004577030085,0.0054085083103764,0.0058199101582757,1.0052606835912563,1.0436903052503328,-41.84496089303796,0.0292254773079909,0.0156658099777444,0,269255.0,9947600,130.0,0.0457473296666127,1,0.0457473296666127,0.0082106507519562,0,4,10
2023-10-09,19512.349609375,165100,44.65124936124086,18747.98089437188,-24.55581528926268,16.214111433986712,165.2001953125,21.45411023479192,-0.0071819467588469,-0.0064135473469911,-0.008229050186157,0.0057570084193189,0.0058706501556401,1.0046262849779963,1.043164924337813,-40.76992672324939,0.0369132916720777,0.0098880693644506,1,262265.0,9782500,173.0,0.0473769963423664,1,0.0473769963423664,0.0084664429768687,0,0,10
2023-10-10,19689.849609375,216600,51.61398235434384,18757.352722381864,-17.25973211084056,9.51934272502126,174.18596540178572,20.33714207133721,0.0090968029762401,0.0082493559175573,0.0007775947870474,0.0065618705765126,0.0061520009007521,1.0045643489562224,1.042920975662622,-26.77907483586182,0.0272869904267966,0.0191957338575156,1,258690.0,9999100,205.451171875,0.0474981091677083,1,0.0474981091677083,0.0088464853138771,0,1,10
2023-10-11,19811.349609375,213700,55.720184499398016,18767.840253595725,-1.6544278301880695,7.284588613979394,166.6787109375,19.213105059510752,0.0061706921287072,0.0193068572163006,0.0074575455741103,0.0068280743225853,0.0059643175130877,1.004840064699528,1.042858295467884,-8.939016444167464,0.0199456047573468,0.0251034752212369,0,256935.0,10212800,149.349609375,0.0463388858246182,1,0.0463388858246182,0.0084132941078696,0,2,10
2023-10-12,19794.0,217900,55.00239001982593,18778.050798336066,9.206789622799988,7.669028815743514,158.05008370535714,18.19367744469553,-0.0008757409120068,0.0127009707992786,0.0039333036283353,0.0068115573009106,0.0059646406178494,1.0050117533115068,1.0427544492488103,1.5377608070564746,0.0197036478926097,0.024119383879525,0,251425.0,9994900,70.650390625,0.0450609705956581,1,0.0450609705956581,0.0079847470801938,0,3,10
2023-10-13,19751.05078125,255000,53.17616278978685,18787.732390205856,14.185221292551432,8.972267311105098,160.11788504464286,17.39598503063772,-0.002169809980297,0.0049635322588852,0.0116525934523388,0.0059111048096073,0.0058861705741752,1.005019558429641,1.04257226722064,5.212953981446335,0.0198231595612611,0.0215142879407049,0,251605.0,9739900,170.099609375,0.0424472181150392,1,0.0424472181150392,0.0081068033705146,0,4,10
2023-10-16,19731.75,181000,52.33521016803732,18797.12560025356,16.384383540447743,10.454690556973627,157.03585379464286,16.655270646155465,-0.0009772027556287,0.0112441809939478,0.0047585185597738,0.005698818241908,0.0058582559232605,1.004952448475296,1.0423520775026056,5.929692983474116,0.0180227818760399,0.0196412374584134,0,246900.0,9558900,89.451171875,0.0386737643745591,1,0.0386737643745591,0.0079585365613614,0,0,10
2023-10-17,19811.5,185800,55.46891641357315,18807.21887786298,24.282480645888427,13.220248574756589,161.04296875,15.494755022738827,0.0040417094276989,0.0061783301060398,0.0144786532676182,0.0053627707481113,0.0058397587168577,1.005102671618489,1.0422478162916735,11.062232071131838,0.0096034722795466,0.0211886587558353,0,234280.0,9744700,118.0,0.0317761260296097,1,0.0317761260296097,0.0081287620195341,0,1,10
2023-10-18,19671.099609375,198900,49.32116579909469,18815.81470603723,18.993693876403995,14.37493763508607,161.35016741071428,15.136846551407311,-0.0070868127413371,-0.0070792754035107,0.0120909032533795,0.0057037957604174,0.005986698906684,1.0048141445250685,1.0419161443855918,4.618756241317925,0.0118225507215983,0.0115652828368336,0,230980.0,9545800,181.0,0.0239923247057615,1,0.0239923247057615,0.0082023969485578,0,2,10
2023-10-19,19624.69921875,230300,47.44946724662902,18823.863308153774,10.932149504289557,13.686380008926768,153.84305245535714,15.584775821873407,-0.0023588102112444,-0.0085531363670808,0.0040392012969572,0.0055738635179924,0.0054801928086753,1.0044131949777722,1.0415127263548436,-2.754230504637212,0.0122625564455731,0.008685869462114,0,223590.0,9315500,169.451171875,0.0214542638982824,1,0.0214542638982824,0.0078392565786878,0,3,10
2023-10-20,19542.650390625,198300,44.251555037647606,18831.01541842712,-2.0536638514095102,10.538371236859511,146.93596540178572,16.00071014444907,-0.0041808960845935,-0.010551357137051,-0.0056401968796906,0.0054302904613064,0.0052751932481281,1.003814365922758,1.040986700848616,-12.592035088269022,0.0161231725266651,0.005156433812053,0,219750.0,9117200,106.0,0.0217133531092836,1,0.0217133531092836,0.0075187327442685,0,4,10
2023-10-23,19281.75,176000,35.953700412657795,18835.5003396368,-33.0168973411819,1.8273175212512305,156.9609375,17.510110813266188,-0.0133503074255556,-0.0228058839180508,-0.0118181364106045,0.0065100402482959,0.0059839907915454,1.0025350967393332,1.0400703261866084,-34.844214862433134,0.031661112162648,-0.0044803128571243,0,216230.0,8941200,299.0,0.0273919201653942,1,0.0273919201653942,0.0081403885798747,0,0,10
2023-10-25,19122.150390625,225300,32.000605359237966,18838.35257895012,-69.63117279082508,-12.464380541164031,162.53236607142858,19.503318249459795,-0.008277236732921,-0.0347954273717285,-0.0288320749021718,0.0057385528989955,0.0061942635216059,1.000955940166361,1.0389384235942236,-57.16679224966104,0.0429992353701718,-0.0072476815264534,0,218075.0,8715900,273.150390625,0.0357813685705247,1,0.0357813685705247,0.0084996908167354,0,2,10
2023-10-26,18857.25,300400,26.74450464479869,18838.54061299042,-118.65570838908025,-33.70264611074728,172.77887834821428,21.95591897559795,-0.0138530649123475,-0.0413728579253968,-0.0481592434734232,0.0057127345839068,0.0067832631730877,0.998817630443368,1.0374404100815806,-84.95306227833296,0.0622931031383883,-0.012473098770029,1,222850.0,8415500,284.30078125,0.0492722948115162,1,0.0492722948115162,0.0091624642165858,0,3,10
2023-10-27,19047.25,205200,34.99209935107994,18840.61732330892,-140.5563478647637,-55.07338646155056,179.12890625,23.97334958037651,0.0100757003274603,-0.0294246149871325,-0.0377260786096796,0.0073786078423315,0.0072435689666953,0.9975042099569128,1.0362923853559636,-85.48296140321312,0.0522766100584723,0.0017199659727115,0,222930.0,8620700,218.900390625,0.0540334433135282,1,0.0540334433135282,0.0094044497893396,0,4,10
2023-10-30,19140.900390625,180100,38.65803997099934,18843.605214526,-148.6425003629156,-73.78720924182358,182.37890625,25.23077197720816,0.0049167407696648,-0.0205576005285714,-0.0308920470805647,0.0078774685977031,0.0071250109970079,0.9966389523743904,1.0353299862300178,-74.85529112109202,0.0475447337804437,0.0090199411269504,0,214295.0,8800800,218.5,0.0569373815386948,1,0.0569373815386948,0.0095282302570952,0,0,10
2023-10-31,19079.599609375,206000,37.18005370913438,18845.953417459816,-158.1739642106113,-90.66456023558112,180.3645368303572,25.85796860075608,-0.0032026069828995,-0.010484027156508,-0.0330508135682339,0.0078420326653328,0.0069532773890907,0.9957213002549684,1.034306737236402,-67.50940397503018,0.0508882916546028,0.0087421942245826,0,212420.0,8594800,177.25,0.0599169547304542,1,0.0599169547304542,0.0094532663432692,0,1,10
2023-11-01,18989.150390625,194100,35.050686375531896,18847.378262963943,-171.05440531110798,-106.74252925068647,178.43610491071428,26.72108322684804,-0.0047406245729368,-0.0069552846977506,-0.0415086999659288,0.0074046156368541,0.0069293830762011,0.9946767627751668,1.033181233539068,-64.31187606042151,0.0564951034823869,0.0074634658644833,1,211040.0,8400700,122.3515625,0.0640498725109922,1,0.0640498725109922,0.0093967397824606,0,2,11
2023-11-02,19133.25,245600,40.86170223898416,18850.22275785983,-167.7014555073838,-118.93431450202596,186.68247767857144,26.95269581685211,0.0075885232572669,0.0146362804756792,-0.0273421222023941,0.0081834795205387,0.0071589171136079,0.9942030235216782,1.0323190209566282,-48.76714100535784,0.0485826255946024,0.0165658505596504,1,209465.0,8646300,186.099609375,0.0657877700881005,1,0.0657877700881005,0.0097569664159811,0,3,11
2023-11-03,19230.599609375,189500,44.47592502953858,18854.00760215352,-155.39759203002177,-126.22697000762513,184.7467912946429,26.48467276664912,0.0050879808383312,0.0096260409967319,-0.0200818165405799,0.0085523525121528,0.0071338868151894,0.9940935666617776,1.0316358008511348,-29.170622022396643,0.0426829678995708,0.0225915141241699,1,207195.0,8835800,143.0,0.0663041322953473,1,0.0663041322953473,0.0096069178833393,0,4,11
2023-11-06,19411.75,180700,50.53409935873308,18859.55727775397,-129.53615681094743,-126.8888073682896,192.1003069196429,25.162112562574457,0.0094199033989916,0.0141503066129353,-0.0066981902663415,0.0092211692157174,0.0073652641085372,0.994544136754714,1.0312517173237818,-2.647349442657827,0.0318707878879161,0.0318762010075473,0,208275.0,9016500,192.400390625,0.0654032076350343,1,0.0654032076350343,0.0098960839141057,0,0,11
2023-11-07,19406.69921875,198700,50.36908245193535,18865.00147617185,-108.20106439644952,-123.1512587739216,190.41462053571428,23.93110029364295,-0.0002601919584787,0.0171439451598489,0.0064801804167153,0.0080729774900412,0.0072001247357213,0.9949416067057968,1.0308662805702289,14.950194377472071,0.0317782051003917,0.0318075019262502,0,209955.0,8817800,94.400390625,0.0652385145520456,1,0.0652385145520456,0.0098117984098884,0,1,11
2023-11-08,19443.5,195000,51.6089968403276,18870.757680389044,-87.31680073099778,-115.98436716533683,181.9789341517857,22.539128984556623,0.0018962926582819,0.0239268003058901,0.0168050979001057,0.0074352404767393,0.0068812951221505,0.9954123941346104,1.0305439481281082,28.66756643433905,0.0285008463656361,0.033582497206534,0,208875.0,9012800,62.900390625,0.0638584196259891,1,0.0638584196259891,0.0093593712115506,0,2,11
2023-11-09,19395.30078125,208400,49.85231789919655,18875.97701472597,-73.80437456027721,-107.54836864432492,175.98604910714286,21.378313683691,-0.002478937369815,0.0136960935152157,0.0285328338570045,0.005378311615881,0.0067024038433911,0.9956995086695168,1.0301512868691245,33.74399408404771,0.0283818023251919,0.0306509872135257,0,208610.0,8804400,85.55078125,0.0606351603246595,1,0.0606351603246595,0.0090736437187544,0,3,11
2023-11-10,19425.349609375,152200,50.97272778531299,18881.443408702577,-59.97958287170332,-98.0346114898006,177.11830357142858,20.581926493321472,0.0015492839458333,0.0101270893240925,0.0198506140978356,0.0047400298474664,0.0067274064716409,0.9960519853799809,1.0298120008909806,38.05502861809728,0.0241661552770799,0.0314233847007378,0,205325.0,8956600,121.8515625,0.0572413715023522,1,0.0572413715023522,0.0091178952828703,0,4,11
2023-11-13,19443.55078125,189300,51.67699344098081,18887.03651688713,-47.012720027418254,-87.83023319732415,161.45047433035714,19.54019011254608,0.0009369804014345,0.0016382233054721,0.0158117112804805,0.0046316750957585,0.0067328471714567,0.9964257158287184,1.029505405270352,40.81751316990589,0.0209105352342505,0.0316146789804999,1,202040.0,9145900,79.650390625,0.0541797064056967,1,0.0541797064056967,0.0083035488808992,0,0,11
2023-11-15,19675.44921875,291500,59.63320317790407,18894.881419393227,-17.81871885280634,-73.82793032842059,159.77176339285714,18.92854141493007,0.0119267535086042,0.0138483106771885,0.0312296705158436,0.0053163712403222,0.0073051656489234,0.9974332834416352,1.029557697909417,56.00921147561425,0.0083218845552957,0.0427583799100911,0,207565.0,9437400,249.6484375,0.0533254157765918,1,0.0533254157765918,0.0081203616556109,0,2,11
2023-11-16,19765.19921875,282700,62.225430689027576,18903.54129799379,12.416680572918269,-56.57900814815282,157.19670758928572,19.22786460831361,0.0045615222809993,0.0165453348805513,0.0408680121101225,0.0045524062881086,0.0073216483420544,0.998576640877347,1.029732941685804,68.99568872107109,0.0032004042617973,0.0467964026736208,0,212410.0,9720100,248.25,0.0524387003374124,1,0.0524387003374124,0.0079532063324797,0,3,11
2023-11-17,19731.80078125,236800,60.66423295256923,18911.782685886887,33.29962037286896,-38.60328244394847,151.45744977678572,19.505807573598325,-0.0016897597201204,0.0173495633707987,0.0312832781283891,0.0046884033733614,0.0071476447181872,0.9994786123567064,1.0298362026823324,71.90290281681743,0.0055034149425205,0.0454803339428418,0,214305.0,9483300,138.55078125,0.0533751088663989,1,0.0533751088663989,0.0076758047304383,0,4,11
2023-11-20,19694.0,173800,58.864119153825065,18919.56594274373,46.26596820333725,-21.62943231449132,141.98953683035714,19.763897469934133,-0.0019157289123818,0.0138298870304678,0.02409703285586,0.0048769313138077,0.0071400495094816,1.0001551619233953,1.0298643233805742,67.89540051782858,0.0080535094394967,0.0439164606397351,0,211480.0,9309500,85.94921875,0.0542936291460584,1,0.0542936291460584,0.0072097865761326,0,0,11
2023-11-21,19783.400390625,195000,61.754598056702285,18928.161310384345,63.02919532033047,-4.697706787526961,138.97879464285714,20.35310585703617,0.004539473475424,0.0174787832324705,0.0191456406879853,0.004306635468361,0.0071246546175158,1.0009989400442068,1.0300157458944943,67.72690210785743,0.0055688858902788,0.0490907640905258,0,211315.0,9504500,135.099609375,0.0573271093481487,1,0.0573271093481487,0.0070250205676834,0,1,11
2023-11-22,19811.849609375,184500,62.653908771704565,18936.954228782262,77.7139497388307,11.784624517744572,138.93233816964286,20.486695303182948,0.0014380348265852,0.0069325172253253,0.0208768315548251,0.0042447386503673,0.006318432759017,1.0018093706693052,1.0301909317088869,65.92932522108613,0.007195733642808,0.0508513859823414,0,211740.0,9689000,121.701171875,0.0608840546987571,1,0.0608840546987571,0.0070125879667438,0,2,11
2023-11-23,19802.0,170000,62.10937969373457,18945.561649391395,87.54774633037232,26.93724888027013,131.95382254464286,20.86580316437437,-0.0004971574875239,0.0018618978155853,0.0184380384190088,0.0043227834959157,0.0059197584588252,1.0024779099372267,1.030330041675776,60.61049745010219,0.0101873248883825,0.0494366451117186,0,208975.0,9519000,88.400390625,0.0623974308578876,1,0.0623974308578876,0.006663661374843,0,3,11
2023-11-24,19794.69921875,145900,61.68145971734371,18954.010779434764,93.67219420032052,40.28423794428021,126.31096540178572,21.06030945583404,-0.0003686890844358,0.0031876683835045,0.0205925364089278,0.0041361596830864,0.0046868557048524,1.003028107675036,1.03043872659528,53.38795625604031,0.0110927698610119,0.0448830562046372,0,201250.0,9373100,64.0,0.058416948491851,1,0.058416948491851,0.0063810499975741,0,4,11
2023-11-28,19889.69921875,229600,65.05530792641562,18963.32111216427,104.9814089793399,53.22367215129215,121.29310825892856,21.68511700986525,0.0047992646389904,0.0099369969914695,0.0239043115677515,0.0042194574516528,0.0043723242857514,1.0037660463926878,1.0306747083394243,51.75773682804776,0.008184041185621,0.0471300113731571,1,202470.0,9602700,122.150390625,0.0578780794701662,1,0.0578780794701662,0.0060982877078696,0,1,11
2023-11-29,20096.599609375,236200,71.03652584568044,18974.59751512159,129.15041002154248,68.40901972534222,129.90387834821428,23.08677382192577,0.0104023891135545,0.0158314148511304,0.0335869119520471,0.0048726289739022,0.0047121984706191,1.004982881328486,1.0312021739554345,60.741390296200265,0.0017369124650132,0.056116982398719,0,205275.0,9838900,214.951171875,0.0610158672788262,1,0.0610158672788262,0.0064639730538102,0,2,11
2023-11-30,20133.150390625,486600,71.9499288016151,18986.12540443008,149.53016934210973,84.63324964869572,135.61453683035714,24.59091431327944,0.0018187545137213,0.0162176065125165,0.0232625525743437,0.0038244114556236,0.00452525624836,1.0061233600308097,1.031746164136775,64.896919693414,0.0030674937100931,0.0557468288357257,1,219305.0,10325500,142.849609375,0.0619746124128343,1,0.0619746124128343,0.0067358825717363,0,3,11
2023-12-01,20267.900390625,265800,75.07118990910325,18998.879384392218,174.54245747825917,102.6150912146084,140.81808035714286,26.440113033877875,0.0066929416105065,0.0235279461986162,0.0254336506458341,0.0040183842497103,0.0042495152700746,1.0074720149192726,1.0324551577595515,71.92736626365077,-0.0005811623453377,0.0587355874606062,1,222890.0,10591300,158.400390625,0.0614888403249102,1,0.0614888403249102,0.0069478375975381,0,4,12
2023-12-04,20686.80078125,381100,81.83734719171679,19015.674622171897,225.56644706523,127.20536238473274,163.16796875,29.127431303931807,0.0206681690037693,0.0450676998241519,0.0483990290895031,0.0067238024357682,0.005705674470017,1.0097990985445249,1.033752604125766,98.36108468049726,-0.0122598883025812,0.0788451452701167,1,229665.0,10972400,434.75,0.0715754752547361,1,0.0715754752547361,0.0078875400056006,0,0,12
2023-12-05,20855.099609375,421000,83.7461135470121,19033.97735836297,276.3974970243653,157.04378931265927,170.13936941964286,31.88955567929077,0.0081355657602475,0.0485377068807011,0.0589570229194171,0.0063565996842551,0.0057785599152186,1.0122496449396368,1.0352259727716764,119.35370771170602,-0.0109452839145749,0.0877749032099209,0,241240.0,11393400,177.25,0.0829183854603076,1,0.0829183854603076,0.0081581662330282,0,1,12
2023-12-06,20937.69921875,359200,84.60144612143958,19052.91986443648,319.66170731828606,189.56737291378465,160.15011160714286,34.60060187555479,0.0039606432442005,0.0418528321071107,0.0583468365060235,0.0063715954661672,0.0056402646390315,1.0145535326689263,1.036735045671306,130.0943344045014,-0.0059125674076742,0.0930201572996092,0,250165.0,11752600,109.798828125,0.0940213980777353,1,0.0940213980777353,0.0076488877757746,0,2,12
2023-12-07,20901.150390625,275000,82.5318782864475,19071.31021793089,346.99972388254173,221.05384310753607,148.87862723214286,37.10656364840452,-0.001745599062397,0.0381460419804751,0.0549822859918409,0.0066805346408447,0.0057060193482196,1.0163869572824509,1.03809658076681,125.94588077500566,0.0026450394470437,0.0911033694825184,0,253980.0,11477600,90.44921875,0.1006348327273784,1,0.1006348327273784,0.0071229872255701,0,3,12
2023-12-08,20969.400390625,292400,83.35091996609452,19090.19668731093,369.9084294655622,250.8247603791413,149.22502790178572,39.5342621997291,0.0032653705047074,0.0346113798903651,0.0589536607729017,0.0064129298738566,0.0056910364620559,1.018099419387517,1.039476173966133,119.08366908642093,0.0057843776287121,0.0931874881693406,0,258850.0,11770000,143.400390625,0.1061833701956634,1,0.1061833701956634,0.0071163230765769,0,4,12
2023-12-11,20997.099609375,212900,83.68526084198322,19109.170845739434,385.8509891307149,277.830006129456,150.40011160714286,41.81996869023475,0.0013209351833629,0.0149998461050704,0.060743554490894,0.0062537124435714,0.0055315794639524,1.0195869696620148,1.0408108247140144,108.02098300125886,0.0097659395186203,0.0920634666603432,0,259075.0,11982900,102.400390625,0.1089582641978632,1,0.1089582641978632,0.0071628993720633,0,0,12
2023-12-12,20906.400390625,244900,78.15106117539767,19127.05372678308,386.7091709722881,299.60583909802244,152.94656808035714,43.399892320618406,-0.0043196070141755,0.0024598674765829,0.0511169706838279,0.0070511968550261,0.0058162152443031,1.020546000999664,1.0419235997897267,87.10333187426568,0.0176324471922974,0.0845261177068125,0,263710.0,11738000,170.75,0.1084394318800458,1,0.1084394318800458,0.0073157772367615,0,1,12
2023-12-13,20926.349609375,260300,78.48803255149446,19144.957168400902,384.5659842131572,316.59786812104943,157.146484375,43.97609126434203,0.0009542158562574,-0.0005420657378073,0.0412880793829879,0.0068807885376537,0.0058157861133467,1.02135119285678,1.0429923161117185,67.96811609210778,0.0194125550514128,0.0810632699703932,1,267260.0,11998300,180.5,0.1063647529097943,1,0.1063647529097943,0.0075095029619785,0,2,12
2023-12-14,21182.69921875,334400,82.2717592140087,19165.233208702884,398.953872437909,333.0690689844214,171.1572265625,45.13370700964431,0.0122500872899569,0.0134704943442389,0.052130382367467,0.0072798389571469,0.0058402639815015,1.0226715062084704,1.0443742880447406,65.88480345348762,0.0121022474886799,0.0900950762472611,1,269405.0,12332700,284.55078125,0.1091070245345451,1,0.1091070245345451,0.0080800480049775,0,3,12
2023-12-15,21456.650390625,508800,85.25626443063625,19188.03337966729,427.53360629703457,351.96197644694405,188.7001953125,46.69951523455348,0.0129327792008919,0.023236239039903,0.0586518572269014,0.007685902501097,0.0061935295722706,1.024476392027453,1.0460783113692165,75.57162985009052,0.0061203024144001,0.1007695520597379,0,280710.0,12841500,309.6015625,0.1151144236593459,1,0.1151144236593459,0.0087944852470984,0,4,12
2023-12-18,21418.650390625,249700,83.1648428300714,19210.22857380617,442.0216187929691,369.9739049161491,188.3645368303572,48.153480014826286,-0.0017710126840955,0.0200766195852013,0.0353776118943596,0.0059158216767472,0.0061975747464604,1.0258353900042188,1.0476183571424162,72.04771387682001,0.0130899635619804,0.0964832150443106,0,281355.0,12591800,117.451171875,0.1173111900040563,1,0.1173111900040563,0.0087944167067036,0,0,12
2023-12-19,21453.099609375,249800,83.55860537814253,19232.5456985382,451.0834281553907,386.1958095639974,184.9609375,49.27383437592057,0.0016083748565725,0.0261498492583713,0.0286740418986626,0.0057036067538856,0.0060653863323697,1.0270020918107174,1.049110773967388,64.88761859139333,0.0156190004720545,0.0938901783239585,0,285155.0,12841600,167.30078125,0.1169301781858431,1,0.1169301781858431,0.0086216416680027,0,1,12
2023-12-20,21150.150390625,363900,68.40602120758297,19251.62634224056,428.8756952124968,394.7317866936973,210.8752790178572,48.461158683051465,-0.0141214660942333,0.0106946880572871,0.0101468250955074,0.0077940332609256,0.0073306470685956,1.0270810392857146,1.050053149987773,34.14390851879949,0.0313700017550518,0.0756527099250678,0,293600.0,12477700,505.650390625,0.1122892207620675,1,0.1122892207620675,0.0099703914687684,0,2,12
2023-12-21,21255.05078125,277500,70.40714666086036,19271.560913772988,414.9571242647871,398.7768542079153,221.814453125,47.01693495715427,0.0049597940765233,0.0034155969337448,0.0169321010571619,0.0078164097142819,0.0073240616738123,1.027328416816632,1.0510829000618345,16.180270056871848,0.0274131816428319,0.0745580514375663,0,298250.0,12755200,311.548828125,0.107145969055997,1,0.107145969055997,0.0104358467739193,0,3,12
2023-12-22,21349.400390625,284700,72.11773582189667,19292.23593344316,406.8498694352129,400.3914572533748,202.0502232142857,46.0097061914801,0.0044389265566107,-0.0049984502728748,0.0181216435816586,0.0078511238056346,0.0072635171472106,1.0276911084170297,1.052179038847991,6.458412181838071,0.0235059098801013,0.072033070469817,0,303985.0,13039900,158.05078125,0.10045840622503,1,0.10045840622503,0.0094639764825906,0,4,12
2023-12-26,21441.349609375,219500,73.71251491582858,19313.620149124075,403.1965462703338,400.9524750567666,199.93959263392856,45.34351301774323,0.0043068759341071,0.0010597875373108,0.0211576840737397,0.0078865112683645,0.0071974268149889,1.0281447976580946,1.0533337918435202,2.2440712135671674,0.0189548884105456,0.0681709685040345,1,307665.0,13259400,147.701171875,0.0916444329780013,1,0.0916444329780013,0.0093249537121724,0,1,12
2023-12-27,21654.75,256500,77.00045298349558,19336.914973510902,412.7628165896385,403.314543363341,208.83970424107144,45.27547863964308,0.0099527499207277,0.0093995923338219,0.0357952395148128,0.0078822988924614,0.0073177409979953,1.0290014438457815,1.0547237209590214,9.448273226297488,0.0096174899690084,0.0699070284218882,1,309010.0,13515900,234.400390625,0.0841264054058558,1,0.0841264054058558,0.0096440598132544,0,2,12
2023-12-28,21778.69921875,393100,78.66928730337013,19361.21133416005,425.4415949271024,407.7399536760933,212.85756138392856,45.51664397054481,0.0057238813077962,0.0297184093973919,0.0407309265727429,0.0078519467722544,0.0071854968509309,1.02996023571903,1.0562025917932711,17.701641251009107,0.0057764303871198,0.0693818526146514,0,316855.0,13909000,146.69921875,0.0796436555078562,1,0.0796436555078562,0.0097736581623145,0,3,12
2023-12-29,21731.400390625,270900,76.3914130091147,19384.795304871142,426.75364756412455,411.54269245369954,209.8860212053572,45.73292438967998,-0.0021717930740454,0.0224111254438972,0.02590326974899,0.0074901128981811,0.0073051707909458,1.0305440175515228,1.057511173078422,15.210955110425004,0.007982622440264,0.0600188779414437,0,306070.0,13638100,101.798828125,0.0716317924273068,1,0.0716317924273068,0.0096581912547109,0,4,12
2024-01-01,21741.900390625,154000,76.55371438096844,19408.249086818945,423.75592643855634,413.98533925067096,213.53599330357144,46.09285313686093,0.0004831718072126,0.0183845912680693,0.0132942465299539,0.0065555801435809,0.0073100364150029,1.0309564136438414,1.0587433064052458,9.770587187885384,0.0070351244058665,0.0532325903623426,0,300480.0,13792100,153.5,0.0632954145615142,1,0.0632954145615142,0.0098214042685821,0,0,1
2024-01-02,21665.80078125,263700,72.65522070364781,19430.71228775856,410.5075330545478,413.2897780114464,215.62165178571428,45.52767452663879,-0.003500136051024,0.0104681457074353,0.0115390272551056,0.0066686121804252,0.0062507157439675,1.0309886708385847,1.0597745957338145,-2.7822449568985803,0.0115942859621396,0.0464105150962967,0,294610.0,13528400,199.94921875,0.0605660102482179,1,0.0605660102482179,0.0099521662717547,0,1,1
2024-01-03,21517.349609375,311900,65.6335224026871,19451.474848172656,383.60733041830827,407.3532884928188,215.3466796875,44.625751283189615,-0.0068518663756694,-0.0063450462658307,0.002994905219753,0.0071274188557488,0.0064147198130454,1.0305006293511465,1.060508612721884,-23.74595807451056,0.0189225936242787,0.0371029990983135,1,289155.0,13216500,176.650390625,0.0580083529851784,1,0.0580083529851784,0.0100080485560207,0,2,1
2024-01-04,21658.599609375,339200,68.73016081255125,19473.43628858263,369.4278858409889,399.7682079624528,207.04310825892856,43.81890232550354,0.0065644701863494,-0.0055145446552474,0.0240399812464395,0.0052149810926935,0.0064914623547271,1.030334047501171,1.0613871155119123,-30.340322121463885,0.0134781859420278,0.0412548710653863,0,288155.0,13555700,168.30078125,0.0569458146138444,1,0.0569458146138444,0.0095593949744243,0,3,1
2024-01-05,21710.80078125,309300,69.81273031755941,19495.698621843003,358.2728260414806,391.4691315782584,193.5287388392857,43.30040153170081,0.0024101822286055,-0.0009479190942469,0.0214419624159183,0.0051371615731636,0.0064412112352568,1.03020953828588,1.0622709868812985,-33.1963055367778,0.0119836277021323,0.0407730497297988,0,289870.0,13865000,120.400390625,0.0549177338818476,1,0.0549177338818476,0.0089139383106689,0,4,1
2024-01-08,21513.0,231500,61.17087017969547,19515.77127237193,329.67124591603715,379.1095544458142,204.5,41.84278345430803,-0.009110708685643,-0.0105280765026272,0.0076629603821023,0.0061493450305807,0.0068845649581675,1.0294606150003875,1.062792553645603,-49.43830852977703,0.0210004533442393,0.0291387828572082,0,286825.0,13633500,271.048828125,0.0516519512323094,1,0.0516519512323094,0.0095058801654813,0,0,1
2024-01-09,21544.849609375,228600,61.98682763699149,19535.961106570965,306.04637282298427,364.4969181212482,207.65345982142856,40.48928095387187,0.0014804820050666,-0.0055825848809463,0.0048271215145312,0.0060331199680247,0.0068846792776113,1.0287817382194218,1.0633073695192798,-58.45054529826393,0.0191230304996546,0.0276635450494724,0,287610.0,13862100,211.44921875,0.0482078737049784,1,0.0482078737049784,0.0096381949090547,0,1,1
2024-01-10,21618.69921875,217000,63.88205644262719,19556.68486888121,289.940285844692,349.58559166593693,185.33551897321428,38.74398743516762,0.0034277152411805,0.0047101344363917,-0.0016647978503561,0.0051910256097607,0.0067681666964439,1.028276968466692,1.0638769690636851,-59.6453058212449,0.0143876767338569,0.0264362017105163,0,286215.0,14079100,193.19921875,0.0421382675163827,1,0.0421382675163827,0.0085729264789655,0,2,1
2024-01-11,21647.19921875,212500,64.61526052944083,19577.486006690848,276.2908982025001,334.9266529732496,172.56417410714286,37.53289190567609,0.0013183031833516,-0.0005263678552913,-0.0060380098314957,0.0048096424409771,0.0067665493430745,1.0278051149788685,1.0644317908135732,-58.635754770749486,0.0110760293895077,0.0224118365802114,1,283825.0,14291600,132.75,0.0345536724266136,1,0.0345536724266136,0.0079716628633266,0,3,1
2024-01-12,21894.55078125,294700,70.25839877590579,19600.541377581983,282.1800678765394,324.3773359539076,181.3498883928572,37.24157133496647,0.0114264926377058,0.0084635293673134,0.0075075875319743,0.006071180586026,0.0067012616935922,1.027939475551409,1.0652918313108724,-42.19726807736822,0.0012130480052737,0.0317643231602469,1,281840.0,14586300,281.05078125,0.0343589233856667,1,0.0343589233856667,0.0082828777902198,0,4,1
2024-01-15,22097.44921875,345500,73.93102974353947,19625.38623172296,299.76399277356177,319.45466731783847,186.58551897321428,37.58790620946324,0.0092670746948486,0.027167257878957,0.0163531624070134,0.0066351470083109,0.0064214444957649,1.0284791248783829,1.0663753490612966,-19.690674544276703,-0.0035702379912473,0.0421646080308205,0,273675.0,14931800,221.0,0.0405236598445644,1,0.0405236598445644,0.0084437582422361,0,0,1
2024-01-16,22032.30078125,292400,70.90348538660356,19649.33563022572,304.92743187779706,316.5492202298302,180.8676060267857,37.93587564177143,-0.0029482333845447,0.0226249512395246,0.0169160606478564,0.0065897519472125,0.0064582193451549,1.0286635524726262,1.0672794897120368,-11.62178835203315,0.0022532750764318,0.0394242238379181,0,275810.0,14639400,154.349609375,0.0435699804098311,1,0.0435699804098311,0.0082092019268685,0,1,1
2024-01-17,21571.94921875,456000,54.05768934014116,19668.466113693623,268.77470331983204,306.9943168478306,204.8070591517857,35.70654942346147,-0.0208943935120824,-0.0021624797832171,0.0025374690826798,0.009477641733023,0.00816164333445,1.0275072707148805,1.0674389331732126,-38.21961352799855,0.0236435228210203,0.0183761934133819,0,286120.0,14183400,481.8515625,0.042998076700299,1,0.042998076700299,0.0094941378303343,0,2,1
2024-01-18,21462.25,387300,50.95115213307862,19686.31470957727,228.63602157704008,291.32265779367253,217.99274553571428,33.786908416190954,-0.0050852715087356,-0.0085437943671624,-0.0090656650437367,0.009336193483552,0.0075478469770005,1.0261118407966845,1.067402140853232,-62.68663621663245,0.0273640992643873,0.0103931404442496,1,287290.0,13796100,286.3984375,0.0384121649408256,1,0.0384121649408256,0.0101570313241022,0,3,1
2024-01-19,21622.400390625,343100,55.0155022147453,19705.57924371705,207.35832747995664,274.5297917309294,221.9105747767857,31.443593409317707,0.0074619571864553,-0.0124300513558863,-0.0040717240932607,0.0096643611881801,0.007641284597863,1.025220449881262,1.0675709579713857,-67.17146425097275,0.0187065640846653,0.0149757507074429,0,290570.0,14139200,208.349609375,0.0344929823847432,1,0.0344929823847432,0.0102629944302114,0,4,1
2024-01-23,21238.80078125,449700,45.327046526603205,19720.83517941389,157.7241729240668,251.1686679695569,247.4606584821429,30.57350951277757,-0.0177408429427344,-0.0388573553897535,-0.0127457453051643,0.0108452350492063,0.0086422756290318,1.023346848160325,1.067146172689655,-93.4444950454901,0.0378616158411902,-0.0015383675691841,1,298820.0,13689500,557.650390625,0.0365468929171488,1,0.0365468929171488,0.0116513479753812,0,1,1
2024-01-24,21453.94921875,407500,50.58342732626036,19738.08009522819,134.20242664324903,227.77541970429533,259.4963727678572,29.927045471218925,0.0101299710711508,-0.0262501664370972,-0.0042191239332414,0.011415243191591,0.0088972793794358,1.022195023241654,1.0670262946579154,-93.5729930610463,0.0274188847825344,0.0084120585699216,0,308220.0,14097000,345.150390625,0.0364156987852725,1,0.0364156987852725,0.0120955060591392,0,2,1
2024-01-25,21352.599609375,418100,48.23103666009108,19754.144966015723,106.15946653983336,203.45222907140297,262.61411830357144,29.32675743262876,-0.0047240537554001,-0.0101682795166393,-0.0123087706009716,0.0114054682062715,0.0086405727403149,1.020845416185599,1.0667373254372383,-97.2927625315696,0.0326369093897307,0.0054619670090504,1,316300.0,13678900,211.94921875,0.0385646266700479,1,0.0385646266700479,0.0122989295499302,0,3,1
2024-01-29,21737.599609375,376700,56.505804717356106,19773.880833113828,113.6909426236016,185.4999717818427,283.3462611607143,27.45564745177989,0.0180305914522447,0.012829484763946,0.0041760779171238,0.0129340240922418,0.009513719665921,1.0206028854210514,1.0669917008001837,-71.8090291582411,0.0141445129175905,0.0230624385560493,0,315480.0,14055600,410.650390625,0.038344503474327,1,0.038344503474327,0.0130348459007641,0,0,1
2024-01-30,21522.099609375,375100,51.53987102184336,19791.27604481792,101.10516528041262,168.62101048155668,286.2177734375,25.526769805012258,-0.0099136981024832,-0.0046387440542211,-0.0170111355832867,0.012687657663004,0.0097588805423737,1.0197497530053072,1.066893101071408,-67.51584520114406,0.0238546077279709,0.0138083934215462,1,320690.0,13680500,311.25,0.0384482939535516,1,0.0384482939535516,0.0132987849063213,0,1,1
2024-01-31,21725.69921875,410600,55.5173917030272,19810.52403659834,106.33388218070468,156.16358482138628,292.0071149553572,23.94112541554464,0.0094600254190029,0.022924949601196,-0.0168232087025033,0.0127062238808597,0.0100067879252417,1.0194665810430426,1.0670650572659912,-49.8297026406816,0.0141840905062788,0.023049338478196,0,333520.0,14091100,292.5,0.0383707753310397,1,0.0383707753310397,0.0134406313930437,0,2,1
2024-02-01,21697.44921875,332500,54.84474181810526,19829.29941154513,106.96511186405404,146.32389022991984,290.6499720982143,22.370342093838776,-0.0013003033741542,0.0113498916920709,-0.0151982112909863,0.0126978014519689,0.0099782194129261,1.0190725428751333,1.0671588980356563,-39.3587783658658,0.0156145483587503,0.0217414836425817,1,336960.0,13758600,174.19921875,0.0384442528778519,1,0.0384442528778519,0.0133955825483415,0,3,2
2024-02-02,21853.80078125,442800,57.88601095645737,19849.443703780995,118.7131787172366,140.8017479273832,311.83579799107144,21.962274161458147,0.0072059881750932,0.0234726066635437,0.0130656511213653,0.0109006280649778,0.009956337409244,1.0190657420120828,1.067444597501762,-22.088569210146588,0.0094658164934203,0.0283182293585307,0,343505.0,14201400,429.3515625,0.0391345030022059,1,0.0391345030022059,0.0142691791287224,0,4,2
2024-02-05,21771.69921875,440800,55.76217904609525,19868.57062432795,120.01523546867612,136.6444454356418,308.7144252232143,21.23822219497649,-0.0037568550808078,0.001568692495389,0.014418302775804,0.0108212626974075,0.0099104795022993,1.01877252749514,1.0675687192613128,-16.62920996696569,0.0136939475289305,0.0245559287958238,1,348585.0,13760600,237.3515625,0.0394578402398681,1,0.0394578402398681,0.0141796201629198,0,0,2
2024-02-06,21929.400390625,371000,58.882781386206126,19889.076393146825,132.24782087400672,135.76512052331478,308.2036830357143,20.565888226100665,0.0072434021015312,0.0189247698246215,0.014198238606899,0.0108080631409927,0.0100227494797604,1.018856884389003,1.0678844060053478,-3.517299649308057,0.0076592301908813,0.0318288911224945,0,351670.0,14131600,213.849609375,0.0410095511045914,1,0.0410095511045914,0.0140543597884907,0,1,2
2024-02-07,21930.5,346300,58.90454979289313,19909.389065851832,140.4123757613852,136.69457157092887,310.9751674107143,20.310804251951044,5.014315737827957e-05,0.0094266600668599,0.0325677153749963,0.0085171049367407,0.0097640576683243,1.018860259081971,1.0681564818262828,3.71780419045632,0.0089690006577894,0.0313339896286291,0,357410.0,14477900,193.150390625,0.0418176208729472,1,0.0418176208729472,0.0141800308889771,0,2,2
2024-02-08,21717.94921875,491100,53.05723491121083,19927.38468926376,128.25334788669352,135.0063268340818,301.25362723214283,19.17376666940795,-0.0096920171108729,0.0009448115210834,0.012305426721588,0.0090273896735166,0.0100509268599188,1.0182385319070415,1.0680806016627375,-6.752978947388272,0.019031179032314,0.0212442732201392,0,370535.0,13986800,345.75,0.0413675172374157,1,0.0413675172374157,0.0138711820438394,0,3,2
2024-02-09,21782.5,349200,54.53336270027387,19945.843548077053,122.41481745340208,132.48802495794584,293.26436941964283,17.96403712565663,0.0029722318898448,-0.0032626261199916,0.0201333982039475,0.008785331685625,0.0100443344273318,1.017797161800296,1.068072148324224,-10.07320750454376,0.0163962446635446,0.0237776449418643,0,377145.0,14336000,174.548828125,0.041370226153609,1,0.041370226153609,0.0134633017063993,0,4,2
2024-02-12,21616.05078125,287400,50.15386189914159,19962.46252552156,103.16742923696438,126.62390581374956,296.7357700892857,16.765491709095716,-0.0076414194307357,-0.007149117573972,-0.0055916398456699,0.0071975934614195,0.0102010039410458,1.016914122460848,1.0677967667731063,-23.45647657678517,0.0241965708134192,0.0163783877466911,1,380890.0,14048600,256.94921875,0.041466931090164,1,0.041466931090164,0.0137275662928529,0,0,2
2024-02-13,21743.25,365800,53.244061129265496,19980.181803874584,97.05881570001657,120.71088779100296,272.86439732142856,15.79449828042105,0.0058844800115076,-0.0084886220010184,0.0102755026061056,0.0066216040882819,0.0099457128281163,1.0164136342422856,1.0676886636938396,-23.6520720909864,0.0174656481278484,0.0220891645496115,0,384445.0,14414400,223.451171875,0.0406764155655077,1,0.0406764155655077,0.0125493841684857,0,1,2
2024-02-14,21840.05078125,359100,55.50478428204203,19998.687962853444,98.8887811972818,116.34646647225875,272.54296875,14.933215987075585,0.0044519922849619,-0.0041243573447937,0.0052634238073825,0.0060816052982701,0.009758462878401,1.0161679497412837,1.0676956981923351,-17.457685274976953,0.0107537932649003,0.0253998983903572,0,385125.0,14773500,340.650390625,0.0373665421383986,1,0.0373665421383986,0.0124790446450784,0,2,2
2024-02-15,21910.75,345400,57.134959454262784,20017.71345576037,104.8354008894712,114.04425335570126,268.76436941964283,14.507452828884883,0.0032371361888359,0.0088774855907456,0.0098306846624935,0.0060981444163246,0.0097761322868398,1.0160763042266896,1.067774538661137,-9.208852466230056,0.0063676052197282,0.0279745878794954,1,387775.0,15118900,159.048828125,0.0356191579469638,1,0.0356191579469638,0.0122663244945811,0,3,2
2024-02-16,22040.69921875,343900,60.033384487123605,20037.84266733241,118.66604743304924,114.96861217117086,250.71079799107144,14.599404703256464,0.0059308430222606,0.0118535162974864,0.0085522165856088,0.0059657462671813,0.0085560006953136,1.016271696992378,1.068005887680049,3.697435261878383,0.0028101777784527,0.0339547719675761,0,382170.0,15462800,157.900390625,0.0383167219325235,1,0.0383167219325235,0.0113749021981023,0,4,2
2024-02-19,22122.25,0,61.77996669058466,20058.583038801746,134.6551798682376,118.9059257105842,240.30719866071428,15.145548607249166,0.0037000088082788,0.0234177474818426,0.0161012136778053,0.0057867833906341,0.0084459947869051,1.016589383171615,1.068312576917954,15.74925415765341,0.0017237599378535,0.0371428604051432,0,362805.0,15462800,165.599609375,0.0405952344340616,1,0.0405952344340616,0.0108626924775153,0,0,2
2024-02-20,22196.94921875,295700,63.35948911455442,20079.86031422411,151.60665800271818,125.44607216901102,231.5393415178572,15.762861294854789,0.003376655573009,0.020866209915721,0.012200462546134,0.005490404739825,0.0083442650419787,1.0169936671660031,1.068680671364712,26.16058583370716,0.0015393241254899,0.0409813997626436,0,360435.0,15758500,169.75,0.0445029873201761,1,0.0445029873201761,0.0104311335416433,0,1,2
2024-02-21,22055.05078125,364500,58.42041430621448,20099.51395071193,151.84048593711125,130.72495492263107,237.0573381696429,16.034188550913157,-0.00639270001033,0.009844299454861,0.0056793407013064,0.0059983773858331,0.0072984033930387,1.0169130027388076,1.0687987191185258,21.115531014480183,0.0076399895721135,0.0307672033817338,1,356175.0,15394000,251.451171875,0.0398659426243807,1,0.0398659426243807,0.0107484376490838,0,2,2
2024-02-22,22217.44921875,343500,62.06511313363646,20120.587933478484,163.24816966420258,137.22959787094538,233.33579799107144,15.55101215197166,0.0073633218581414,0.0139976595392672,0.0229994091508769,0.0051114536223065,0.0071593506415192,1.017196222301972,1.069112038590633,26.018571793257195,0.0022603407297948,0.0364010173903659,0,352975.0,15737500,377.25,0.0403545828763514,1,0.0403545828763514,0.0105023666620627,0,3,2
2024-02-23,22212.69921875,226000,61.89421865917849,20141.404961192628,169.94651822914238,143.77298194258478,224.3392857142857,15.315435342440882,-0.0002137959201901,0.0078037451667449,0.0197497632847469,0.0051631168495871,0.007013433108853,1.0173633206943553,1.0693729686419275,26.173536286557606,0.0029676545172967,0.032815841022377,0,343370.0,15511500,111.400390625,0.037269302329033,1,0.037269302329033,0.0100995958890452,0,4,2
2024-02-26,22122.05078125,207800,58.57927711882275,20161.112879800163,166.02658527313542,148.2237026086949,218.88922991071428,14.452889521522351,-0.0040809285088362,-9.005356597979741e-06,0.0234085312400778,0.0045078832136386,0.0060267811199606,1.017208764217081,1.069462368705839,17.802882664440517,0.0082844638402657,0.0283217922623984,0,334925.0,15303700,137.548828125,0.0379373074566754,1,0.0379373074566754,0.0098946174599797,0,0,2
2024-02-27,22198.349609375,252200,60.49705157306112,20181.383892034737,167.14988807514965,152.00893970198587,214.5641741071429,13.737600237955071,0.0034489943486464,6.308932868193118e-05,0.0209306156795787,0.0043575327126247,0.0054815829216651,1.0172044719384736,1.0696255581439822,15.14094837316378,0.0054615980063607,0.0292579370324796,0,328780.0,15555900,132.599609375,0.0360504254169158,1,0.0360504254169158,0.0096657714597181,0,1,2
2024-02-28,21951.150390625,203000,52.08325707723414,20198.99350893613,146.4055307909657,150.88825791978184,212.2463727678572,13.359714787891791,-0.0111359278099485,-0.0047109567624904,0.0050869666232817,0.0059226121442879,0.0058425436601118,1.016501316527031,1.069400961678789,-4.482727128816123,0.0167486470367876,0.0172632395859929,0,318400.0,15352900,313.30078125,0.0349044401709454,1,0.0349044401709454,0.0096690318726304,0,2,2
2024-02-29,21982.80078125,360200,52.98485343670356,20216.74283502881,131.0092076034598,146.91244785651745,214.05719866071428,13.279599221810628,0.0014418556686905,-0.0105614481297867,0.003288375854318,0.0058580691177168,0.0058294283229757,1.0159094009669194,1.0692030253018678,-15.903240253057646,0.0151324124635315,0.0172277561777314,1,319785.0,15713100,199.900390625,0.0332356525535663,1,0.0332356525535663,0.009737485263629,0,3,2
2024-03-01,22338.75,351500,61.71050965680675,20237.85733418276,145.84838828158536,146.69963594153103,222.16796875,12.990248906834392,0.0161921687000685,0.0056747169719741,0.0135227461838618,0.0075885758669342,0.0066485035403134,1.0162465984923807,1.0694883910856623,-0.8512476599456704,0.0014946673380095,0.0332540558025612,0,315220.0,16064600,370.5,0.0362267067307282,1,0.0362267067307282,0.0099454073638856,0,4,3
2024-03-04,22405.599609375,298800,63.09577173371388,20259.42690906029,161.1451694663665,149.58874264649813,213.5036272321429,13.097977837652024,0.0029925402887358,0.0128174747869815,0.0128083540044525,0.0075677088036058,0.0065586750011244,1.016647217419893,1.069823653413075,11.556426819868364,0.0011705316921078,0.035973180688108,0,308120.0,16363400,102.150390625,0.0387835296019374,1,0.0387835296019374,0.0095290298387197,0,0,3
2024-03-05,22356.30078125,296200,61.33350142835504,20280.291325699,167.3607448522671,153.14314308765194,199.7250279017857,12.70876301762359,-0.0022002905070378,0.0071154466279912,0.0071789848654244,0.0076030149988884,0.0064593135270852,1.01680457930675,1.070042343246879,14.217601764615154,0.0053728857443925,0.0339324640791499,1,304380.0,16067200,147.75,0.0409106332576912,1,0.0409106332576912,0.0089337243158444,0,1,3
2024-03-06,22474.05078125,312300,63.92520396783477,20302.11977799304,179.71641508506582,158.4577974871347,207.85365513392856,12.70913035365849,0.0052669715420341,0.0238210928046997,0.018997915903971,0.007274309949918,0.0065246097858011,1.0171764305958972,1.0703855266500326,21.258617597931107,0.0029182351252576,0.0393883603060869,0,302680.0,16379500,272.849609375,0.0442118570433891,1,0.0442118570433891,0.0092486066333595,0,2,3
2024-03-07,22493.55078125,379900,64.3513435281924,20323.925061607533,188.9042887422729,164.54709573816237,203.4072265625,12.837271235400262,0.000867667346212,0.0232340730866122,0.0124272394990776,0.0070185156464128,0.0059990638504295,1.0174821242115684,1.0707083068225165,24.357193004110545,0.0040913891970515,0.0388156217852464,0,297120.0,16759400,95.650390625,0.0447994781704078,1,0.0447994781704078,0.0090429131683404,0,3,3
2024-03-11,22332.650390625,277900,58.23821922699758,20343.912378314177,181.1146510307736,167.8606067966846,207.2465122767857,12.245047213873532,-0.0071531788017711,-0.0002730506127245,0.0054001168743034,0.0075063030201684,0.0063116463626088,1.0172710599586805,1.0707583098448674,13.254044234088951,0.0119442504962688,0.030045795170953,0,293555.0,16481500,219.349609375,0.0434743543412723,1,0.0434743543412723,0.0092799783568808,0,0,3
2024-03-12,22335.69921875,299200,58.31901787219582,20363.73115284588,173.19088525502593,168.9266624883529,209.1608537946429,11.414135551148917,0.000136518866846,-0.0031197732639902,0.009657713907839,0.0073328035115216,0.0059639123293598,1.0170296300106862,1.0707797772466006,4.264222766673044,0.010892667999102,0.0260427771555656,0,294145.0,16780700,196.55078125,0.0381842146633969,1,0.0381842146633969,0.0093644193426037,0,1,3
2024-03-13,21997.69921875,493300,47.37569720387036,20379.989541561343,138.04615839077815,162.75056166883795,229.8500279017857,12.114046112991236,-0.0151327252704165,-0.016040290654917,-0.0090389778589783,0.0088389229968514,0.0069497442274901,1.015897159514572,1.0702962085016396,-24.7044032780598,0.0252231639860338,0.0087188633764708,1,300520.0,16287400,541.099609375,0.0345387662096824,1,0.0345387662096824,0.0104488212888132,0,2,3
2024-03-14,22146.650390625,426700,51.6788620602434,20397.5682564774,120.82008514653351,154.36446636437708,223.41071428571428,12.76396306327339,0.0067712159528048,-0.0145679296452488,0.008906139155399,0.008327723125804,0.0070361268782735,1.0152318892053998,1.0700160075516052,-33.544381217843565,0.017517663276962,0.0131913089018077,0,303900.0,16714100,287.099609375,0.031438733119884,1,0.031438733119884,0.0100877880106098,0,3,3
2024-03-15,22023.349609375,661500,48.16760014674976,20413.74518536196,96.11104709025676,142.71378250955303,230.80719866071428,13.367457374249677,-0.0055674686273187,-0.0209038215641323,0.0018445706044694,0.0085702094775612,0.0071449989062989,1.0142834265141756,1.0695477166805816,-46.602735419296266,0.0227611512176415,0.0067020236315523,0,319705.0,16052600,214.951171875,0.029987790700501,1,0.029987790700501,0.0104801132777033,0,4,3
2024-03-18,22055.69921875,356300,49.14389560596052,20430.083036440443,78.23742717191635,129.81851144202568,235.7785993303572,13.993007186121307,0.0014688778023679,-0.0124011779627939,-0.0126708424262772,0.0065466712252509,0.0070279905273245,1.0134879217814552,1.0691189656821978,-51.58108427010933,0.0212310315716413,0.008060895380581,0,320325.0,16408900,207.1484375,0.029856277324549,1,0.029856277324549,0.0106901439393005,0,0,3
2024-03-19,21817.44921875,344200,42.75641252814357,20443.88767507039,44.3365861855018,112.72212639072092,245.06431361607144,15.086993838801094,-0.0108021966402886,-0.0232027658916963,-0.026250151787007,0.006990536304759,0.0073721006489436,1.012140442074562,1.0683495915631194,-68.38554020521912,0.0335054720660297,-0.0002517502834118,0,337535.0,16064700,262.599609375,0.0335512993392484,1,0.0335512993392484,0.0112324915327618,0,1,3
2024-03-20,21839.099609375,312400,43.47538997598659,20457.77038088437,18.997934679780883,93.97728804853293,238.45005580357144,16.418619248691744,0.0009923428906801,-0.0072098271640979,-0.0231344700957312,0.0070848374170518,0.0073223685784214,1.0109788149468817,1.0676205434785084,-74.97935336875204,0.0330384869371818,0.0029360214534265,1,338370.0,16377100,220.701171875,0.0363617772631496,1,0.0363617772631496,0.010918492981332,0,2,3
2024-03-21,22011.94921875,353200,48.98445965121393,20473.234846932784,12.71778698664275,77.7253878361549,241.44642857142856,16.617231412932778,0.0079146856998078,-0.0060822367942386,-0.0205615608417832,0.007440239503879,0.0074437549902565,1.0103681689217336,1.0671413020947464,-65.00760084951214,0.0249609386823185,0.0109957344138274,0,337805.0,16730300,241.849609375,0.0366349608537787,1,0.0366349608537787,0.0109688799556997,0,3,3
2024-03-22,22096.75,388700,51.48280520721193,20489.38922656529,14.417245993598044,65.06375946764352,236.2248883928572,16.187144466122678,0.0038524885010076,0.0033328440916977,-0.0176406466506284,0.0076278196275825,0.0072991900008647,1.010014521203967,1.066776351573885,-50.64651347404548,0.020769594065941,0.0150796223365011,0,340065.0,17119000,297.3984375,0.0366761767636335,1,0.0366761767636335,0.0106904811066268,0,4,3
2024-03-26,22004.69921875,328400,48.69509550276993,20504.46693793032,8.241349605956202,53.69927749530606,239.58551897321428,15.7877780155133,-0.0041658063402989,-0.00231232750747,-0.0146848298853354,0.0074491882093644,0.0073515493071859,1.0094353022747506,1.0662732520410538,-45.45792788934986,0.0247839831969177,0.0116489958726546,1,345185.0,16790600,149.19921875,0.037135560270612,1,0.037135560270612,0.0108879251923182,0,1,3
2024-03-27,22123.650390625,409100,52.29025659048708,20520.57821606658,12.7977482027527,45.5189716367954,242.5248325892857,14.692034013334368,0.0054057167831516,0.0140346916270968,-0.0094937179287851,0.0077542447463897,0.0074103908253024,1.0091993600862228,1.0659335081678702,-32.7212234340427,0.0192767388101329,0.0169584476784969,1,355250.0,17199700,188.900390625,0.0371334738195575,1,0.0371334738195575,0.0109622430434019,0,2,3
2024-03-28,22326.900390625,410500,57.73954898182682,20538.551571037315,32.435408092522266,42.90225892794078,251.060546875,15.11196416525102,0.0091870010785439,0.0223361214507487,0.0149652547114746,0.0065189092397646,0.0076567206330305,1.009476589582472,1.065866277792694,-10.466850835418512,0.010599383115005,0.0259331667296241,1,363165.0,17610200,392.349609375,0.0377711929367172,1,0.0377711929367172,0.0112447559886288,0,3,3
2024-04-01,22462.0,0,60.93361901342306,20557.69036137525,58.2285815962714,45.9675234616069,258.7318638392857,15.556681249212325,0.0060509791780918,0.0204457486603069,0.0142391559812806,0.0064579632922693,0.0072577888588322,1.010024168369016,1.0659625463504383,12.261058134664497,0.0060780615124374,0.0310745051589292,0,353015.0,17610200,203.048828125,0.0386001625228239,1,0.0386001625228239,0.0115186476644682,0,0,4
2024-04-02,22453.30078125,289500,60.6159258340227,20576.55215659789,77.07938006392214,52.18989478206996,250.8818359375,15.721121314075434,-0.0003872860275131,0.0161358924389334,0.0195225149444104,0.0060273838170524,0.0072657823245078,1.0104388230290795,1.0660137576041009,24.88948528185218,0.0077652374363271,0.0299010331720946,0,349480.0,17320700,109.44921875,0.0390772816098119,1,0.0390772816098119,0.0111734946403516,0,1,4
2024-04-03,22434.650390625,309600,59.89492903455381,20595.04069623995,89.48234622018572,59.64838506969312,249.3138950892857,15.60899988459615,-0.0008306302403686,0.0195390615250328,0.0171815533081285,0.006091374421041,0.0063410854444706,1.0107114888676028,1.0660083922317365,29.8339611504926,0.0091762485191874,0.0292403391797265,0,347385.0,17011100,174.599609375,0.0398140032251793,1,0.0398140032251793,0.011112894150268,0,2,4
2024-04-04,22514.650390625,401000,61.983756333266186,20614.14129021393,104.56179439138576,68.63106693403165,233.1781529017857,15.957150201212343,0.0035659124883635,0.017673394448761,0.0319561267169501,0.0042144145541284,0.0063554962011425,1.0111096311595138,1.0660862916145222,35.93072745735411,0.006381770895839,0.0329966981033924,0,352495.0,17412100,315.19921875,0.0409463487775108,1,0.0409463487775108,0.0103567299005842,0,3,4
2024-04-05,22513.69921875,242200,61.9424472742824,20633.04236412972,115.10871250254058,77.92659604773344,220.52818080357144,16.280432638070238,-4.224679746289706e-05,0.0083665365481468,0.0308895339753572,0.0042855986196744,0.0063297583288113,1.011410180057741,1.0661307972178813,37.18211645480714,0.0074438460890611,0.033276277627706,1,349795.0,17169900,110.0,0.0423246396051104,1,0.0423246396051104,0.0097952885778943,0,4,4
2024-04-08,22666.30078125,227600,65.87216058795826,20653.27379116573,134.23353125056383,89.18798308829952,218.28892299107144,17.27610133286425,0.0067781647528144,0.0090953958351882,0.0297271066727073,0.0041555000708443,0.0063999227169804,1.0120123937181955,1.066356295374839,45.04554816226431,0.0023152507558812,0.0405906503070804,0,345560.0,17397500,183.6015625,0.0448794144266898,1,0.0448794144266898,0.00963054911773,0,0,4
2024-04-09,22642.75,232400,64.76077925521358,20673.069574338217,145.80894195057772,100.51217486075517,214.6462053571429,18.477041788829045,-0.0010390218270411,0.0084374774379811,0.0247095161053096,0.0043209425784368,0.006407499790355,1.0124292276361682,1.0665094032399889,45.29676708982255,0.0045686497406734,0.0401447274863098,0,338185.0,17165100,156.150390625,0.0467057609752969,1,0.0467057609752969,0.009479687995369,0,1,4
2024-04-10,22753.80078125,276800,67.54169605220517,20693.773367441816,162.07510733434174,112.82476135547248,205.3854631696429,19.62088639050147,0.0049044741142307,0.0142257795449474,0.0340427994517507,0.0036821208269833,0.006229121670602,1.0130224734787632,1.0667798597778892,49.25034597886926,0.0026376913161291,0.0459503126793527,0,338130.0,17441900,132.94921875,0.0509537096366463,1,0.0509537096366463,0.0090264244265902,0,2,4
2024-04-12,22519.400390625,357200,57.268633834740704,20711.938810458563,154.27363757279454,121.1145365989369,207.4818638392857,19.409811152602185,-0.0103015928142499,0.0002109737401021,0.0178880968109902,0.0055755671052408,0.0067191389178316,1.0128980666850804,1.06668433328031,33.15910097385765,0.0139551711211174,0.0360852390061609,0,341030.0,17084700,250.05078125,0.0519148167292627,1,0.0519148167292627,0.0092134719504193,0,4,4
2024-04-15,22272.5,355500,48.84174512244169,20727.4667824938,126.7075131505262,122.23313190925477,208.767578125,18.25119750922966,-0.010963897188301,-0.0107134423537613,-0.0024365402126236,0.0062098982011922,0.006259870970763,1.0121207302244246,1.066224644905639,4.474381241271431,0.0251825083189631,0.0241532121016546,0,334140.0,16729200,259.849609375,0.0505913443963544,1,0.0505913443963544,0.0093733338477943,0,0,4
2024-04-16,22147.900390625,317300,45.2250717612017,20741.6004502364,93.72659197894971,116.53182392319376,201.3141741071429,17.998758266325062,-0.005594325260972,-0.0228709746521069,-0.013983599384516,0.0059899051787066,0.0062329900365499,1.0110865151732271,1.065588409142983,-22.80523194424404,0.0309499907173479,0.0186576644043201,0,328670.0,16411900,193.05078125,0.0505854736779461,1,0.0505854736779461,0.0090895376336601,0,1,4
2024-04-18,21995.849609375,456900,41.21434416427064,20754.08054137211,54.68932256271,104.16332365109704,216.7142857142857,18.23556729195049,-0.0068652458503182,-0.0285698685285576,-0.0203734487116924,0.0062153360911299,0.0063006228642465,1.0097634111916385,1.064747044244398,-49.47400108838705,0.0381384174619165,0.0120607350156095,1,318440.0,15955000,364.80078125,0.0508403445545687,1,0.0508403445545687,0.0098525080668817,0,3,4
2024-04-19,22147.0,362500,46.31152746070829,20767.94043648284,35.538908197417186,90.43844056036106,231.92857142857144,19.10298171398599,0.0068717686886063,-0.0266681064444418,-0.0128217015026542,0.0068286985848731,0.0064820971327711,1.0089573964780547,1.064129280960893,-54.89953236294387,0.0309836912715468,0.0183214761577617,1,318750.0,16317500,401.900390625,0.0502677836832419,1,0.0502677836832419,0.0104722342271445,0,4,4
2024-04-22,22336.400390625,279300,51.93545827377399,20783.54700319072,35.23888356566749,79.39852916142235,220.2357700892857,18.821079688159504,0.0085519659829773,-0.0081263264929639,-0.0079170671943554,0.0073806433114335,0.0061869286992737,1.0087005014141568,1.0637766982361512,-44.15964559575485,0.0214228300870484,0.023503540726396,0,315505.0,16596800,228.650390625,0.0461414874342356,1,0.0461414874342356,0.0098599490624157,0,0,4
2024-04-23,22368.0,231500,52.82337315231891,20799.31270465151,37.123005373374326,70.94342440381274,213.6715959821429,18.19680654579477,0.0014147135985376,0.0042877988550904,-0.0064715805845295,0.0074109237981412,0.0061869240160218,1.008524116123719,1.06345859148107,-33.820419030438416,0.0189530722180369,0.0214917330560645,0,311460.0,16828300,111.150390625,0.0415482331016391,1,0.0415482331016391,0.0095525570449813,0,1,4
2024-04-24,22402.400390625,235900,53.82345220886676,20815.26382590498,40.92030569567214,64.93880066218463,213.60016741071428,17.469939489633283,0.0015379287654238,0.0114909312174678,-0.0116428522312429,0.0070034029012221,0.0059845101613809,1.008425321228663,1.0631771746845875,-24.01849496651249,0.0171326035069661,0.0209956015865697,1,305595.0,17064200,108.44921875,0.0391944170086261,1,0.0391944170086261,0.0095347000181329,0,2,4
2024-04-25,22570.349609375,475000,58.45403444127809,20832.727366039013,56.826728746527806,63.31638627905327,224.0358537946429,16.377844024386658,0.0074969296067168,0.0261185637382763,-0.0031975087224387,0.0075193902828248,0.0061328974611034,1.0087300445186915,1.063114268148062,-6.489657532525463,0.0102417873277693,0.0268600016107327,0,309910.0,17539200,320.69921875,0.0383845738108884,1,0.0383845738108884,0.0099261135814035,0,3,4
2024-04-26,22419.94921875,329900,53.2994622485913,20848.5206183048,56.64367600150581,61.98184422354378,218.2965959821429,15.36375537808622,-0.0066636269808832,0.012324433049623,-0.0146723426872537,0.0075204916100507,0.0062692373177237,1.0085834575825268,1.062821274584325,-5.338168222037972,0.0162695981126861,0.017730490137036,1,309985.0,17209300,234.849609375,0.0349088535460375,1,0.0349088535460375,0.009736712329374,0,4,4
2024-04-29,22643.400390625,292000,59.07375025231201,20866.38011852689,73.6799113394336,64.32145764672175,227.28599330357144,14.59873014693965,0.0099666225688024,0.013744381128163,0.0055063633067078,0.0076011038487673,0.006517724585753,1.0089848669076793,1.0628233832126972,9.358453692711848,0.0069856710428804,0.0258733143019323,0,304130.0,17501300,235.8515625,0.0340340188384827,1,0.0340340188384827,0.0100376263892623,0,0,4
2024-04-30,22604.849609375,361900,57.74714322152285,20883.678322415926,83.11245606186276,68.07965732974995,229.5251116071429,14.496704305027247,-0.0017025173156396,0.0105887700900839,0.0149219714614434,0.0065272879287431,0.0062636954003298,1.0092023071305238,1.0627459365583685,15.03279873211281,0.0095107956769708,0.0237902087212021,0,301700.0,17139400,214.94921875,0.0344117997664234,1,0.0344117997664234,0.0101537995418448,0,1,4
2024-05-02,22648.19921875,445900,58.86577652130274,20901.23574427,93.01356442915494,73.06643874963095,228.5608258928572,14.398609486502457,0.001917712797214,0.0109719862085788,0.0225889957648883,0.0060335174549251,0.0061426992614486,1.0094646838713268,1.0627053130733404,19.947125679523992,0.008450610642437,0.0257086397455371,0,323995.0,17585300,142.650390625,0.0353517017704936,1,0.0353517017704936,0.0100917880351227,0,3,5
2024-05-03,22475.849609375,438100,52.872413306118816,20916.903543922785,85.96217263653307,75.64558552701138,250.96791294642856,13.656328401085348,-0.0076098592965534,-0.0041869090038706,0.0218222986847216,0.0061617780525991,0.0064002337408724,1.0092248309023262,1.0624042409896852,10.316587109521691,0.0162396187473017,0.0181932347596275,0,331425.0,17147200,446.6484375,0.0353619040896327,1,0.0353619040896327,0.0111661146211685,0,4,5
2024-05-06,22442.69921875,320300,51.78037975396022,20932.08559043848,76.81347642281253,75.87916370617161,245.91796875,12.967067393198036,-0.0014749338156797,0.0010147212992335,0.013351660213573,0.0060190072150035,0.0064066221493299,1.008898676098724,1.0620467649891414,0.9343127166409176,0.0177557920653862,0.0167222049665751,0,331960.0,16826900,179.3515625,0.0353554071316823,1,0.0353554071316823,0.0109575932178668,0,0,5
2024-05-07,22302.5,297800,47.32823961520972,20945.721554712727,57.58634397419519,72.22059975977633,246.4287109375,13.17826538981571,-0.006246985595782,-0.0150551765522877,-0.0015177195086111,0.0058671253037309,0.0064972897276834,1.008230693475956,1.0614894971836044,-14.634255785581146,0.0238756722149397,0.0112143166354086,0,326800.0,16529100,267.0,0.0357750883779216,1,0.0357750883779216,0.0110493761209505,0,1,5
2024-05-08,22302.5,277400,47.32823961520972,20959.22183775041,41.86609668283927,66.14969914438892,245.74302455357144,13.57919460191404,0.0,-0.0133754311397676,-0.0029282904148784,0.0058425730598946,0.0064974372302131,1.00761934105627,1.060934565523843,-24.28360246154965,0.0235482838656965,0.0118339038214188,0,328560.0,16529100,183.451171875,0.036089972787858,1,0.036089972787858,0.0110186312993418,0,2,5
2024-05-09,21957.5,331300,38.00292508925258,20969.154953792706,1.5511895835370524,53.229997232218544,246.4965122767857,14.910907714472556,-0.0154691178119045,-0.0304968713882639,-0.0198594964319619,0.0074964714788044,0.0070734836327454,1.006194167122958,1.0599104810171036,-51.67880764868149,0.0396370648954865,-0.0004576582201914,0,333745.0,16197800,375.349609375,0.0394072124601951,1,0.0394072124601951,0.0112260736548689,0,3,5
2024-05-10,22055.19921875,265800,41.51714078284537,20979.96136438929,-22.2585713442204,38.13228351693076,230.71791294642856,16.147498461848325,0.004449469144939,-0.018715661384811,-0.0228242096175161,0.0071210143502794,0.0072002311462148,1.0051767172465755,1.0590463501801546,-60.39085486115116,0.0341167391086488,0.0057231453362054,0,335415.0,16463600,181.0,0.0403026898876692,1,0.0403026898876692,0.0104609308062965,0,4,5
2024-05-13,22104.05078125,278200,43.249349074322886,20991.14633371129,-36.76229276802769,23.15336825993907,236.57142857142856,17.728156408167674,0.0022149680905385,-0.0150894700409776,-0.0140900603483887,0.0070674860713206,0.0071029278703852,1.0043953797079814,1.0582677615091591,-59.91566102796676,0.0293049660817999,0.0083337763765759,1,335485.0,16741800,310.599609375,0.0382158193631763,1,0.0382158193631763,0.0107026278084785,0,0,5
2024-05-14,22217.849609375,230200,47.174523439659,21003.35233645421,-38.62869457137276,10.796955693676706,242.1178850446429,18.273622887092948,0.0051483245877055,-0.0037955561315995,-0.0187935899162119,0.0063328665746049,0.0069244550853945,1.003985816033104,1.0576594684696985,-49.42565026504947,0.0230891827335377,0.0138265622985851,0,329135.0,16972000,188.80078125,0.0377001541449381,1,0.0377001541449381,0.0108974490916744,0,1,5
2024-05-15,22200.55078125,231900,46.64635866727365,21015.264758790487,-41.030725640132005,0.4314194269149638,244.7858537946429,18.60470701407409,-0.0007786004689536,-0.0045712013787692,-0.0178854907292691,0.0063424321454131,0.0064867760770375,1.003571389436945,1.057034105139104,-41.46214506704697,0.0238541554003545,0.0133499906845648,1,322955.0,16740100,145.80078125,0.0379712205135508,1,0.0379712205135508,0.0110261162529977,0,2,5
2024-05-16,22403.849609375,368900,53.268180282182456,21029.08152347292,-26.227501861925703,-4.90036483085317,248.85728236607144,18.08990449692545,0.0091573776762647,0.0203278883923487,-0.0107889199938115,0.0071710906231035,0.0066702374801308,1.003709180112058,1.0566939148975485,-21.32713703107253,0.0148689542200696,0.0214662352572376,0,325535.0,17109000,377.69921875,0.0374024952087984,1,0.0374024952087984,0.0111077911477291,0,3,5
2024-05-17,22466.099609375,242700,55.10554462333005,21043.38021089484,-9.364833638406708,-5.793258592363878,243.26088169642856,17.216113025808266,0.002778540343975,0.0186305454124249,-0.0004337989517394,0.0068627995490128,0.0064473391079815,1.0039713703395805,1.056432101036075,-3.57157504604283,0.0119263855295588,0.0219539157241415,0,314825.0,17351700,156.5,0.0349356146135977,1,0.0349356146135977,0.0108279089795772,0,4,5
2024-05-21,22529.05078125,347600,56.948928167090585,21058.163002639663,8.97512621493297,-2.839581630904508,239.7392578125,16.05053437901719,0.0028020516676037,0.0192272450061736,0.0038476460277048,0.0068953927360284,0.0063177785718183,1.0043422020339925,1.0562457162527767,11.81470784583748,0.0097225914233682,0.0236147327679551,0,314080.0,17699300,186.548828125,0.0344426137660749,1,0.0344426137660749,0.010641338604999,0,1,5
2024-05-22,22597.80078125,290300,58.932181528738425,21073.48278153131,28.72609047364313,3.473552790005019,234.8392857142857,15.172165079611071,0.00305161547495,0.0171011676897243,0.0132407031162424,0.0065150767204627,0.0060812757518799,1.0048202981536063,1.0561388619971483,25.25253768363811,0.0077626463720728,0.0265404346558814,1,314630.0,17989600,146.349609375,0.035527785158429,1,0.035527785158429,0.0103921301009582,0,2,5
2024-05-23,22967.650390625,369800,67.58373898718483,21092.330220427768,73.37680235897642,17.4542027037993,254.375,15.919330727726036,0.016366619608483,0.0345531791951247,0.029824028275978,0.0080234490375517,0.0070315640878172,1.0061435166355894,1.0565172835301753,55.92259965517712,-0.003879109657563,0.0441915845431883,0,321545.0,18359400,416.150390625,0.0423783037927931,1,0.0423783037927931,0.0110753601554224,0,3,5
2024-05-24,22957.099609375,261900,67.14915138848768,21110.885139720776,106.6816931966714,35.29970080237372,230.9287109375,16.727751048926862,-0.0004593757337192,0.0246944167920359,0.0455242905328474,0.0050392695711748,0.0070428857657017,1.0072409680067422,1.0568382712915358,71.38199239429768,0.0002489620384384,0.045006332592465,0,322845.0,18097500,118.400390625,0.0474938014436411,1,0.0474938014436411,0.0100591413927217,0,4,5
2024-05-27,22932.44921875,260000,66.08002467507272,21129.010155432512,129.59310992054088,54.15838262600715,235.23228236607144,17.77166719038939,-0.0010737589261899,0.0207579249395117,0.03977520181519,0.0053360889795827,0.0069019390650693,1.0081034806507474,1.0570854920267174,75.43472729453373,0.0038637122100552,0.0449403832140755,0,312095.0,17837500,239.6015625,0.0511219042185828,1,0.0511219042185828,0.0102576170614057,0,0,5
2024-05-28,22888.150390625,217900,64.1047302202709,21146.51403836975,142.5329958803195,71.83330527686962,226.1644810267857,18.65602464873794,-0.0019317094176221,0.0159394025457062,0.0354731183498782,0.0056360636757172,0.0067103934629288,1.0087102818998142,1.057235984965155,70.69969060344988,0.0081179677379176,0.0433576391256008,0,306495.0,17619600,140.05078125,0.0537601024748922,1,0.0537601024748922,0.0098812912868408,0,1,5
2024-05-29,22704.69921875,269900,56.56398017225062,21162.01836852279,136.4124940082911,84.74914302315392,227.5394810267857,18.386269653138136,-0.008015115627261,0.0047304796840539,0.0219125441001082,0.0066549984489486,0.0066580092253362,1.0087470301683978,1.057105996917408,51.66335098513719,0.0165698657202944,0.0356645327624798,0,305390.0,17349700,202.701171875,0.0541079487099769,1,0.0541079487099769,0.0100216910532282,0,2,5
2024-05-30,22488.650390625,373400,49.22072554075455,21175.21868715067,112.8280063207094,90.364915682665,221.3537946428572,17.35513426057566,-0.0095155996581792,-0.0208554202042156,0.0129771379194034,0.007595114529893,0.0069935679733278,1.0082081721530256,1.0566658290417297,22.46309063804441,0.0259699282221335,0.026550707293938,0,305965.0,16976300,288.75,0.05390068727279,1,0.05390068727279,0.0098429114596905,0,3,5
2024-05-31,22530.69921875,572100,50.565849677089325,21188.706055624298,96.41866457749713,91.57566546163144,221.90025111607144,16.39765139605336,0.0018697799732139,-0.0185737918935923,0.0056619559400148,0.0070921034613913,0.006992799808738,1.007813822089242,1.0562811482569463,4.84299911586568,0.0235989374202267,0.0284327240991312,1,312275.0,17548400,188.650390625,0.0535126928127027,1,0.0535126928127027,0.0098487955904806,0,4,5
2024-06-03,23263.900390625,569400,66.98728347795905,21209.35475547505,140.9525368703944,101.45103974338404,257.42885044642856,17.36933450852843,0.0325423176953527,0.0144533699263138,0.0355113168338789,0.0123846431654915,0.0099169861339107,1.009264728242926,1.056884828235866,39.50149712701035,-0.0029639775341485,0.0613634067069768,0,318840.0,18117800,808.0,0.0619077313153482,1,0.0619077313153482,0.0110655928766858,0,0,6
2024-06-04,21884.5,1006100,40.03944533485666,21216.072618604656,64.19981264123635,94.0007943229545,385.5467354910714,18.42129954960204,-0.0592935994164107,-0.0438502182787166,-0.0286097620138719,0.0234409074951647,0.0168893630201915,1.0070609815034317,1.0555680399191594,-29.80098168171816,0.0610476445290447,0.0059184434963503,1,353130.0,17111700,1982.451171875,0.0668627126735847,1,0.0668627126735847,0.0176173426622071,0,1,6
2024-06-05,22620.349609375,638500,51.29545498857608,21230.045523985456,62.03454383472854,87.60754422530931,437.87890625,19.39812423059896,0.0336242367600356,-0.0037150727504613,0.0009978328574216,0.0261084849017673,0.018526172847302,1.0069494694648506,1.0552895462209566,-25.573000390580773,0.0271022288543441,0.037422107275487,1,370165.0,17750200,878.451171875,0.0665439347097947,1,0.0665439347097947,0.019357742643753,0,2,6
2024-06-06,22821.400390625,480400,53.84486799650947,21245.87990076794,75.66940075174352,85.21991553059615,431.6004464285714,19.650304433302065,0.0088880492442378,0.0147963525698597,-0.00636765178469,0.0257046649392284,0.0186105290715733,1.0073263871561746,1.0552737720898682,-9.55051477885263,0.0194719273373462,0.0450466410385161,1,380315.0,18230600,289.80078125,0.0670520732493592,1,0.0670520732493592,0.0189120929934638,0,3,6
2024-06-07,23290.150390625,473600,59.206334928593975,21266.220900667016,122.88281399724656,92.75249522392625,458.3610491071428,18.88922151712801,0.0205399314668071,0.0337073947196004,0.014507528691211,0.0265377727740684,0.0186428192711884,1.008788997064061,1.0558685933577845,30.13031877332031,0.002747872004698,0.0623389746343388,0,387430.0,18704200,531.1484375,0.0688284781085299,1,0.0688284781085299,0.0196804675547156,0,4,6
2024-06-10,23259.19921875,304400,58.72129248851891,21286.051530697696,156.00396662979256,105.40278950509952,458.23256138392856,17.97562387020712,-0.0013289382574128,-0.0002020801239716,0.0142483690635557,0.0265409265828902,0.0186658647613327,1.009946064281255,1.0563677358648214,50.60117712469304,0.0070897182551856,0.0589222593112698,0,389360.0,18399800,184.75,0.069528786809956,1,0.069528786809956,0.0197011323164785,0,0,6
2024-06-11,23264.849609375,305200,58.787670583472746,21305.741063818867,180.62650806834424,120.44753321774849,460.83607700892856,17.16991874205875,0.0002429314342191,0.0630743041593364,0.0164582638754549,0.0265164160745129,0.0186744876779044,1.0109246948558075,1.05682525254974,60.17897485059575,0.0093271661244677,0.0566433669750166,0,390710.0,18705000,182.798828125,0.0693244229967576,1,0.0693244229967576,0.0198082551465635,0,1,6
2024-06-12,23322.94921875,295600,59.508678556076994,21325.812786753508,202.493977942504,136.8568221626996,443.7610212053572,16.2904562451697,0.0024973129141392,0.0310605106246371,0.0272300458175387,0.0262845841568878,0.0186658311025707,1.011874204223292,1.057313642173461,65.6371557798044,0.0095299002183624,0.0569721659588356,0,393980.0,19000600,177.099609375,0.0698874907200663,1,0.0698874907200663,0.0190267970419712,0,2,6
2024-06-13,23398.900390625,268300,60.48199457472679,21346.440524105463,223.37777029612693,154.16101178938507,446.59681919642856,15.371718239062773,0.003256499474515,0.0253051955671061,0.0404759727324259,0.0259162272506875,0.0186492108094937,1.0128382761897083,1.057854987703288,69.21675850674188,0.0088145847762282,0.0574733216609824,0,395800.0,19268900,158.1015625,0.0697058564743691,1,0.0697058564743691,0.0190862310510694,0,3,6
2024-06-14,23465.599609375,223100,61.36040095805479,21367.5266841579,242.5148356552781,171.8317765625637,440.6360212053572,14.56911960945663,0.0028505279152657,0.0075331938955887,0.041494512955327,0.0259079310067604,0.0185892798357524,1.0137879320710277,1.0584337576384804,70.68305909271442,0.0091137869532741,0.0587943574226621,0,388510.0,19492000,156.150390625,0.0714470511907282,1,0.0714470511907282,0.018777957032443,0,4,6
2024-06-18,23557.900390625,272200,62.5993375348306,21389.32144740633,262.1075863850383,189.88693852705865,438.7360491071428,13.568296601109775,0.0039334507869606,0.0128422809859338,0.0126376056922286,0.0239590734315336,0.0185920345303737,1.014783560353812,1.059081958760732,72.22064785797966,0.0086437910658954,0.0613312478763055,0,389985.0,19764200,113.451171875,0.0737353388823864,1,0.0737353388823864,0.0186237330930281,0,1,6
2024-06-19,23516.0,328800,61.633222770605016,21410.48242802916,271.1285697686362,206.13526477537417,442.1930803571428,12.88728417210962,-0.0017786131162043,0.0107952724750817,0.0745504809339943,0.0112940729243875,0.0186168648337872,1.0154866103090086,1.0596158178715418,64.99330499326206,0.0131507806496058,0.0581716241710383,0,389045.0,19435400,251.099609375,0.0748603821397586,1,0.0748603821397586,0.0188039241519451,0,2,6
2024-06-20,23567.0,280300,62.393992111763296,21431.94031431742,279.1748835903345,220.74318853836627,434.5252511160714,12.254915488038046,0.0021687361796223,0.010463976016112,0.0418495030789736,0.0065038169736739,0.0186160687994709,1.0161604407636595,1.0601653324992188,58.43169505196824,0.0137092804672272,0.0588482559148874,0,388545.0,19715700,181.400390625,0.0761613850536686,1,0.0761613850536686,0.0184378686772211,0,3,6
2024-06-21,23501.099609375,609900,60.71857949810122,21452.52896401949,277.0404842430544,232.00264767930392,440.2573939732143,11.80699625850604,-0.0027962995130903,0.0043676932267699,0.0297834141251567,0.0066022600597248,0.0183434527237386,1.016521562956063,1.0605731668180272,45.03783656375046,0.0186610363693404,0.0560484159326139,0,400550.0,19105800,268.900390625,0.0781104533414006,1,0.0781104533414006,0.0187334806154171,0,4,6
2024-06-24,23537.849609375,239400,61.34198777505205,21473.278423177253,275.1427014582296,240.63065843508903,397.40736607142856,11.546888866742634,0.001563756616109,0.0030789752319448,0.0106353636449554,0.002336655807564,0.0183387535399369,1.0168603054042138,1.0609835480557623,34.51204302314059,0.0192543409382676,0.057238674515363,1,399425.0,19345200,208.099609375,0.079999542597143,1,0.079999542597143,0.0168837584004761,0,0,6
2024-06-25,23721.30078125,298100,64.38088707652278,21495.646804849617,285.1545867597706,249.5354441000254,271.25376674107144,10.851678603036072,0.0077938798539154,0.0069361185808403,0.0198674751505409,0.0029895761149062,0.018382631867903,1.0175340024253463,1.061591655286092,35.61914265974522,0.0146005862196613,0.0644328753361315,1,401330.0,19643300,216.30078125,0.0831586126609098,1,0.0831586126609098,0.0114350291850554,0,1,6
2024-06-26,23868.80078125,287800,66.65084515052425,21519.26027725161,301.5154132865064,259.9314379373216,224.1823381696429,10.657565758229213,0.0062180401218379,0.0150025846763905,0.0259598141408843,0.003195352805124,0.0183845881714638,1.0184067121480491,1.0623387670234212,41.58397534918476,0.0122992797911552,0.0700743516234521,1,404825.0,19931100,219.451171875,0.0870275748069511,1,0.0870275748069511,0.0093922748873813,0,2,6
2024-06-27,24044.5,515200,69.17115793722184,21544.387040662044,324.91354367598615,272.9278590850545,223.6286272321429,11.078608387166232,0.0073610408985447,0.0202613824415496,0.0309373730775832,0.0035350409068277,0.0182531837706407,1.019514968798153,1.0632544882343962,51.98568459093167,0.0094831944276969,0.0758784215716384,0,417090.0,20446300,282.048828125,0.0905864231861151,1,0.0905864231861151,0.009300614578475,0,3,6
2024-06-28,24010.599609375,354800,68.10174021803549,21568.926469206453,336.8383891030571,285.70996508865505,199.1322544642857,11.7166032113268,-0.0014099020825968,0.0216798366233361,0.0261422207256833,0.0038035869468184,0.0180487655675661,1.0203166097237868,1.064051015600589,51.12842401440207,0.0136469311939818,0.0709734602407643,1,416160.0,20091500,188.19921875,0.089380630409714,1,0.089380630409714,0.0082935144354551,0,4,6
2024-07-01,24141.94921875,0,70.03481250892587,21594.528685619825,352.82063411312265,299.1320988935486,198.1715959821429,12.309026976618757,0.0054704843490753,0.0256650297032396,0.0288230269259679,0.0039121738978532,0.0180502665498455,1.0212469356579574,1.0649532747582515,53.68853521957408,0.0111215436221775,0.0723435494053554,0,387555.0,20091500,171.30078125,0.0883374773764189,1,0.0883374773764189,0.008208599653098,0,0,7
2024-07-02,24123.849609375,0,69.41060066114032,21619.696057995498,359.8777445940796,311.2812280336548,197.9680524553572,13.07982764053911,-0.0007497161563467,0.016969930605289,0.0240237546371162,0.0040463954318368,0.0167291415349213,1.0219259628806006,1.0657572486956963,48.59651656042479,0.0155275131618892,0.0717301688746658,1,359085.0,20091500,179.94921875,0.0921129901589145,1,0.0921129901589145,0.0082063209504681,0,1,7
2024-07-03,24286.5,0,71.83960026721084,21646.231420602508,374.2806088145553,323.8811041898349,198.55385044642856,14.016248058897052,0.0067423066077227,0.0174997991134151,0.0327649260078244,0.0039688275222281,0.0084952863518105,1.022816867737577,1.06670657068387,50.39950462472041,0.0048764182775691,0.0642067126926763,0,308780.0,20091500,185.30078125,0.0730446779951805,1,0.0730446779951805,0.0081754822821908,0,2,7
2024-07-04,24302.150390625,251200,72.06942204099292,21672.6584750306,382.5480622700306,335.61449580587407,195.8323102678572,15.158674408669729,0.0006444070008029,0.0107155645001975,0.0311940590921626,0.0040429634450493,0.0052977051368107,1.023535929556715,1.0675988675116368,46.93356646415651,0.0051753591589517,0.0588350508930855,0,289415.0,20342700,120.0,0.0674838770409952,1,0.0674838770409952,0.0080582297088986,0,3,7
2024-07-05,24323.849609375,298400,72.4056823562378,21699.038486317604,386.396881575376,345.77097295977444,198.5465959821429,15.627713275737316,0.0008928929498506,0.0130463214203817,0.0350090001606473,0.0035896993340162,0.0051784117078906,1.0241178898068566,1.0684446275420978,40.62590861560159,0.0054840775583316,0.0547032362560187,0,280315.0,20641100,194.150390625,0.0633088860996232,1,0.0633088860996232,0.0081626304705328,0,4,7
2024-07-08,24320.55078125,266300,72.2632484294293,21725.123185769666,384.7458006499255,353.56593849780467,197.875,16.063249366585787,-0.0001356211363734,0.0073979760657141,0.0332528750444243,0.0037266709809714,0.0032348049984817,1.0245196490281103,1.0692129496088818,31.179862152120847,0.0083614382462647,0.0530792461829364,0,269950.0,20374800,104.048828125,0.064478480310941,1,0.064478480310941,0.0081361233049274,0,0,7
2024-07-09,24433.19921875,250500,74.13441829147227,21752.069215948577,388.053851341956,360.4635210666349,188.728515625,16.810100202793674,0.0046318209860134,0.0128233932139412,0.0300109359121951,0.0034231682094426,0.0031692154521961,1.0250383039924993,1.0700598098472245,27.590330275321094,0.00662612874839,0.0555537613128807,0,267255.0,20625300,123.048828125,0.0653950332162612,1,0.0653950332162612,0.0077242654117996,0,1,7
2024-07-10,24324.44921875,292300,69.27564148170597,21777.66503687197,377.5481491622959,363.8804466857672,198.5749162946429,16.487727112264565,-0.0044509111977667,0.0015625643361538,0.0190897080115532,0.0039232520055469,0.0034994075120664,1.02513275652477,1.070690088905467,13.667702476528689,0.0125228433274632,0.0483714919431258,0,266610.0,20333000,319.25,0.063616553488299,1,0.063616553488299,0.0081635935313008,0,2,7
2024-07-11,24315.94921875,306400,68.89556353943235,21802.92159589564,364.3365802276676,363.9716733941473,194.28920200892856,16.188380671058965,-0.0003494426502141,0.0005678027624387,0.0112894515897605,0.0034611188667673,0.0035457736589199,1.0250967932864952,1.071246318452875,0.3649068335203083,0.0138657431951728,0.0449440542252756,1,267150.0,20026600,208.900390625,0.0612899734731947,1,0.0612899734731947,0.0079901960750564,0,3,7
2024-07-12,24502.150390625,325800,72.46009691439224,21829.779593853145,364.6873068218738,364.1148000796926,199.15708705357144,16.631080894570182,0.007657573644356,0.0073302862874664,0.020472240978858,0.0038840858899087,0.0037523406989908,1.0254061808166248,1.071986765597102,0.57250674218119,0.0082208131883378,0.0497590439287679,0,270025.0,20352400,276.25,0.0607477553995024,1,0.0607477553995024,0.0081281472800759,0,4,7
2024-07-15,24586.69921875,305400,73.92150892767994,21857.21162992177,367.55074777235495,364.8019896182251,193.1999162946429,17.19319939441042,0.0034506697076412,0.0109433556786546,0.018422290427758,0.0037352709925085,0.0037592594217427,1.0257733376510645,1.0727682934791196,2.74875815412986,0.0070959532748884,0.0508091683881794,0,274140.0,20657800,132.900390625,0.0607369039755517,1,0.0607369039755517,0.0078579037623442,0,0,7
2024-07-16,24613.0,283200,74.37700629930045,21884.632409723545,367.7036399241842,365.3823196794169,182.8498883928572,17.81020071232471,0.0010697158254551,0.007358871821911,0.0202766307428357,0.0036385275260673,0.0037500165083644,1.026052094685489,1.0735122387949547,2.3213202447672643,0.008280432363295,0.0497973247956477,1,274690.0,20941000,74.55078125,0.0608496661038103,1,0.0608496661038103,0.007428996399986,0,1,7
2024-07-18,24800.849609375,350900,77.41169033248136,21913.64949628724,378.6182263759147,368.0295010187165,186.5107421875,18.983677789502902,0.0076321297434283,0.0195852488309489,0.0211784163784407,0.0037752833024343,0.0038144137676129,1.0266305195084249,1.074430457509317,10.5887253571982,0.0035828851123913,0.05475329061214,0,275795.0,21291900,333.30078125,0.0614231778968248,1,0.0614231778968248,0.0075203368080179,0,3,7
2024-07-19,24530.900390625,343800,65.42069519875946,21939.691793743343,361.3203923124456,366.6876792774624,197.82868303571428,20.12808552412049,-0.0108846762510892,0.008839925184136,0.0094127472805141,0.0055933060996221,0.0048742662575995,1.0263975088509385,1.0749178929562009,-5.367286965016774,0.0150123675177812,0.0408076316381852,0,278970.0,20948100,346.650390625,0.0580184108634553,1,0.0580184108634553,0.0080644688896669,0,4,7
2024-07-22,24509.25,324200,64.55700028282124,21965.25953708918,341.9232502206978,361.7347934661095,202.228515625,20.25572834976329,-0.0008825762723847,0.0002897545424305,0.0076221648136463,0.0056234679765866,0.0047928961024623,1.0260428038202134,1.0753197048104697,-19.81154324541172,0.014988885667009,0.034926877828132,0,264685.0,20623900,232.8984375,0.0517281707048139,1,0.0517281707048139,0.008251109912584,0,0,7
2024-07-23,24479.05078125,436400,63.30162174490008,21990.272385289787,320.42044337991683,353.47192344887094,225.6858258928572,18.88519935687733,-0.0012321559717249,-0.0043783200234501,0.0065171221419129,0.0056537819407389,0.0048502001785457,1.0255643711249036,1.075629121056233,-33.051480068954106,0.0143530647530197,0.0280033767146029,0,274535.0,20187500,508.3515625,0.0437554296494907,1,0.0437554296494907,0.009219549724768,0,1,7
2024-07-24,24413.5,366600,60.54925071421652,22014.384102849097,294.6928777681351,341.7161143127238,226.521484375,17.61256529205464,-0.0026778318259059,-0.0081054727176694,-0.0008062480305437,0.0055554930358497,0.0047530576340796,1.0248986217907878,1.075805072629162,-47.02323654458871,0.0154050485642005,0.0208866548604096,0,277960.0,19820900,197.0,0.0373368349888028,1,0.0373368349888028,0.0092785337774182,0,2,7
2024-07-25,24406.099609375,391800,60.23085105299231,22038.182267093136,270.5872851988679,327.4903484899526,233.33217075892856,16.72765908378381,-0.0003031269840456,-0.0159167934251244,0.0033567210460025,0.0053425558124083,0.004630854217342,1.024208393051053,1.0759297364506144,-56.90306329108472,0.0144473302360758,0.0171226668238571,1,283160.0,19429100,215.349609375,0.0324335188486842,1,0.0324335188486842,0.0095604039356333,0,3,7
2024-07-26,24834.849609375,383800,70.05546628315034,22066.00980283724,282.81980059105626,318.55623891017336,251.96791294642856,16.904746833410133,0.0175673297602745,0.0123904632080344,0.0213399191599263,0.0076070357902533,0.0057753030529244,1.024511308753843,1.0765692292813114,-35.7364383191171,-0.0007253908982883,0.0332494301126663,0,276590.0,19812900,455.05078125,0.0339456081365734,1,0.0339456081365734,0.0101457394310659,0,4,7
2024-07-29,24836.099609375,355000,70.0786744397539,22093.57288548936,289.2803776009896,312.7010666483366,260.61802455357144,17.49501575536591,5.03324972633834e-05,0.0133357654507992,0.0136293840918459,0.0073706213744772,0.0057439393149504,1.0246810292926407,1.0771440331115445,-23.420689047347025,0.0007164841488143,0.0314664643117309,0,276600.0,20167900,225.150390625,0.0335346026092736,1,0.0335346026092736,0.0104935166412037,0,0,7
2024-07-30,24857.30078125,385000,70.49634460629471,22121.07266554667,292.7367023298466,308.70819378463864,264.19308035714283,18.0431226114677,0.0008536433743,0.0154519880439858,0.0110060142718806,0.0073351828430895,0.0056771204917398,1.0247809735363282,1.0776829556098293,-15.971491454792044,0.0016931110417741,0.0312448618242482,0,295850.0,20552900,173.099609375,0.0343004665415658,1,0.0343004665415658,0.0106283897307315,0,1,7
2024-07-31,24951.150390625,333600,72.33714584882676,22149.23264291064,299.595196784594,306.8855943846297,250.5394810267857,18.59415278661917,0.0037755350108565,0.022022667402257,0.013738690554788,0.0073829026444589,0.0056739076746382,1.0249875391595644,1.0782810119405228,-7.290397600035703,1.186052663325232e-05,0.0336594433151585,0,312530.0,20886500,128.099609375,0.0351371692335095,1,0.0351371692335095,0.0100411995881729,0,2,7
2024-08-01,25010.900390625,431300,73.47196405084908,22177.70694885805,306.32085259062296,306.7726460258284,244.7001953125,19.414547820571617,0.0023946791656728,0.0247807224804441,0.0084694994146732,0.0070700142031592,0.0055526503003874,1.0252065754121615,1.0788908261571302,-0.4517934352054453,0.0003875710748332,0.0358363492286709,0,334095.0,21317800,127.150390625,0.0378355704302883,1,0.0378355704302883,0.0097837419481396,0,3,8
2024-08-02,24717.69921875,345000,60.381731938054735,22202.980503782343,284.7101378436055,302.36014438938383,248.1145368303572,18.75664636375668,-0.0117229354919546,-0.0047171773724281,0.0076148378229274,0.007228022146267,0.0062907928258636,1.0246246000722548,1.0790587170229862,-17.650006545778353,0.0125824048910433,0.0230465112192042,0,338785.0,20972800,324.05078125,0.0367467576268643,1,0.0367467576268643,0.0100379300935155,0,4,8
2024-08-05,24055.599609375,487000,42.128375810519046,22221.414524733515,211.71704334416063,284.2315241803392,297.4787946428572,19.256027932929104,-0.0267864578946228,-0.0314260295407005,-0.0185093542489059,0.0113546939626969,0.0088207440118729,1.0225032892854902,1.0783352486377304,-72.51448083617856,0.0417826966450753,-0.0013975026766944,0,348215.0,20485800,824.0,0.040558669049411,1,0.040558669049411,0.0123663013798634,0,0,8
2024-08-06,23992.55078125,312300,40.8616250712441,22239.03777106701,147.08645545748368,256.8025104357681,322.3108258928572,19.592082062583053,-0.0026209626510589,-0.0347885720823029,-0.0198741366382,0.0113553601336219,0.0088325854929168,1.020430213682697,1.0775343608125885,-109.71605497828445,0.0460273132036499,-0.001154966517611,1,350515.0,20173500,422.19921875,0.0449769976647004,1,0.0449769976647004,0.013433787379737,0,1,8
2024-08-07,24297.5,317600,48.869729540209306,22259.51998230018,119.1001894584333,229.2620462403012,323.15708705357144,19.90413232583315,0.0127101624804444,-0.0261972045533659,-0.0047514694738566,0.0122525120464442,0.0092607572145772,1.0192551909341687,1.077131590376302,-110.1618567818679,0.0330101928045667,0.0120798549997513,0,353870.0,20491100,345.1484375,0.0457822935074042,1,0.0457822935074042,0.0133000138719444,0,2,8
2024-08-08,24117.0,311900,44.9866329163498,22278.002370536,81.41750026306545,199.69313704485404,317.0249720982143,20.46861623247155,-0.007428747813561,-0.0357404322380999,-0.0118453834902791,0.0124513111806569,0.0093555187818575,1.0177457286820626,1.07648541485017,-118.2756367817886,0.0413128403862424,0.0061173367606879,1,354850.0,20179200,260.80078125,0.0478207964803489,1,0.0478207964803489,0.0131452905460137,0,3,8
2024-08-09,24367.5,215100,50.82627917779868,22298.793391724696,70.94909704432939,173.9443290447491,322.01436941964283,20.63293946643308,0.0103868640378157,-0.014167953726225,-0.0188182983479222,0.0114180238152935,0.00966079003923,1.0169456424045498,1.0761597733560084,-102.99523200041972,0.0305646843047309,0.0160796103717259,0,350285.0,20394300,302.75,0.047511929679258,1,0.047511929679258,0.0132149120516935,0,4,8
2024-08-12,24347.0,279900,50.35520048921879,22319.173556981168,60.30349227700936,151.21616169120117,304.32505580357144,21.06358751324001,-0.0008412844977941,0.0121136199203879,-0.0196930925977756,0.0114051067909539,0.0094987579834496,1.01613948513442,1.0757919572733392,-90.9126694141918,0.0313714550097146,0.0158274454808198,0,347990.0,20114400,260.701171875,0.0480515929362546,1,0.0480515929362546,0.0124994888817337,0,0,8
2024-08-13,24139.0,239700,45.72448479764929,22337.28128278235,34.68310686355835,127.9095507256726,307.6428571428572,21.724139662194432,-0.0085431469996303,0.0061039453489226,-0.0288969742761378,0.0115368094129901,0.0096289122744112,1.0148984195033532,1.0751449581726176,-93.22644386211424,0.0403561530015741,0.0092993537089357,0,344705.0,19874700,243.44921875,0.0501664699525199,1,0.0501664699525199,0.0127446396761612,0,1,8
2024-08-14,24143.75,303300,45.84695814925859,22355.256095888995,14.59382362665201,105.24640530586848,299.1750837053572,22.383950628442907,0.0001967769998756,-0.006327811503241,-0.0323592450842814,0.0113620222413713,0.009621612745803,1.0137750816860205,1.074504908041024,-90.65258167921648,0.0399696515288119,0.0112560060460264,1,345710.0,20178000,96.80078125,0.0518125521165802,1,0.0518125521165802,0.01239140911024,0,2,8
2024-08-16,24541.150390625,271600,54.99656923850648,22377.006287876426,30.389500985180348,90.27502444173088,296.6821986607143,21.311555006046145,0.0164597624902924,0.0175871953653024,-0.0187818108370092,0.012901337490665,0.0102184446909567,1.013665069078476,1.07437235855048,-59.88552345655053,0.0219513260872302,0.0271473182461271,0,341745.0,20449600,420.150390625,0.0505053589272229,1,0.0505053589272229,0.0120891724282839,0,4,8
2024-08-19,24572.650390625,243600,55.63641218535447,22398.85349287889,44.93153309246191,81.20632617187708,288.87513950892856,20.02398608464651,0.0012835584110202,0.0084190167487432,-0.0058682172171984,0.012439281614561,0.0099241294525727,1.0135901864986616,1.074254839443864,-36.27479307941517,0.0207675559577478,0.0283508089661857,1,336735.0,20693200,115.8515625,0.0505861830140236,1,0.0505861830140236,0.0117559618078129,0,0,8
2024-08-20,24698.849609375,238300,58.20048193335386,22421.73902637637,65.87999697318082,78.14106033213783,288.05733816964283,18.725276695413186,0.0051357593399101,0.0144514564166016,0.0267401357873162,0.0083843375919678,0.0099828171774028,1.0137641618262665,1.07427208115153,-12.261063358957005,0.0162387222607901,0.0332346191629339,0,332440.0,20931500,161.650390625,0.0511936180331139,1,0.0511936180331139,0.0116627836002655,0,1,8
2024-08-21,24770.19921875,257100,59.62141583691282,22445.10678948457,87.23354865923466,79.9595579975572,288.439453125,17.723770602857222,0.0028887826964991,0.0261485239135839,0.0324120784234298,0.0081761795678473,0.0099891680292443,1.0140265824085373,1.0743472377858845,7.273990661677459,0.0143883214930564,0.035920787657429,0,323475.0,21188600,133.44921875,0.0521778154236439,1,0.0521778154236439,0.011644615797303,0,2,8
2024-08-22,24811.5,220300,60.459327062691656,22468.652990584225,106.26407399834716,85.2204611977152,286.29659598214283,17.096096563116568,0.0016673576536574,0.0276572611959617,0.0211544397571765,0.0074677786244402,0.0099604448253019,1.014295338301864,1.074439031412338,21.04361280063196,0.0140066698229043,0.0372283629515947,0,316160.0,21408900,97.150390625,0.0531835404225913,1,0.0531835404225913,0.0115388668956791,0,3,8
2024-08-23,24823.150390625,206800,60.70702859760844,22492.080825410503,120.89241904040682,92.35485276625352,269.34654017857144,16.45372743996959,0.0004695560778267,0.0114909038700861,0.0292801920066758,0.0067264613613779,0.0099572094296714,1.0145003632775698,1.074508898687555,28.537566274153303,0.0147943550260438,0.0372637327404112,1,306910.0,21615700,86.75,0.0540173390969662,1,0.0540173390969662,0.0108506187143875,0,4,8
2024-08-26,25010.599609375,210300,64.55448544764045,22517.140713808163,145.92889577945243,103.0696613688933,226.25013950892856,16.557112477514824,0.007551387144671,0.0178226284828064,0.026391694239253,0.0064294875244328,0.0093050520712678,1.015052116934251,1.0747806189196027,42.859234410559125,0.0083412427672022,0.0449290972760758,0,298235.0,21826000,220.650390625,0.0556726877931528,1,0.0556726877931528,0.0090461701455618,0,0,8
2024-08-27,25017.75,223300,64.69649173312496,22542.02239824788,164.45176318007725,115.3460817311301,203.1965680803572,16.757625266131143,0.000285894410237,0.0129115483380226,0.027549595432702,0.0063715500407034,0.0093047432082945,1.0154887932517451,1.0750151849013465,49.10568144894715,0.0092093698461642,0.0456323064361854,0,291650.0,22049300,99.44921875,0.0573100732395268,1,0.0573100732395268,0.0081220960350294,0,1,8
2024-08-28,25052.349609375,220400,65.41845774278644,22567.000778458103,179.84996986085025,128.24685935707413,190.3251953125,17.149384468411704,0.0013830024432652,0.0113907194743683,0.0378370938885206,0.0050558832730241,0.0093068368118692,1.0158867579354909,1.0752490917924828,51.60311050377612,0.0090713951672944,0.0474276480855004,0,283420.0,22269700,164.94921875,0.0591002269164438,1,0.0591002269164438,0.0075970996046325,0,2,8
2024-08-29,25151.94921875,354000,67.48012635178691,22592.721658461007,197.8097875824133,142.15944500214198,185.5823102678572,17.74246304865763,0.0039756594063229,0.0137214283195292,0.0417581866425058,0.0049011312207809,0.0093107272586483,1.016397646006483,1.0755642464362454,55.650342580271314,0.0065259260007467,0.0518517806227869,0,284440.0,22623700,194.400390625,0.0612831180907965,1,0.0612831180907965,0.0073784464438052,0,3,8
2024-08-30,25235.900390625,638200,69.1496347999601,22619.021944353182,216.32358682914128,156.99227336754186,172.27162388392858,18.56115885023416,0.0033377600735777,0.0166276235491802,0.0283095938430579,0.002286499049894,0.0093235148825317,1.0169681883951922,1.07593638114835,59.33131346159942,0.0048969696556195,0.055833766742421,0,294785.0,23261900,116.400390625,0.0639367884606701,1,0.0639367884606701,0.0068264504621331,0,4,8
2024-09-02,25278.69921875,222800,69.9953386339583,22645.4863948447,231.7776256696889,171.94934382797126,160.66085379464286,19.547953732332985,0.0016959501132323,0.010719439500143,0.0287331165707047,0.0022597143587165,0.0088702369333949,1.0174942402995164,1.0763104018238314,59.828281841717626,0.0064911084242924,0.058508563213844,0,288675.0,23484700,98.150390625,0.0684690488190762,1,0.0684690488190762,0.0063555823187086,0,0,9
2024-09-03,25279.849609375,212100,70.01912895900108,22671.698964143507,241.3359194473888,185.8266589518548,149.4072265625,20.464263265710468,4.550829989491412e-05,0.0104765460273206,0.0235233627957907,0.0022582032454125,0.0059787357443894,1.0178851116258882,1.0766335983967246,55.509260495533965,0.0090534500100156,0.0563167602536378,0,274930.0,23696800,85.8984375,0.068691719629768,1,0.068691719629768,0.0059101311467886,0,1,9
2024-09-04,25198.69921875,253800,66.04120394411297,22696.84324528387,239.6008088308008,196.581488927644,156.49637276785714,20.294829413743223,-0.0032100820170585,0.0058417518379287,0.0172990130687218,0.0028393473351623,0.0060066896870324,1.0179711841232495,1.076805119779108,43.0193199031568,0.0133118335306587,0.0494999614210648,0,272005.0,23443000,196.048828125,0.0656310747391928,1,0.0656310747391928,0.0062104940977036,0,2,9
2024-09-05,25145.099609375,222200,63.476095180305,22721.20400512557,231.2351458183075,203.5122203057767,137.03557477678572,20.391843479460825,-0.0021270784221717,-0.0002723291668342,0.013445362407553,0.0030896964824939,0.0055765770247618,1.0178555213810827,1.0768674472059303,27.7229255125308,0.016791854985485,0.0454230627156813,0,267235.0,23220800,147.69921875,0.0647582116430394,1,0.0647582116430394,0.0054497924806666,0,3,9
2024-09-06,24852.150390625,311700,51.66472396988102,22742.40745174746,198.67652463110065,202.5450811708415,155.0068359375,19.165732157810428,-0.0116503502989019,-0.0152065111234375,0.0011682642832857,0.0051557589559271,0.0060049611967636,1.017024703814015,1.076526331422522,-3.868556539740865,0.0277439521113807,0.0301791978667272,0,267225.0,22909100,367.44921875,0.0595003469457796,1,0.0595003469457796,0.0062371599037149,0,4,9
2024-09-09,24936.400390625,254400,54.29852281377261,22764.23822725868,177.6243111695403,197.5609271705813,158.05678013392858,18.244685503986183,0.0033900486950126,-0.0135409984969125,-0.0029667109109285,0.0046313620834456,0.0056547781488645,1.0164293099476842,1.0762753600475476,-19.93661600104099,0.0242202344891386,0.031123037299131,0,269190.0,23163500,204.349609375,0.0569776515348785,1,0.0569776515348785,0.0063383959857073,0,0,9
2024-09-10,25041.099609375,251300,57.40478046240823,22786.89356439417,167.45827748975353,191.54039723441576,165.21749441964286,17.317368449826677,0.0041986500501236,-0.0094442808675356,0.0009333217165812,0.0048455065201007,0.0056727131761362,1.0160866147465886,1.0761355044481855,-24.08211974466224,0.0198915758364126,0.0323558659881574,0,267760.0,23414800,233.69921875,0.0539409118520112,1,0.0539409118520112,0.0065978530095295,0,1,9
2024-09-11,24918.44921875,279200,52.87124561853473,22808.103073392733,147.80100310399575,182.79251840833177,174.60309709821428,16.397572082951115,-0.0048979634496194,-0.0111216058244574,-0.0053448236477944,0.0050634635536574,0.0053870661249028,1.0154509724595016,1.075816808327133,-34.99151530433602,0.0225948133084515,0.0221483099254629,1,269735.0,23135600,228.548828125,0.0458952296550075,1,0.0458952296550075,0.0070069808745093,0,2,9
2024-09-12,25388.900390625,380100,64.46402227463878,22833.78264868858,168.24453114957942,179.88292095658133,205.1852678571429,16.823186705428505,0.0188796328272711,0.0096957572265532,0.0094207876222316,0.0079218040480974,0.0066110116155666,1.0159020470291673,1.0760694156542876,-11.638389807001914,0.0024777328209922,0.0341947871409125,0,273575.0,23515700,514.900390625,0.0382315069892627,1,0.0382315069892627,0.008081691790516,0,3,9
2024-09-13,25356.5,250800,63.30900789754007,22858.88431387576,179.75957716222183,179.85825219770945,199.28529575892856,17.218400283443223,-0.0012761636040355,0.0202940027904086,0.0047788906877996,0.0079026715073719,0.0057829749917574,1.0161588814892888,1.076235791822279,-0.0986750354876164,0.0045494252928294,0.030535874157026,0,272535.0,23264900,138.05078125,0.0364706287768353,1,0.0364706287768353,0.00785933767511,0,4,9
2024-09-16,25383.75,168700,63.89492899661197,22884.00735552873,188.9065838426468,181.66791852669687,200.0032087053572,17.642137736918176,0.0010746751326089,0.0179396224943189,0.0041557035961756,0.0078947049224009,0.0057838627334593,1.0163807354723176,1.0763946894449106,7.23866531594993,0.0040458810734865,0.0289561260013439,0,268790.0,23433600,109.5,0.0342863859702222,1,0.0342863859702222,0.0078791828908398,0,0,9
2024-09-17,25418.55078125,216000,64.67085442900222,22909.226693098102,196.69639118379928,184.6736130581174,194.6068638392857,18.03560822943063,0.0013709866056039,0.0150732666601305,0.0054866296286653,0.0078984217154647,0.0057250990566606,1.0165882849075438,1.0765557766673444,12.022778125681867,0.0037193628459195,0.0285023207895597,0,267675.0,23649600,89.400390625,0.0334735365013875,1,0.0334735365013875,0.0076560959558259,0,1,9
2024-09-18,25377.55078125,215700,62.95430326833908,22933.787131786183,197.2873070073947,187.1963518479729,194.76743861607144,17.965520362012526,-0.0016129951842196,0.0184241626944643,0.0070976505948734,0.0078292205258353,0.0057540874455847,1.0166125478450392,1.0766246074719972,10.09095515942181,0.0060041441826603,0.0252026761036354,0,265605.0,23433900,196.6484375,0.0323278456393524,1,0.0323278456393524,0.0076747925871543,0,2,9
2024-09-19,25415.80078125,314500,63.91655437862427,22958.483785014683,198.5532688975909,189.4677352578965,203.3030133928572,18.45713207472528,0.0015072376499098,0.0010595335052372,0.0107655637114307,0.0077656986841394,0.0057535547079328,1.016655573171635,1.0767043782068892,9.085533639694404,0.0052478566896502,0.0250497761710259,1,270315.0,23748400,235.8984375,0.0313955616261529,1,0.0313955616261529,0.0079990795939366,0,3,9
2024-09-20,25790.94921875,533100,71.68485227383721,22986.667520673745,227.2087751489198,197.01594323610115,227.2529296875,19.75192287686769,0.0147604413777415,0.0171336430008084,0.0377753559900855,0.0074320903986567,0.0064951227472234,1.0174678882245494,1.077212153616551,30.19283191281866,-0.0053402666446507,0.0395126243056172,1,286630.0,24281500,433.44921875,0.0358644104451914,1,0.0358644104451914,0.0088113441564332,0,4,9
2024-09-23,25939.05078125,209200,74.0591904561488,23016.04446854017,258.884766227322,209.38970783434533,232.9066685267857,21.2728201687506,0.0057423850996662,0.0218762311025755,0.040208304924473,0.0074569878097969,0.0064249976573823,1.0184340459745638,1.0778435638312105,49.49505839297669,-0.005710562251243,0.0467260767027228,0,286575.0,24490700,165.05078125,0.0432140291489536,1,0.0432140291489536,0.008978997361582,0,0,9
2024-09-24,25940.400390625,384100,74.08052007806047,23045.142537416643,280.85954555538774,223.68367537855383,227.81040736607144,22.844772349441143,5.203002169906768e-05,0.0205302660197268,0.0359129908541762,0.0075577601840959,0.0064281939542283,1.019201990853424,1.078410131708143,57.17587017683391,-0.0014994783076497,0.0474816785434101,0,294615.0,24874800,124.701171875,0.0483611341723161,1,0.0483611341723161,0.0087820698191074,0,1,9
2024-09-25,26004.150390625,278500,75.12112794501051,23074.58540162767,299.9610445097933,238.9391492048017,228.7926897321429,24.36675984653917,0.0024575565157058,0.0246910986318646,0.0435701741446277,0.006978897776017,0.0064287345609717,1.0199339460123191,1.0789919999127613,61.02189530499157,0.0002114232638198,0.0503153767718424,1,297520.0,25153300,161.451171875,0.0531714530423054,1,0.0531714530423054,0.0087983143573353,0,2,9
2024-09-26,26216.05078125,370900,78.24728342892666,23105.843763613964,328.4119817517385,256.8337157141891,220.58203125,26.35968730278495,0.008148714241454,0.0314863185656684,0.0325792128803825,0.0050440491192788,0.0065663843978842,1.020959329069925,1.0797705244775668,71.57826603754938,-0.0023254296168468,0.059480270284618,0,298365.0,25524200,252.5,0.0605095466837537,1,0.0605095466837537,0.0084140068651286,0,3,9
2024-09-27,26178.94921875,490300,76.43625847605487,23136.421927346662,344.0003466079397,274.26704189293923,214.98200334821428,28.273760123629987,-0.0014152231703233,0.0150440372205427,0.0324354393843786,0.0050580018915036,0.0066049110243399,1.0216830849738208,1.080428169310324,69.73330471500049,0.0034482105543155,0.0589047282030525,0,290970.0,25033900,125.94921875,0.0657972073492417,1,0.0657972073492417,0.0082120180436516,0,4,9
2024-09-30,25810.849609375,343100,61.28168539418512,23163.033148063365,322.92914970344646,283.9994634550407,225.77845982142856,27.718948016683733,-0.0140609008520233,-0.0049424002811879,0.0168257097306347,0.0074611834493305,0.007503691511254,1.0214141080672827,1.0805643634241728,38.929686248405744,0.0191834169314574,0.0448462335991393,0,296985.0,24690800,384.849609375,0.0665469261183464,1,0.0665469261183464,0.0087474245613139,0,0,9
2024-10-01,25796.900390625,247400,60.78982214936107,23189.24078231772,301.6275147389206,287.5250737118168,221.4821428571429,26.91047114084709,-0.0005404401234794,-0.0055319115294713,0.014884782874958,0.0074948150050537,0.0075090393447219,1.0210677760384883,1.0806415067281292,14.102441027103794,0.0209580407589727,0.043548955834541,0,298750.0,24443400,168.400390625,0.0669388874234845,1,0.0669388874234845,0.0085856106548999,0,1,10
2024-10-03,25250.099609375,423400,45.40529649321509,23209.746840298383,237.8814134591521,277.5963416612838,225.17494419642856,25.92710949998548,-0.0211963752609873,-0.0289973242702769,-0.0050222014320296,0.0103965063039709,0.0089781304998669,1.0194821520104635,1.08000920176335,-39.71492820213172,0.0430305961733524,0.0225963791363062,0,307230.0,24020000,566.599609375,0.0666508767400193,1,0.0666508767400193,0.0089177843921385,0,3,10
2024-10-04,25014.599609375,374900,40.63544629347809,23227.70557431905,166.44066273044882,255.36520587511683,252.33203125,25.783176262160207,-0.0093266958801446,-0.0458288390536033,-0.0157855019138715,0.0107285550724231,0.009215034010802,1.017511606931642,1.079086152117852,-88.92454314466801,0.0531202754079916,0.0141863715744882,0,314865.0,23645100,518.25,0.0677365388114029,1,0.0677365388114029,0.0100873903716384,0,4,10
2024-10-07,24795.75,374300,36.7697442179272,23243.30800641538,91.11371639479694,222.51490797905288,276.5570591517857,26.308812419059304,-0.0087488751686026,-0.0528363154377227,-0.0385871497132215,0.0092316652730321,0.0090469143823371,1.0152491282273952,1.0779080389145608,-131.40119158425594,0.0626649532943951,0.0059626879742295,1,317995.0,23270800,448.650390625,0.0684692923069289,1,0.0684692923069289,0.0111534056905633,0,0,10
2024-10-08,25013.150390625,333200,42.610328716582735,23260.918378397564,48.40102645068691,187.6921316733797,290.685546875,26.796903136179896,0.0087676473034692,-0.030905577724968,-0.0356952302701178,0.0096236017631478,0.0092333002619066,1.0137060357748553,1.077022857504642,-139.29110522269278,0.0532008427612452,0.0140674509742844,0,321935.0,23604000,287.19921875,0.0676913177257797,1,0.0676913177257797,0.0116213088849435,0,1,10
2024-10-09,24981.94921875,290600,42.01055822574789,23278.0430633762,11.896107211559864,152.53292678101576,297.09291294642856,26.40022939506909,-0.0012473907279866,-0.0315910500693783,-0.0369482027047427,0.0095776807306284,0.0091891887647866,1.012244195397125,1.0761116136507358,-140.6368195694559,0.0546723000659561,0.0132289078917006,0,323900.0,23313400,286.3515625,0.0682508951382487,1,0.0682508951382487,0.0118923031323531,0,2,10
2024-10-10,24998.44921875,261400,42.47171580701558,23295.16153258389,-15.523941847150128,118.9215530553826,291.2894810267857,26.031889492609057,0.0006604768849507,-0.0099663127875965,-0.0386746406541924,0.0094651689025645,0.0091195338484187,1.0109641808915122,1.075234433187954,-134.44549490253274,0.0537237865396296,0.0133078107361306,0,323010.0,23574800,154.650390625,0.0674107324449152,1,0.0674107324449152,0.0116523020479328,0,3,10
2024-10-11,24964.25,210500,41.73095889447004,23311.769378030825,-39.55811805443591,87.2256188334189,268.0859375,25.866228911693064,-0.0013680536120755,-0.0020128089260372,-0.0477494032833236,0.008554174223682,0.007990708716756,1.0097344659317822,1.0743279287817096,-126.7837368878548,0.0555779503954088,0.0140677861730707,1,314530.0,23364300,108.599609375,0.0700021183205766,1,0.0700021183205766,0.0107387939753848,0,4,10
2024-10-14,25127.94921875,206400,46.53757731816636,23329.84081923201,-44.87888118772389,60.80471882919035,270.26088169642856,25.099092260615286,0.0065573457544287,0.013397425718117,-0.0401467603309015,0.0092526284024077,0.0081570418185426,1.0089929012821062,1.0736360447668305,-105.68360001691424,0.0487336374555048,0.021432698744175,0,312310.0,23570700,195.5,0.0710196898855594,1,0.0710196898855594,0.0107553895203976,0,0,10
2024-10-15,25057.349609375,257200,44.82038958499787,23347.02996142249,-54.16800768175017,37.81017352700225,275.91796875,24.148644916297425,-0.0028096049048969,0.0017670392597393,-0.0291931498344135,0.00855809434189,0.0081657960911808,1.0081577647597684,1.0728616960813375,-91.97818120875242,0.0517459157893208,0.0200356274453086,0,316735.0,23313500,203.900390625,0.0724968612508353,1,0.0724968612508353,0.0110114586359431,0,1,10
2024-10-16,24971.30078125,226800,42.74988451668984,23363.19186012724,-67.69280808810436,16.709577203980928,277.59654017857144,23.61959454714546,-0.0034340754096676,-0.0004262452623996,-0.0320038297963516,0.0085173247671963,0.0081749684359521,1.0072098572851815,1.0719905584402447,-84.40238529208528,0.0554512868805329,0.0185309660059286,0,317275.0,23086700,184.951171875,0.0745283839746844,1,0.0745283839746844,0.0111166231431166,0,2,10
2024-10-17,24749.849609375,252800,37.89776019205523,23376.989449672,-95.18335421885786,-5.669009080586829,281.0322265625,23.711952263643784,-0.0088682273228345,-0.0099446012510463,-0.019811803032027,0.0062032549178838,0.0083690296084431,1.005865435295961,1.0708625192848145,-89.51434513827103,0.0655168430578491,0.0129072036211195,0,319130.0,22833900,300.599609375,0.0783990999843582,1,0.0783990999843582,0.0113549064336959,0,3,10
2024-10-18,24854.05078125,290900,41.275275058454966,23391.686577349392,-107.3244766022799,-26.000102584925443,294.7893415178572,24.262647333762263,0.0042101739412401,-0.004414281172076,-0.0064182049935681,0.0058915214486685,0.0084369047768345,1.0049065201336165,1.0698887773026495,-81.32437401735446,0.0610758256731602,0.0193319936739436,0,317950.0,23124800,318.548828125,0.0808100219974367,1,0.0808100219974367,0.0118608167381812,0,4,10
2024-10-21,24781.099609375,242000,39.64945822556655,23405.51158264318,-121.4331477177584,-45.08671161149204,288.63588169642856,24.29880041361758,-0.0029351823779982,-0.0138033393157364,-0.0005908428107639,0.0052534166410193,0.0075714376022641,1.0038913878024316,1.0688456521228855,-76.34643610626637,0.0626607004168929,0.0189814157932395,0,303395.0,22882800,298.701171875,0.0819727874918821,1,0.0819727874918821,0.0116474202616591,0,0,10
2024-10-22,24472.099609375,279500,33.6104354343133,23416.124398829565,-155.7526689880906,-67.21990308681175,307.76436941964283,24.985625911647755,-0.0124691803378693,-0.0233564207357761,-0.0216306531884439,0.0055768465539541,0.0076895623001087,1.0023027748489852,1.0674488636980894,-88.53276590127884,0.0740195143375697,0.0105298419866822,0,306910.0,22603300,436.19921875,0.084076804874512,1,0.084076804874512,0.0125761325890379,0,1,10
2024-10-23,24435.5,284600,32.96989054462341,23426.267439637235,-183.78585057182136,-90.53309258381368,283.4465680803572,25.79580568436125,-0.0014955647434917,-0.0214566628284063,-0.0218737622899284,0.0055728335984247,0.0076662738009983,1.000829029768529,1.0660492141385325,-93.25275798800767,0.072826421124889,0.0124047082225542,0,301935.0,22318700,226.150390625,0.0848809669269712,1,0.0848809669269712,0.0115997858885783,0,2,10
2024-10-24,24399.400390625,216700,32.315706684603285,23435.95035457244,-206.5344847477136,-113.73337101659364,256.38950892857144,26.643574697457268,-0.0014773427748562,-0.0141596504334819,-0.0239634396071131,0.0054915259587267,0.0075699245539311,0.9994616079474116,1.0646480210589877,-92.80111373111995,0.0702551244843971,0.0133619647283741,0,298845.0,22102000,139.451171875,0.0834164117759466,1,0.0834164117759466,0.0105080249851993,0,3,10
2024-10-25,24180.80078125,372600,28.6133172933186,23443.36180160406,-239.44196486703004,-138.87508978668097,250.51088169642856,28.05725971811084,-0.0089592205494931,-0.0270881397131409,-0.0313828462200946,0.0058449540639642,0.0071823613708429,0.99778078767889,1.0630229994260052,-100.56687508034906,0.0730670763712928,0.0059959641365571,1,298930.0,21729400,366.349609375,0.0784849321641189,1,0.0784849321641189,0.0103599084233255,0,4,10
2024-10-28,24339.150390625,278600,34.4701139536828,23452.2751208978,-249.8636176044747,-161.0727953502397,255.5465959821429,29.06851942092192,0.0065485676346082,-0.0178341246238648,-0.0313912934660188,0.0058433316162305,0.0075452490875971,0.9966814728416896,1.0616463254233002,-88.79082225423502,0.0569911857992841,0.0109273715917699,1,288345.0,22008000,357.69921875,0.0681141703442458,1,0.0681141703442458,0.0104994049455635,0,0,10
2024-10-29,24466.849609375,332000,38.82870897917901,23462.370389439864,-244.99444924942875,-177.85712613007752,259.63936941964283,30.007546287817924,0.0052466588480091,-0.0002145300192382,-0.0235659401016247,0.0064248128112133,0.0073708215772221,0.9960246538879852,1.0604688521363983,-67.13732311935124,0.0448842240158355,0.0149925266482156,0,287790.0,22340000,343.650390625,0.0605276134230915,1,0.0605276134230915,0.0106118839803615,0,1,10
2024-10-30,24340.849609375,285200,36.26558958565254,23471.111476205388,-248.4388962732592,-191.97348015871387,262.228515625,30.79141897205297,-0.0051498252538292,-0.0038734787757566,-0.0252470296760984,0.0064792628636122,0.0073736394218158,0.995182697141968,1.0591712378445863,-56.46541611454532,0.0424573127410426,0.0080398376166394,0,289680.0,22054800,190.8984375,0.0509324990985821,1,0.0509324990985821,0.0107731866320722,0,2,10
2024-10-31,24205.349609375,287000,33.690034874467074,23478.41732827673,-259.1154414198718,-205.40187241094543,268.7463727678572,31.873814299441893,-0.005566773640794,-0.0079530963115208,-0.0220001336813678,0.0061987362765489,0.0060366905567931,0.9941603548129604,1.0577483217266777,-53.71356900892636,0.0462173041107918,0.0047274846227668,0,282860.0,21767800,199.849609375,0.0512059868172911,1,0.0512059868172911,0.0111027676569384,0,3,10
2024-11-01,24304.349609375,38800,37.1993376846059,23486.635559929447,-256.6299375726885,-215.64748544329407,266.41782924107144,32.878895674874464,0.0040900049616161,0.0051093770319137,-0.0221171662001148,0.0061850197617923,0.005935179353504,0.9935156939842076,1.0564934172491258,-40.98245212939443,0.0407797494299636,0.0105279386325296,0,266055.0,21806600,162.900390625,0.0518562051935482,1,0.0518562051935482,0.0109617345669807,0,4,11
2024-11-04,23995.349609375,285500,31.58135087012677,23491.69739126721,-276.4076204551202,-227.7995124456593,287.6106305803572,34.78322931448231,-0.0127137736646451,-0.014125422446234,-0.0317076325258278,0.0070269228326022,0.0062506101175574,0.9922761427075636,1.0549000383912468,-48.60810800946089,0.0551268302643179,0.0020661094329133,1,261615.0,21521100,500.599609375,0.0571621846602721,1,0.0571621846602721,0.0119860987759056,0,0,11
2024-11-05,24213.30078125,289500,38.62245015274729,23498.87752450088,-271.3665933848897,-236.5129286335054,301.9927455357143,36.5515391226896,0.0090830588186072,-0.010362953636166,-0.0105752604907614,0.0071699519791556,0.0062785353140401,0.9917200399872456,1.0536296615988638,-34.853664751384315,0.0439654426205826,0.0126882842922167,1,259430.0,21810600,386.30078125,0.0572304937700356,1,0.0572304937700356,0.0124721841216116,0,1,11
2024-11-06,24484.05078125,351100,46.05008699728606,23508.680243473504,-242.72628336251728,-237.75559957930776,304.3462611607143,36.34248647021613,0.0111818707596305,0.0058831624274875,0.0019868953469337,0.0081360246328691,0.0069001502109084,0.9918826851787814,1.0527314723845966,-4.970683783209523,0.0304788524955033,0.0236975645492844,0,262455.0,22161700,333.548828125,0.0553960029579129,1,0.0553960029579129,0.0124303884140684,0,2,11
2024-11-07,24199.349609375,322200,40.49997954974209,23515.552575472524,-240.2323871314548,-238.2509570897372,304.75697544642856,36.21462519196146,-0.0116280257061476,-0.0002478790885828,-0.0081990039938385,0.0089635938606006,0.0072825816941715,0.9914055735281452,1.051508313054993,-1.981430041717573,0.0404303241878732,0.0133417539646452,0,265495.0,21839500,324.298828125,0.0544317490034751,1,0.0544317490034751,0.012593601909382,0,3,11
2024-11-08,24148.19921875,298700,39.5770703770787,23521.847566947923,-239.6211618477901,-238.52499804134777,298.38546316964283,36.39218164569949,-0.0021137093124677,-0.0064247919872238,-0.0013482416399245,0.0085205602320941,0.0072832519421279,0.9909048364520116,1.0502622619513895,-1.0961638064423198,0.04042512715697,0.0124221494504609,0,269905.0,21540800,209.5,0.0534714814148693,1,0.0534714814148693,0.012356427096972,0,4,11
2024-11-11,24141.30078125,273400,39.44651365227022,23528.011280523067,-236.96185885519665,-238.2123702041176,290.95703125,36.716047073410834,-0.0002856708874028,0.0060824774071213,-0.0081288626020079,0.0081957296664429,0.0070346222773293,0.9904862424665556,1.0490490519044176,1.250511348920952,0.0363614267269466,0.0118659150317238,0,273255.0,21267400,332.201171875,0.0488815197041957,1,0.0488815197041957,0.0120522516117267,0,0,11
2024-11-12,23883.44921875,255800,34.82249849811599,23531.547976425823,-252.7472947287424,-241.1193551090425,303.5784040178572,37.4151971594381,-0.0106809307765333,-0.0136227425364254,-0.0238445243232892,0.0084372842297619,0.0072988643465149,0.9895664681249255,1.0475605237478764,-11.627939619699871,0.0440086137696352,0.0025712739407819,0,273185.0,21011600,402.849609375,0.0468199101692106,1,0.0468199101692106,0.0127108275374031,0,1,11
2024-11-13,23559.05078125,304600,30.04997184746506,23531.82163617532,-288.11242845042943,-250.51796977732,320.32114955357144,38.70799431491342,-0.0135825623229214,-0.03777969618934,-0.0321187978509955,0.0091374176786873,0.0077174350782416,0.9880584176240824,1.0457290777272792,-37.59445867310947,0.0570081418873925,-0.0065444388368749,0,277075.0,20707000,373.849609375,0.0501801285603274,1,0.0501801285603274,0.0135965218856994,0,2,11
2024-11-14,23532.69921875,257700,29.693956432992778,23531.83036834024,-314.6389407286624,-263.3421639675885,307.84974888392856,39.95234253202584,-0.0011185324376894,-0.027548277180422,-0.0277893276271653,0.0091188232707916,0.0075944289690723,0.986725138031744,1.043936855666293,-51.29677676107394,0.0578702468921286,-0.0028209024411378,0,277320.0,20449300,191.75,0.0548160123087398,1,0.0548160123087398,0.0130817865822482,0,3,11
2024-11-18,23453.80078125,263300,28.601363990806945,23531.053954538347,-338.13008421470295,-278.2997480170114,300.61411830357144,41.33504240399412,-0.0033527151631265,-0.0287557027010457,-0.0349957452799689,0.0087940339463864,0.0074297116461445,0.9854277448881206,1.0421181896241083,-59.830336197691565,0.0594909304995202,-0.0021621231350101,0,275940.0,20186000,256.400390625,0.0570591789953622,1,0.0570591789953622,0.0128172879571781,0,0,11
2024-11-19,23518.5,297500,30.84838819050921,23530.92903956781,-347.5203007298114,-292.1438585595714,299.4140625,41.57036435974953,0.0027585814066317,-0.0257981451328304,-0.0198725843606252,0.0083466895697873,0.0075353740431651,0.9844978186510775,1.0404510973670291,-55.37644217024001,0.0538190126521435,0.003206089248759,0,278715.0,20483500,326.849609375,0.0570624708427761,1,0.0570624708427761,0.012731001658269,0,1,11
2024-11-21,23349.900390625,420300,28.3449559986708,23529.12775947884,-364.3665041521344,-306.588387678084,304.01771763392856,42.19714317507934,-0.0071688079331164,-0.0223396890138519,-0.0356581037184979,0.0074931423326903,0.0072575080863394,0.9833517073577,1.0386425924002969,-57.77811647405037,0.0614276343802387,0.0008141280157425,1,285755.0,20063200,255.349609375,0.0619802797726554,1,0.0619802797726554,0.0130200862765132,0,3,11
2024-11-22,23907.25,367600,44.40638237375874,23532.890169832284,-328.9518342433912,-311.06107699114546,333.04268973214283,40.64914997565136,0.0238694641112378,0.0147798492385406,-0.0235582251647556,0.0106732833158036,0.0093295156278573,0.98370587057153,1.0375914925468464,-17.89075725224575,0.034795247473968,0.0244303950887082,1,289905.0,20430800,606.19921875,0.0604509445989677,1,0.0604509445989677,0.0139306147604656,0,4,11
2024-11-25,24221.900390625,687200,51.07388686618139,23539.74599292475,-272.35624307706894,-303.32011020833016,353.14271763392856,37.848084768737216,0.0131612958673623,0.0292869579247361,0.0009318755096321,0.0111423173951046,0.0098537997239655,0.9848040825656532,1.0369633990595102,30.963867131261225,0.02039267169621,0.0368759227055747,0,313430.0,21118000,444.30078125,0.0592446099993495,1,0.0592446099993495,0.0145794802199174,0,0,11
2024-11-26,24194.5,230700,50.50582839263795,23546.26095816928,-227.0969792436008,-288.0754840153843,332.94991629464283,35.27748192777582,-0.0011312238174179,0.0315812019407168,0.0019173595857222,0.0111244696709428,0.0096458151519281,0.9857521277612316,1.0363178156546444,60.97850477178349,0.0216035152032954,0.035783802497412,0,306335.0,20887300,217.900390625,0.0592985811032353,1,0.0592985811032353,0.0137613885922272,0,1,11
2024-11-27,24274.900390625,295000,52.186305208321805,23553.511101775803,-182.6357359140348,-266.9875343951144,320.27845982142856,32.85283001539837,0.0033230854378061,0.0321619316973871,0.0055340683828752,0.0111637383005993,0.0095584047682973,0.986815938776315,1.035788187472206,84.35179848107961,0.0178688811046481,0.0388910370754543,0,307155.0,21182300,208.900390625,0.058853056384231,1,0.058853056384231,0.0131938114953139,0,2,11
2024-11-28,23914.150390625,366700,44.83115920080896,23557.09955241112,-174.49788731208173,-248.48960497850783,330.19642857142856,31.43928952558731,-0.0148610290544929,0.0241649853130228,0.0012854580422536,0.0116988275493152,0.0100142780132194,0.9869539315229366,1.034827520437258,73.9917176664261,0.0308018277132932,0.0242818663769865,1,308890.0,20815600,472.400390625,0.0563310395894161,1,0.0563310395894161,0.0138075751460053,0,3,11
2024-11-29,24131.099609375,282100,49.44570772896233,23562.810995764,-148.82700970585574,-228.55708592397744,326.625,30.126716213619897,0.0090720019405352,0.0093632521254012,0.0242814888187379,0.010901874072927,0.0102140852719725,0.9876251714220324,1.0341665429105964,79.7300762181217,0.0204342449555632,0.0328229925220585,1,308735.0,21097700,274.298828125,0.0549813477630356,1,0.0549813477630356,0.0135354378908247,0,4,11
2024-12-02,24276.05078125,220400,52.31556515880168,23569.907909052414,-115.4554080162925,-205.9367503424405,332.5927734375,28.46988086583248,0.0060068200049485,0.0022355962889666,0.0315880280281544,0.0108751650285284,0.0102327883487232,0.9885909438975442,1.0337023843347255,90.481342326148,0.0147191235227626,0.0386845672173503,1,305405.0,21318100,293.048828125,0.0554555389185457,1,0.0554555389185457,0.0137004480850066,0,0,12
2024-12-03,24457.150390625,339500,55.69927842085148,23578.736192451142,-73.54714260547917,-179.45882879504822,323.5283203125,26.588931303065188,0.0074600111445999,0.01085578915146,0.0427798299615951,0.0106907983444191,0.0103276011517527,0.9898925978241904,1.0334698252417982,105.91168618956904,0.008262485594335,0.0462352442320704,0,320440.0,21657600,205.298828125,0.0569956317230774,1,0.0569956317230774,0.0132283735081629,0,1,12
2024-12-04,24467.44921875,348000,55.890968403048255,23587.57910813572,-39.05332851460844,-151.37772873896026,309.5318080357143,25.15415039375453,0.0004210968146538,0.0079320131092839,0.0403490536705146,0.0107523833432555,0.0098592127903891,0.9910854731131457,1.0332478660166706,112.32440022435182,0.010085912693674,0.0469550262656439,1,323565.0,22005600,206.8984375,0.0596218713275326,1,0.0596218713275326,0.012650759189009,0,2,12
2024-12-05,24708.400390625,361500,60.22709403050948,23598.731558707743,7.637967786096851,-119.57458943394884,322.9853515625,24.687006819736443,0.0098478255628851,0.0332125535311247,0.0581801197124352,0.0101132597353188,0.0098935511335681,0.9927121147582456,1.0333188931740294,127.2125572200457,0.0036186309020651,0.0576280174174844,0,327165.0,22367100,562.19921875,0.0645817455420293,1,0.0645817455420293,0.0130718843169244,0,3,12
2024-12-06,24677.80078125,226700,59.42811058882326,23609.468565897223,41.69143088880082,-87.3213853693989,318.61397879464283,24.25323064386249,-0.0012384293961259,0.0226554604110376,0.0322308413242844,0.0080022520538126,0.0096104542022107,0.9940816347104532,1.033335286432172,129.0128162581997,0.0063463392397553,0.0571576469101582,0,320945.0,22140400,130.55078125,0.066852137319806,1,0.066852137319806,0.0129109551381386,0,4,12
2024-12-09,24619.0,248100,57.84019463156993,23619.51365479377,63.20571793919589,-57.21596470767994,309.224609375,23.67327702455959,-0.0023827399277279,0.014127059703421,0.0163942383946347,0.0073355546367801,0.0092136938879827,0.995157960751808,1.033265245382882,120.42168264687584,0.0110812310801828,0.0555324568230034,0,317240.0,21892300,124.94921875,0.0698977214385012,1,0.0698977214385012,0.0125604049463828,0,0,12
2024-12-10,24610.05078125,261000,57.58798932708,23629.36974560428,78.62744996797846,-30.047281772548267,297.81752232142856,22.82617091267617,-0.00036350862139,0.0062517663825467,0.0171754233916798,0.0073071552020732,0.0091918474338983,0.9960905790572108,1.033174194401311,108.67473174052674,0.0137145646302146,0.055577994412222,0,315355.0,21631300,167.150390625,0.0726125711754594,1,0.0726125711754594,0.012101459073312,0,1,12
2024-12-11,24641.80078125,187300,58.28298324482638,23639.44368625747,92.34672776866864,-5.568479864304887,287.2854352678572,22.08988721393452,0.0012901233029631,0.0071258577443533,0.0151143932506803,0.0072861122591436,0.0091871103948867,0.9969884666282336,1.0331130441523435,97.91520763297352,0.0147520983818368,0.0571074092650682,0,311050.0,21818600,107.900390625,0.0753214305405704,1,0.0753214305405704,0.0116584594534362,0,2,12
2024-12-12,24548.69921875,266100,55.4153717267009,23648.49100498874,94.61616005959876,14.468448120475845,254.50697544642856,21.13837161894684,-0.0037781963796591,-0.0064634362949531,0.0265344500122304,0.0050013453574203,0.0088458840765268,0.997565911274528,1.032927542225685,80.14771193912291,0.02043893907077,0.0526599134191119,1,311565.0,21552500,147.30078125,0.0762258762180259,1,0.0762258762180259,0.0103674322284269,0,3,12
2024-12-13,24768.30078125,310100,60.36852653391502,23659.633390822182,112.83403182531764,34.14156486144421,266.4497767857143,20.418068531038564,0.0089455478085889,0.0036672635783963,0.0264058075342512,0.0049833850588735,0.0082503653907366,0.9985808537647084,1.033006499445302,78.69246696387343,0.0136168912518795,0.0584024073278239,0,311840.0,21862600,611.5,0.0755827474506303,1,0.0755827474506303,0.0107576930342924,0,4,12
2024-12-16,24668.25,187600,57.24800727348413,23669.66937698316,117.84017636455246,50.88128716206586,263.70689174107144,19.749215663695168,-0.0040394689217332,0.0020004874284089,0.0161558081371671,0.0052314168894738,0.0083438238201198,0.9992382090343797,1.0329457454964723,66.9588892024866,0.0185373208299789,0.050789486759362,0,308335.0,21675000,179.5,0.0722936166660004,1,0.0722936166660004,0.0106901337444314,0,0,12
2024-12-17,24336.0,264900,48.31621896637755,23676.299532436064,93.9151878825869,59.48806730617008,274.84263392857144,20.10467493410381,-0.0134687300477334,-0.0111357259554618,-0.0049535775300887,0.0066325323067885,0.0089918459303583,0.9990505551427248,1.0324685191130398,34.427120576416826,0.0307049406833702,0.0324671271689265,0,308415.0,21410100,364.80078125,0.0648703308830976,1,0.0648703308830976,0.0112936651022588,0,1,12
2024-12-18,24198.849609375,235300,45.18246625478438,23681.499035689187,63.159508333952544,60.222355511726576,258.57114955357144,20.85703061516892,-0.0056356998120069,-0.0179756007203841,-0.0109778345496336,0.006815470593928,0.0091436117056491,0.9985762182101646,1.0318341585116044,2.9371528222259684,0.0342809061248407,0.0219063025090146,0,305305.0,21174800,244.599609375,0.0572923745100298,1,0.0572923745100298,0.0106852661894058,0,2,12
2024-12-19,23951.69921875,271100,40.13117311099332,23684.18759472462,18.62771104987769,51.9034266193568,262.44614955357144,22.216574824146143,-0.010213311567061,-0.024319007483053,-0.030625259422383,0.006161867058009,0.0093186087153269,0.997601031806384,1.030916161800964,-33.27571556947911,0.0403321458268776,0.0046799013602711,0,297845.0,20903700,328.548828125,0.0453725690353703,1,0.0453725690353703,0.0109573081707757,0,3,12
2024-12-20,23587.5,442700,34.08408056579313,23683.22552910547,-45.52708445531243,32.41732440442296,279.26060267857144,24.10632100005524,-0.0152055691508056,-0.0476738711984588,-0.0441814402715496,0.0071926783236784,0.008390836082838,0.995922173543628,1.0295854927623214,-77.9444088597354,0.05866253643979,-0.0070652970922713,1,301600.0,20461000,528.451171875,0.0512532674814002,1,0.0512532674814002,0.0118393472253766,0,4,12
2024-12-23,23753.44921875,189800,38.62240474205816,23683.92427228601,-82.03387163794469,9.527085195949429,284.74288504464283,25.861085306256548,0.0070354729729729,-0.0370841377580493,-0.0351578366810186,0.0080625750352386,0.0079613651663858,0.9948568399976612,1.0285112118110051,-91.56095683389412,0.0525357727842102,0.003211916364016,0,276730.0,20650800,282.05078125,0.0558193104185597,1,0.0558193104185597,0.0119874331690691,0,0,12
2024-12-24,23727.650390625,177700,38.18227927328702,23684.35935804064,-111.75922256720514,-14.730176356681486,283.00013950892856,27.49050930487205,-0.0010861087115143,-0.0249979293793145,-0.0358552852437543,0.0080340974555016,0.0079613162537719,0.9938880249763548,1.0274466517744845,-97.02904621052366,0.0547957246526856,0.0052111937491386,0,274080.0,20473100,182.5,0.0600763699445552,1,0.0600763699445552,0.0119270191042912,0,1,12
2024-12-26,23750.19921875,177700,38.838311743422295,23685.01448103277,-131.97593888566553,-38.1793288624783,257.19308035714283,29.06586556700445,0.0009503186263191,-0.0185401536795032,-0.03618248400005,0.0080117306107902,0.0079119153265175,0.9931186627288542,1.0264509354727145,-93.79661002318724,0.0544399723074099,0.0090106000866834,0,268215.0,20650800,200.900390625,0.0636530545496783,1,0.0636530545496783,0.0108290914946977,0,3,12
2024-12-27,23813.400390625,176800,40.73669566867471,23686.291952770007,-141.2695583145396,-58.79737475289056,261.3430524553572,30.03031722496078,0.002661079652128,-0.0057740716790872,-0.0299526594697688,0.0082553136511686,0.0072455897456738,0.9926202869074092,1.025570899593239,-82.47218356164905,0.0519018711561899,0.0123241845841353,0,258720.0,20827600,188.650390625,0.064615869513778,1,0.064615869513778,0.010974621354716,0,4,12
2024-12-30,23644.900390625,364900,37.40339094958178,23685.880096430257,-160.38257002303362,-79.11441380691917,274.99302455357144,31.365116117221817,-0.0070758479358679,0.0024335088765234,-0.0453563771106749,0.0071602203580222,0.0070568825351106,0.9918222913222026,1.024517404460597,-81.26815621611445,0.0603753844861155,0.0083193658662179,0,262860.0,20462700,316.048828125,0.0686914256958519,1,0.0686914256958519,0.0116301198148673,0,0,12
2024-12-31,23644.80078125,193600,37.40144261936684,23685.471347025483,-173.53737629723037,-97.99900630498142,279.439453125,32.87445301607245,-4.212721278373799e-06,-0.0045740067684248,-0.0414885214293677,0.007307989368572,0.0068685408954092,0.9911567433123324,1.0235055871050232,-75.53836999224895,0.060864760243112,0.0114698169507094,0,261520.0,20269100,229.400390625,0.0724249960223448,1,0.0724249960223448,0.0118182198154357,0,1,12
2025-01-01,23742.900390625,154900,40.67872463539656,23686.04278029513,-174.0406046667922,-113.2073259773436,290.3037109375,33.50687512485662,0.0041488871182535,0.0006427100765959,-0.0243712857238247,0.0069407574529815,0.0066838542440355,0.9908376756159372,1.0226542113462254,-60.833278689448605,0.0557492709783699,0.0178301726294803,1,252290.0,20424000,260.0,0.0740862739460825,1,0.0740862739460825,0.0122269691638906,0,2,1
2025-01-02,24188.650390625,283200,52.776741779587205,23691.043851044684,-136.89309863534436,-117.94448050894376,314.3392857142857,32.1944046802357,0.0187740331916654,0.0184609471203449,-0.0004214753558388,0.0095098091693495,0.0080714723473964,0.9916312258289988,1.022382085108013,-18.948618126400604,0.0353409377583017,0.0361293450280145,0,249050.0,20707200,483.798828125,0.0733558801107323,1,0.0733558801107323,0.0129953213857734,0,3,1
2025-01-03,24004.75,312300,48.39191438339516,23694.16530526315,-120.89900856215536,-118.5353861195861,286.40708705357144,30.975682124516275,-0.0076027553276091,0.0080353753028203,0.0022149067907661,0.0092300526999959,0.0078287824546559,0.9919245562595516,1.021888992021592,-2.363622442569266,0.0404588859091666,0.0288626295692756,0,246590.0,20394900,220.44921875,0.0707123748023021,1,0.0707123748023021,0.0119312672305927,0,4,1
2025-01-06,23616.05078125,278100,40.69574481122941,23693.388046317745,-137.99760491721463,-122.4278298791118,312.01771763392856,30.97161813722471,-0.0161925959966257,-0.0012201197255387,0.0012104199788023,0.0094171863633363,0.0084967112752139,0.9913044970658128,1.0209348051188671,-15.569775038102833,0.0550153053614771,0.0148058444033001,0,249160.0,20116800,538.048828125,0.0702231702647855,1,0.0702231702647855,0.0132121039425294,0,0,1
2025-01-07,23707.900390625,262300,43.00252274397806,23693.53244775364,-142.49428444847217,-126.4411207929839,298.7568359375,30.96784443473968,0.0038892874268343,0.0026686462685292,-0.0019175669059904,0.0092123190657004,0.0086032198476796,0.9910104643509628,1.0201316349335932,-16.053163655488277,0.0481055483865184,0.0196433277314016,0,249870.0,20379100,179.1484375,0.0685335714585061,1,0.0685335714585061,0.0126015729362368,0,1,1
2025-01-08,23688.94921875,266400,42.634037723689744,23693.486843484945,-145.9052318724098,-130.33394300886908,299.54966517857144,31.295988391518367,-0.0007993610384197,-0.0022723075524632,-0.0016310579108284,0.0092095404959517,0.0085998114523358,0.9907431891183472,1.0193365352249038,-15.5712888635407,0.0457445462178326,0.019547872234661,0,250140.0,20112700,255.69921875,0.0661225129304386,1,0.0661225129304386,0.0126451225173582,0,2,1
2025-01-09,23526.5,269200,39.50878049728284,23691.825282853257,-159.87380092965395,-136.24191459302608,289.3996930803572,31.60069349424143,-0.0068575949591475,-0.027374424779054,-0.0094188354670051,0.0094364192610037,0.0086351273139734,0.9901647325091014,1.0183732713832347,-23.631886336627872,0.0491817801069217,0.0137349419005373,0,254235.0,19843500,186.44921875,0.0634270505641723,1,0.0634270505641723,0.0123010092058044,0,3,1
2025-01-10,23431.5,261000,37.76531607919731,23689.234981531336,-176.57426043684973,-144.30838376179082,269.67103794642856,32.25331722200952,-0.0040379997024632,-0.0238806902800486,-0.016037205286119,0.0093927448747346,0.0086376983415631,0.9894743125332778,1.017333077998404,-32.265876675058905,0.0500758512814263,0.0111444931870877,0,253980.0,19582500,252.25,0.0616114396225527,1,0.0616114396225527,0.0115089105668193,0,4,1
2025-01-13,23085.94921875,316500,32.19936124944938,23683.232138120577,-215.21172823665256,-158.48905265676316,276.9709821428572,33.44924724935381,-0.0147472753024774,-0.0224466642373954,-0.0236393963451255,0.0101727567316869,0.0086402693663962,0.9881002340399764,1.0159120885334978,-56.7226755798894,0.0604453663706641,-0.0017174024130403,0,254300.0,19266000,384.25,0.0584373072723882,1,0.0584373072723882,0.0119973833225755,0,0,1
2025-01-14,23176.05078125,311200,34.893834032486,23678.1855574552,-235.84310425374133,-173.9598629761588,276.7209821428572,34.55975370331637,0.0039028744993869,-0.0224334336070229,-0.0198246542373794,0.0103461156559065,0.0087941281982156,0.9871566277418188,1.0146644844178885,-61.88324127758253,0.0499733015481216,0.0022661452686312,0,260480.0,19577200,179.0,0.0523478578414091,1,0.0523478578414091,0.011939954082545,0,1,1
2025-01-15,23213.19921875,228000,36.02274203299743,23673.55882771684,-246.35620891951112,-188.4391321648293,272.8853236607143,35.4273213557401,0.0016028803979861,-0.0200832040124194,-0.0223098763487276,0.0102097221935837,0.0084976483515728,0.986467945451336,1.0135173404851587,-57.91707675468183,0.0446674700322951,0.0050741974817745,0,258635.0,19805200,147.201171875,0.0500431872892178,1,0.0500431872892178,0.0117556102926259,0,2,1
2025-01-16,23311.80078125,299400,39.04395367256445,23669.959245164933,-243.9198419605564,-199.53527412397472,272.1568080357143,35.67222293019284,0.0042476507253836,-0.0091258461203324,-0.0362504561112201,0.0075902522795135,0.0085819243033938,0.9861494384088152,1.0125419476038362,-44.38456783658168,0.0369245564130045,0.0097632692363282,0,261840.0,20104600,178.451171875,0.0472588922500967,1,0.0472588922500967,0.01167463683263,0,3,1
2025-01-17,23203.19921875,272900,36.97296932224003,23665.314866792647,-247.8946666569864,-209.20715263057707,264.685546875,36.300126020546735,-0.0046586517926727,-0.0097433276252053,-0.0333913405159395,0.0074765527481861,0.0083839550799404,0.9856656514255348,1.0114752580052009,-38.68751402640933,0.040543936662391,0.0071204577139229,1,261930.0,19831700,211.451171875,0.0480988218161227,1,0.0480988218161227,0.011407286744369,0,4,1
2025-01-20,23344.75,301500,41.34037178592105,23662.12516662556,-236.89203489029023,-214.7441290825197,264.0461774553572,36.32728124859207,0.0061004855371675,0.0112103157984859,-0.0114879826336332,0.0064845382022262,0.0078973664423359,0.9856310530459892,1.0106302578440278,-22.14790580777054,0.0341572283477222,0.0141032514096527,0,254870.0,20133200,220.44921875,0.0490226578671393,1,0.0490226578671393,0.011310730569201,0,0,1
2025-01-21,23024.650390625,312900,35.371321822943074,23655.782134028537,-251.10712659142155,-222.0167285843001,277.5784040178572,36.81377629122802,-0.0137118456772935,-0.0065326224926761,-0.0288195069467299,0.0073057784975219,0.0082134880984218,0.9848948252453924,1.009427480116984,-29.09039800712145,0.0488093993729014,0.0038369721483772,1,261025.0,19820300,449.451171875,0.0528261768007875,1,0.0528261768007875,0.0120557054855816,0,1,1
2025-01-22,23155.349609375,276000,39.22961608322069,23650.80270592253,-248.9565385186216,-227.4046905711644,256.4677734375,37.2655216879614,0.0056764909144164,-0.0024920998105367,-0.0225252544740418,0.0077836447397116,0.008370205178139,0.9846178478308896,1.0084404482189655,-21.55184794745716,0.0423505230242537,0.0113924113770309,0,265940.0,20096300,188.25,0.0542985962704224,1,0.0542985962704224,0.011075962046095,0,2,1
2025-01-23,23205.349609375,275600,40.68840145121706,23646.37033680266,-240.44588930467216,-230.012930317866,253.5892857142857,37.08995628682344,0.0021593282262408,-0.0045664070688447,-0.013650580860944,0.0077123076146832,0.008390791786397,0.9845512048376676,1.0075596645741478,-10.43295898680617,0.0390989722288331,0.01486486470766,0,270835.0,20371900,180.150390625,0.0547028906257093,1,0.0547028906257093,0.0109280527974392,0,3,1
2025-01-24,23092.19921875,264300,38.4396102625884,23640.856196324527,-240.0641196364268,-232.0231681815781,236.3929966517857,36.49155550660992,-0.0048760476583936,-0.0047838230820473,-0.0144805403516633,0.0077492675227173,0.0083809902185575,0.9842801433934856,1.0065788829448818,-8.040951454848681,0.0427851032080371,0.0117555076820858,0,275210.0,20107600,297.30078125,0.0551025806871719,1,0.0551025806871719,0.0102369200270818,0,4,1
2025-01-27,22829.150390625,257400,33.76722285951797,23632.77952164095,-258.01319100447654,-237.22117274615783,245.4037388392857,36.666303335857606,-0.0113912419355629,-0.0220863195954122,-0.011123598414417,0.0071586257714071,0.0085850774063644,0.9834738239148796,1.0053178792447857,-20.792018258318706,0.0551240963184437,0.0042652497146169,1,269835.0,19850200,305.298828125,0.0594211381005604,1,0.0594211381005604,0.0107495782646411,0,0,1
2025-01-28,22957.25,361900,37.736311781805085,23626.057834858453,-258.9167602343805,-241.5602902438024,249.1965680803572,36.12227970458003,0.0056112298172781,-0.002927314399199,-0.0094408138519879,0.0073099290949782,0.0087346295968352,0.9831362013394164,1.0042740147478832,-17.35646999057809,0.04853655995589,0.0121162587030176,1,278250.0,20212100,308.798828125,0.0611155554663126,1,0.0611155554663126,0.0108548091814288,0,1,1
2025-01-29,23163.099609375,226300,43.586719627282086,23621.451285351155,-240.25301503434457,-241.29883520191083,252.0287388392857,35.377714430839774,0.0089666492883511,0.0003346958750674,-0.0021582380309963,0.0079367812513958,0.0089603373922985,0.983395278622826,1.003533632092758,1.0458201675662622,0.0372963058458898,0.0214767190789188,0,281820.0,20438400,226.099609375,0.0598266349382109,1,0.0598266349382109,0.0108806136954693,0,2,1
2025-01-30,23249.5,361900,45.88508273026012,23617.75027753672,-216.00015769061795,-236.2390996996523,247.0717075892857,33.979538082204265,0.0037300875997627,0.0019025953656464,-0.0026724997281252,0.0079062739824995,0.0077445280491293,0.9838882348865408,1.0029346947096558,20.23894200903433,0.0262646757510071,0.0219757730326691,1,285755.0,20800300,182.8515625,0.0493877465267425,1,0.0493877465267425,0.0106269686483273,0,3,1
2025-01-31,23508.400390625,304900,52.17306770466727,23616.66221896048,-173.88406840917378,-223.7680934415566,240.8610491071429,31.682183900946864,0.0111357401503258,0.0180234531987346,0.0131534091052569,0.0084819987818582,0.0081475900339206,0.9849956989858965,1.0026842336961417,49.88402503238282,0.0100601984568769,0.0299561033532401,0,285385.0,21105200,297.30078125,0.0414683849088431,1,0.0414683849088431,0.0102457438662307,0,4,1
2025-02-01,23482.150390625,281000,51.5194155316323,23615.32379280789,-140.99956463129638,-207.21438767950457,250.51450892857144,29.63287649604219,-0.0011166221250199,0.0286037802032335,0.0058857083766157,0.0083377594928777,0.0073251275718348,0.9859518723447172,1.0024124211722882,66.21482304820819,0.0102186500442971,0.028471277268383,0,285530.0,20824200,314.1484375,0.0400606337738558,1,0.0400606337738558,0.0106682950565118,0,5,2
2025-02-03,23361.05078125,329700,48.50054117517337,23612.7937130909,-123.28888732377165,-190.429287608358,258.5823102678572,27.70046653575198,-0.0051570919766934,0.0175892487667295,0.0146104451063444,0.0070423045586965,0.0073348090005956,0.9865462702640724,1.0020029215900137,67.14040028458636,0.0128214446217038,0.0222857740201467,1,288900.0,20494500,260.150390625,0.0361905057622523,1,0.0361905057622523,0.0110689503091787,0,0,2
2025-02-04,23739.25,376700,56.97900432335311,23614.05198460244,-77.83826073156888,-167.9110822330002,274.5285993303572,26.910450123150024,0.0161893068206311,0.0248736309190593,0.0252166518957932,0.0083942902786811,0.0082505865653342,0.988016589447986,1.002080993288848,90.07282150143132,-0.0027369009629013,0.0382275372170119,0,294415.0,20871200,401.69921875,0.0371740311488731,1,0.0371740311488731,0.0115643333016147,0,1,2
2025-02-05,23696.30078125,267000,55.85442173344421,23614.87038058897,-44.76789825070591,-143.28244543654137,268.4857700892857,26.314055405386583,-0.0018092070621439,0.0192176511860469,0.0211568099657786,0.0085065644812764,0.008101156946032,0.9892368403768944,1.002101245710293,98.51454718583544,0.0005954263590473,0.0372925687301288,0,294305.0,20604200,126.8515625,0.0395988449915766,1,0.0395988449915766,0.011330281994974,0,2,2
2025-02-06,23603.349609375,307000,53.398092766518026,23614.755746049537,-25.762802915262,-119.7785169322855,268.26088169642856,25.212345282865414,-0.0039226026346081,0.0040389485108422,0.0221351975090342,0.0084242798695253,0.008097877026962,0.9901161579151062,1.0020045761868053,94.0157140170235,0.0056992628970782,0.0339367473973829,0,296605.0,20297200,217.30078125,0.0412480592418773,1,0.0412480592418773,0.0113653733955573,0,3,2
2025-02-07,23559.94921875,368100,52.242834319174975,23614.210407469443,-14.041317184757643,-98.63107698277994,254.10728236607144,23.71694138562805,-0.0018387386257991,0.0033131049256911,0.0320116524540092,0.0071548708383313,0.0073027201863246,0.9908140846256004,1.0018580872999234,84.5897597980223,0.0089074301209992,0.0315007911065302,0,299185.0,19929100,251.30078125,0.041931648663177,1,0.041931648663177,0.0107855615479783,0,4,2
2025-02-10,23381.599609375,234200,47.677907674858766,23611.89587216502,-18.92512122428161,-82.68988583108028,258.6821986607143,22.218268614068737,-0.0075700336923079,0.0008796191711331,0.0184843397782834,0.0078384927056387,0.0075137300093247,0.991030098336988,1.0014970898919775,63.76476460679866,0.0169682742164967,0.0235993148008772,0,295335.0,19694900,252.298828125,0.0417599240035278,1,0.0417599240035278,0.0110634944991955,0,0,2
2025-02-11,23071.80078125,268000,40.97957366248544,23606.521791658404,-47.249089353827,-75.60172653562962,274.62862723214283,21.92669645803071,-0.0132496849360461,-0.0281158511220868,-0.0039415635068135,0.0087015486822563,0.0081063170980472,0.9905120422665152,1.0007691421568363,28.35263718180262,0.0307217574213983,0.0111995068249673,0,297335.0,19426900,403.400390625,0.0425945389768209,1,0.0425945389768209,0.0119032159576953,0,1,2
2025-02-12,23045.25,279700,40.45500291853248,23600.93699771156,-71.01979235442559,-74.68533969938882,278.1321149553572,22.17495165845941,-0.0011507892904301,-0.0274747855059787,-0.0087851351641971,0.008582657868022,0.0080374087428843,0.9900320413109484,1.000043171010461,3.6655473449632296,0.0318591780623916,0.0111668461962805,0,296350.0,19147200,346.349609375,0.0436917276019979,1,0.0436917276019979,0.0120689562905742,0,2,2
2025-02-13,23031.400390625,265700,40.16617312560998,23595.26996679527,-89.93903229245188,-77.73607821800144,273.7036830357143,22.0108044218462,-0.0006009745771905,-0.0242316971199217,-0.0202906191860772,0.0074952671506482,0.0079790838760342,0.9896172378284994,0.999335086326777,-12.202954074450446,0.0325890440901684,0.0114275303042593,0,295990.0,18881500,243.30078125,0.0446872277683733,1,0.0446872277683733,0.0118839357743581,0,3,2
2025-02-14,22929.25,254500,38.010605132317295,23588.64290244905,-111.8856014983976,-84.56598287408067,277.2787388392857,22.44212013718328,-0.0044352661537063,-0.0267699736062275,-0.0235455604119518,0.0075241079087108,0.0078785656152712,0.9890491150628138,0.9985346789240288,-27.31961862431693,0.0371781609254572,0.0088244172083705,0,293640.0,18627000,358.849609375,0.0465378876358157,1,0.0465378876358157,0.0120927958323663,0,4,2
2025-02-17,22959.5,207400,39.05368780989357,23582.382774066475,-125.39205199880234,-92.73119669902502,278.89662388392856,22.967809796329085,0.0013192755977626,-0.0180526403850384,-0.0171889006624775,0.0075347909831282,0.0072833233223066,0.9886666579984336,0.9978110104172144,-32.660855299777324,0.0359485046285996,0.0105509550712272,0,288365.0,18834400,248.75,0.0471092097905296,1,0.0471092097905296,0.0121473300326195,0,0,2
2025-02-18,22945.30078125,210600,38.72429913969447,23576.04364975984,-135.67776084386423,-101.32050952799288,279.47865513392856,23.366720014382533,-0.0006184463402948,-0.0054828836812254,-0.0334445788620112,0.0042637892921054,0.007154685425972,0.9883407744638872,0.997105464410788,-34.35725131587135,0.0367929429725091,0.0110574514494456,0,285095.0,18623800,191.0,0.0484697721110014,1,0.0484697721110014,0.0121802131860615,0,1,2
2025-02-19,22932.900390625,207000,38.41954165138871,23569.644214345568,-143.17938428122943,-109.6922844786402,275.0357142857143,23.447798294654643,-0.0005404326900405,-0.0048751742495741,-0.0322160153887416,0.00433427258303,0.0071286571491298,0.9880696635665578,0.9964196565506388,-33.48709980258923,0.0374617528681406,0.0118189234349563,0,281665.0,18416800,235.099609375,0.0499208511277624,1,0.0499208511277624,0.0119930627875638,0,2,2
2025-02-20,22913.150390625,240800,37.9078406313924,23563.111937492627,-149.00054926171288,-117.55393743525472,261.1787109375,23.529765055703308,-0.0008612081186238,-0.0051342948320299,-0.0292415792746577,0.0043900889194737,0.0070570754187886,0.987829540488655,0.9957437417487984,-31.446611826458152,0.0385658277267753,0.0119584184478687,0,280490.0,18176000,120.150390625,0.0511562156471486,1,0.0511562156471486,0.0113986381830916,0,3,2
2025-02-21,22795.900390625,242800,34.933210082534615,23555.47799175265,-161.2165554514213,-126.28646103848806,256.9321986607143,23.90468083298516,-0.0051171487988824,-0.0058156986981693,-0.0324299862037451,0.004419808994459,0.0066699915435604,0.9873821534027366,0.9949561412840876,-34.930094412933244,0.044037837178876,0.0071524956962337,0,279760.0,17933200,200.69921875,0.0515691014081829,1,0.0515691014081829,0.0112709826880266,0,4,2
2025-02-24,22553.349609375,214300,29.73507526032391,23545.50656506233,-188.29905503935152,-138.68897983866077,248.0322265625,24.83894504941296,-0.0106401053300685,-0.0176898621757878,-0.0354231538405057,0.0048376011002941,0.0069286743383286,0.9864523689706624,0.9939063110522316,-49.61007520069074,0.0570045339392916,4.304881713880804e-06,0,272380.0,17718900,277.099609375,0.0568690597906706,1,0.0568690597906706,0.0109975782248947,0,0,2
2025-02-25,22547.55078125,250300,29.621589949443177,23535.576656765686,-207.83426402517216,-152.51803667596306,246.92857142857144,25.72001745887172,-0.0002571160481895,-0.0173347041205502,-0.0227225436354342,0.003520192778919,0.0065356917130865,0.9856765673426892,0.9929018956698088,-55.3162273492091,0.0585527743851178,0.0037535246051824,0,273580.0,17468600,111.400390625,0.0622201063869632,1,0.0622201063869632,0.0109514587116003,0,1,2
2025-02-27,22545.05078125,289200,29.569194380891545,23525.72067790484,-220.9705757488191,-166.20854449053428,238.89997209821428,26.55441512375237,-0.0001108767876499,-0.0169123661974109,-0.0217050897148002,0.0035725638155324,0.0064349716555075,0.9850459018687396,0.9919452049517282,-54.76203125828482,0.0592616432062169,0.0073591677287313,0,269945.0,17179400,104.900390625,0.0666225716226564,1,0.0666225716226564,0.0105965595028466,0,3,2
2025-02-28,22124.69921875,551300,22.39598259118584,23511.78016587345,-262.2766930451362,-185.42217420145468,252.3928571428572,28.324388273539487,-0.0186449596666951,-0.034410421894564,-0.0393680434752927,0.0062422139978722,0.0067887802357176,0.9835280992785518,0.9905126199757812,-76.85451884368152,0.080625566699423,-0.0040073105483786,0,282265.0,16628100,440.201171875,0.0754172814248786,1,0.0754172814248786,0.0114077418475801,0,4,2
2025-03-03,22119.30078125,282400,22.32109158151537,23497.924649608536,-292.080772060257,-206.7538937732152,252.7180524553572,30.163101646477376,-0.0002440004922383,-0.0296807582846456,-0.0353238426354983,0.0063488403823214,0.0068043528404773,0.9822488002509956,0.9891450389316097,-85.32687828704181,0.0809663211982385,0.0019860277222177,0,282335.0,16345700,256.8515625,0.0818740942509793,1,0.0818740942509793,0.0114252279018503,0,0,3
2025-03-04,22082.650390625,253300,21.788394870595127,23483.84231867337,-315.02666829506416,-228.408448677585,234.9538225446429,31.94803070977194,-0.0016569416451024,-0.0208704794144786,-0.0381911456858816,0.00616107870718,0.0067899475444303,0.981105955031658,0.9878007625140042,-86.61821961747916,0.0827797209577462,0.0061381231677674,1,278515.0,16092400,154.701171875,0.0878608839232889,1,0.0878608839232889,0.0106397474210971,0,1,3
2025-03-05,22337.30078125,305900,33.63870834413679,23472.43394516668,-309.10018354831845,-244.5467956517317,233.5788225446429,31.883244078619164,0.0115316950692254,-0.0093247378413641,-0.0264978003904325,0.0078420925263979,0.0061549946080803,0.9808004067740176,0.9868439589482394,-64.55338789658674,0.0654102552380351,0.0187191211362165,1,274975.0,16398300,327.099609375,0.0843458179851601,1,0.0843458179851601,0.010456895612952,0,2,3
2025-03-06,22544.69921875,372100,41.42319750114419,23463.20275385905,-284.38981235302344,-252.51539899199008,238.38588169642856,31.0244949529855,0.009284847776867,-1.559377725124378e-05,-0.0169276962469909,0.0087044253964645,0.0067418725110351,0.9811122335964858,0.9861977540787584,-31.87441336103336,0.0497666488868889,0.0270119929022418,0,280230.0,16770400,310.599609375,0.0778870775504825,1,0.0778870775504825,0.010573921584998,0,3,3
2025-03-07,22552.5,289800,41.70021013694144,23454.141034915177,-261.1666408341698,-254.24564736042603,224.8288225446429,29.86630244387766,0.0003460139864501,0.0193358913954162,-0.0157398866797715,0.0087252598886521,0.0067608790628442,0.9814718064488664,0.985597545066264,-6.920993473743778,0.0436592737367379,0.0262638474397642,0,279370.0,17060200,169.05078125,0.0711210184202588,1,0.0711210184202588,0.0099691308078768,0,4,3
2025-03-10,22460.30078125,293900,39.332650351402414,23444.252077167268,-247.350513751484,-252.86662063863764,224.75376674107144,28.58927506368629,-0.0040882039130917,0.0154164005170116,-0.0147219282249986,0.0086845025766831,0.0067723304465316,0.981626028232865,0.9849159005557214,5.516106887153654,0.0417019523883471,0.02092111112276,0,275660.0,16766300,247.69921875,0.0635891890813826,1,0.0635891890813826,0.0100067122399668,0,0,3
2025-03-11,22497.900390625,347900,40.80856868752832,23434.835642475307,-230.7077044487924,-248.43483740066856,225.9252232142857,27.817338919295526,0.001674047455606,0.0188043551228929,-0.0024585801980806,0.0080889014486792,0.0067136061273423,0.9819196830403244,0.9843198059751808,17.727132951876143,0.0348422633026291,0.021366570041322,0,281345.0,17114200,207.400390625,0.0572830815885663,1,0.0572830815885663,0.0100420581161622,0,1,3
2025-03-12,22470.5,369700,40.04402357092675,23425.24026294819,-217.2251049088081,-242.19289090229648,226.8359375,26.82164701975044,-0.0012179087892316,0.0059630847994762,-0.0034172572443688,0.0080951405345803,0.0061595534580624,0.9821739386374768,0.983723788301554,24.967785993488377,0.0335843137504941,0.0203293569042959,0,286430.0,16744500,247.849609375,0.0549500785135516,1,0.0549500785135516,0.0100948326695,0,2,3
2025-03-13,22397.19921875,287500,37.993352944622536,23415.010998826816,-210.0336706691196,-235.7610468556612,231.16099330357144,25.897075970172853,-0.0032620894617386,-0.0065425579010309,-0.0065580496550916,0.0081475783947469,0.0061749089578136,0.9822797937643136,0.9830703341394152,25.72737618654156,0.0343683943827569,0.01741797176609,0,286820.0,16457000,180.701171875,0.0526851726309922,1,0.0526851726309922,0.0103209776832298,0,3,3
2025-03-17,22508.75,251100,42.79449669625264,23405.993476450432,-193.1071721688568,-227.23027191830028,232.81459263392856,25.1403273053544,0.0049805683362682,-0.001939917969183,0.017358463383065,0.0052542483849847,0.0063372502383345,0.9827115419289792,0.9825948420704574,34.12309974944347,0.026459673630067,0.0218270134145952,1,286090.0,16708100,223.849609375,0.0494266072631902,1,0.0494266072631902,0.0103432928365159,0,0,3
2025-03-18,22834.30078125,272600,53.99095131343237,23400.30499192108,-151.6751560684388,-212.119248748328,237.95396205357144,23.662634221134105,0.0144632989948354,0.0166516024715135,0.0323247107614761,0.0065398999394505,0.0071721081900244,0.9839533282185224,0.982558348402449,60.4440926798892,0.011117484390321,0.035480879577215,0,286995.0,16980700,349.05078125,0.0483984884232111,1,0.0483984884232111,0.0104208998704687,0,1,3
2025-03-19,22907.599609375,324000,56.075502151883626,23395.40245080121,-111.63848302174664,-192.0230956030117,239.4789341517857,22.64304902514436,0.0032100316461272,0.0182105535021714,0.0373573463401035,0.0063150634795408,0.0072053364993456,0.9852734075866572,0.982622495274938,80.38461258126507,0.007444047998827,0.0383555708618644,1,292825.0,17304700,132.75,0.047727075781912,1,0.047727075781912,0.0104541260645125,0,2,3
2025-03-20,23190.650390625,313700,63.03950616692797,23393.36511686912,-56.41893631255152,-164.9022637449197,254.06459263392856,22.707741188914216,0.01235619558909,0.0320487034389533,0.0382028973747492,0.006433068626857,0.0077207572705746,0.9871721343348908,0.983046364203236,108.48332743236818,-0.0023582937429463,0.0515287413153801,1,297980.0,17618400,309.099609375,0.0518446931708829,1,0.0518446931708829,0.0109554750882121,0,3,3
2025-03-21,23350.400390625,541000,66.28810828496115,23392.937607155247,0.2307818933695671,-131.87565461726186,241.9001116071429,23.324070374733704,0.0068885519512889,0.042558945096895,0.0357379428333608,0.0062469492521378,0.0078427561315517,0.9892618086120756,0.9836571645104908,132.10643651063145,-0.0049691809655112,0.0604440609949242,1,314680.0,18159400,269.8984375,0.0588404999239851,1,0.0588404999239851,0.0103595701812575,0,4,3
2025-03-24,23658.349609375,311900,71.49017819078647,23395.57852260022,69.17758389922528,-91.66500691396443,249.14997209821428,24.646298746846565,0.0131881772302988,0.0510734540734159,0.0490344577929275,0.0068128975618463,0.0082901467586195,0.9918704244931822,0.9846318353037832,160.8425908131897,-0.0103783174400548,0.0770666624680198,0,318235.0,18471300,358.349609375,0.07154910328465,1,0.07154910328465,0.0105311645238129,0,0,3
2025-03-25,23668.650390625,338200,71.64777807768957,23398.29565561539,123.22909982803684,-48.68618556556419,257.25697544642856,26.20499527174772,0.0004353972876416,0.0365393106348197,0.0537993511816075,0.0062855136656349,0.0081438351512193,0.9941894233143204,0.9855777679388998,171.91528539360104,-0.003871581543893,0.0807183902418675,0,323005.0,18809500,268.19921875,0.0823251011423884,1,0.0823251011423884,0.0108691020062692,0,1,3
2025-03-26,23486.849609375,278600,64.83561129118522,23399.17678948365,149.6702069679559,-9.014907058860176,254.2356305803572,26.878908388316194,-0.0076810793285454,0.0252863682741748,0.0439574005386786,0.0074658282398159,0.0079278124635401,0.9957807864010608,0.986254622221154,158.68511402681608,0.0086039042830298,0.0743930131651862,0,326220.0,18530900,284.80078125,0.0880493859099785,1,0.0880493859099785,0.0108245948183223,0,2,3
2025-03-27,23591.94921875,510300,66.80078267379496,23401.09492310819,177.06454513919743,28.20098338075135,248.78208705357144,27.30534095830404,0.0044748278770025,0.0173043369360277,0.0499076219376515,0.007207855784908,0.0079256374795633,0.9974336099068266,0.9870358205696794,148.86356175844608,0.0092150753333986,0.0791939594833311,0,339220.0,19041200,234.25,0.0939945735368268,1,0.0939945735368268,0.0105452111967013,0,3,3
2025-03-28,23519.349609375,295400,64.13449559532964,23402.271586653136,190.7180942959967,60.70440556380042,250.9213169642857,27.708701931999308,-0.0030773044101545,0.0072353885125597,0.0501022641119155,0.0071847905762054,0.0080004620652942,0.998701602453255,0.987692728055558,130.01368873219627,0.0162793401667176,0.0761580869466087,0,339530.0,18745800,199.0,0.097765847349289,1,0.097765847349289,0.0106687183587877,0,4,3
2025-04-01,23165.69921875,314300,53.03057738437465,23399.91763274365,171.03046667045055,82.76961778513045,263.853515625,26.57183850978572,-0.0150365718652369,-0.0208235315970553,0.0291863927916922,0.0095623000241161,0.0075339629842573,0.9989500409510024,0.9878783040786052,88.2608488853201,0.032391174266205,0.0581580804493939,1,327680.0,18431500,428.75,0.0941140895941855,1,0.0941140895941855,0.0113898360301354,0,1,4
2025-04-02,23332.349609375,341000,56.82410136218972,23399.24531410317,166.95067029948768,99.6058282880019,262.72140066964283,25.516179617730234,0.0071938424586863,-0.014208701201789,0.021811433286101,0.0088361819845419,0.0075837062944062,0.9995738610795905,0.988268822743851,67.34484201148578,0.0258806377519275,0.0605494263830553,0,330610.0,18772500,191.55078125,0.090239623997068,1,0.090239623997068,0.0112599633156568,0,2,4
2025-04-03,23250.099609375,283200,54.48515606278791,23397.761277240203,155.29042333877078,110.74274729815568,258.3427734375,24.476954293511632,-0.0035251486188494,-0.0100801088241949,0.0149513701060075,0.0090053030086138,0.0076514045108054,0.9999181503191226,0.9885416056497592,44.5476760406151,0.0290213493366182,0.0517162789870372,0,332105.0,18489300,186.548828125,0.0837858154524567,1,0.0837858154524567,0.0111114695325146,0,3,4
2025-04-04,22904.44921875,466800,45.92930540883512,23392.852699543782,116.8119602474544,111.95658988801544,273.4820033482143,23.16177206897393,-0.0148666197750665,-0.0291412970427047,-0.0123412309294568,0.0094689040453384,0.0082817724495667,0.9993802240564492,0.9883714903676316,4.85537035943895,0.0437340901444723,0.0341134156678468,0,340150.0,18022500,392.650390625,0.0794874940745257,1,0.0794874940745257,0.0119401257256313,0,4,4
2025-04-07,22161.599609375,647100,33.68632486681098,23380.601425014745,26.07516750214927,94.78030541084222,340.40694754464283,24.55507254018788,-0.0324325462830553,-0.0577290623486794,-0.0509113660306781,0.0131754278009832,0.0109765208159197,0.9971103102567516,0.9872804997797964,-68.70513790869295,0.0803086413367068,0.0050547996822897,1,353900.0,17375400,1160.798828125,0.0844051371326772,1,0.0844051371326772,0.0153602155776084,0,0,4
2025-04-08,22535.849609375,468300,42.06514384497032,23372.195934311865,-15.45736433536149,72.73277146160147,353.7318638392857,24.390693974395514,0.0168873189028142,-0.0271888883399301,-0.04744625126155,0.0137847960672595,0.0116686816535968,0.996053413624593,0.986717154800335,-88.19013579696296,0.0624015283661642,0.0216850484173329,0,362825.0,17843700,535.599609375,0.0845497239116403,1,0.0845497239116403,0.0156964068349183,0,1,4
2025-04-09,22399.150390625,383800,40.07343790123171,23362.513889101054,-58.72572593927907,46.44107198142537,357.2925502232143,24.23805673473117,-0.0060658560080705,-0.0399959384448378,-0.0536363493079791,0.0136651854692002,0.0117136938227558,0.9948138333510408,0.9860138602858732,-105.16679792070444,0.0690721571782067,0.0161744424647318,1,367320.0,17459900,182.599609375,0.0852075241700213,1,0.0852075241700213,0.0159511652894101,0,2,4
2025-04-11,22828.55078125,402200,48.34678565823744,23357.20082335129,-57.7020381894763,25.61244994724504,372.6961495535714,22.824683794065443,0.0191703874091904,-0.0181310547140632,-0.028028400533643,0.0156621611853029,0.0124791806816932,0.9948019865382072,0.9858902498612626,-83.31448813672134,0.0486531683981393,0.0329216343011537,1,370035.0,17862100,524.75,0.0830408020407103,1,0.0830408020407103,0.0163258786387649,0,4,4
2025-04-15,23328.55078125,388300,55.969472182238704,23356.915748305502,-16.35639065684518,17.218681826426995,391.97474888392856,21.86713226934264,0.0219023977821084,0.0185161214072251,-0.0111647594294862,0.0174232452105149,0.0133242712336493,0.9960311435394308,0.9864075103891232,-33.57507248327217,0.0269755273635584,0.0507689812338745,0,370965.0,18250400,539.798828125,0.0807245406313112,1,0.0807245406313112,0.0168023617308869,0,1,4
2025-04-16,23437.19921875,348400,57.43927111816953,23357.71458880744,24.890432374781085,18.753031936097813,379.1746651785714,21.147946234047748,0.004657316201027,0.0575590043976512,-0.0034928853046282,0.0174915883818553,0.0132785032605717,0.9973780983807248,0.9870415849086268,6.137400438683272,0.0228364158750344,0.0513536318459725,1,374010.0,18598800,179.1484375,0.0772184099384816,1,0.0772184099384816,0.0161783266694779,0,2,4
2025-04-17,23851.650390625,505300,62.57186388467556,23362.62937290513,89.98429965881951,32.99928548064216,401.0032087053572,21.26233878933544,0.0176834769379541,0.0583870057733533,0.0296106396529487,0.0174705828984582,0.0137075186391458,0.9995641219174136,0.9881711109530952,56.98501417817735,0.0084390375265384,0.0655829229282051,1,386720.0,19104100,573.798828125,0.0781786447640887,1,0.0781786447640887,0.0168123883311225,0,3,4
2025-04-21,24125.55078125,406100,65.53034405201471,23370.220630699605,161.807910034815,58.76101039147672,404.79603794642856,21.87449786382532,0.0114834984640164,0.077074369363026,0.0339957691854697,0.0176352363165004,0.0135919713508932,1.002123846726907,0.9895940515110888,103.04689964333828,0.0028890026416529,0.0767381667070458,0,393395.0,19510200,337.900390625,0.0848279900674904,1,0.0848279900674904,0.0167787273176382,0,0,4
2025-04-22,24167.25,440900,65.97134066227866,23378.15127119016,219.56243806404385,90.92129592599017,400.2495814732143,22.524353550455096,0.0017284255654137,0.0586414455993207,0.0394471596265841,0.0174806271737471,0.0135938991621968,1.004433558143868,0.9910032636608744,128.64114213805368,0.00660647936461,0.0785668867858103,1,399240.0,19951100,170.599609375,0.0906475470533927,1,0.0906475470533927,0.0165616518831565,0,1,4
2025-04-23,24328.94921875,415000,67.69719155420327,23387.61194728528,275.20865909191707,127.77876855917556,403.1318359375,23.31052216164725,0.0066908406521222,0.0428830083308928,0.06219315672668,0.0161738216953401,0.0134417668433855,1.0068056696530876,0.9925493280191192,147.42989053274152,0.0060298550474555,0.0861259452409316,0,404305.0,20366100,239.3515625,0.0984943627980717,1,0.0984943627980717,0.0165700471612153,0,2,4
2025-04-24,24246.69921875,358800,65.8672360069573,23396.160079339654,309.10859113264814,164.04473307387008,381.9139229910714,24.04053587203996,-0.0033807460922566,0.0345391099185772,0.0940861510959227,0.0098373521490416,0.0134608260467095,1.008636267263204,0.993918728883774,145.06385805877807,0.0139918370104963,0.0838786208913562,0,395195.0,20007300,131.69921875,0.1040487887211655,1,0.1040487887211655,0.015751171718076,0,3,4
2025-04-25,24039.349609375,387700,61.36389528963377,23402.5599751609,315.6050523411068,194.35679692731745,405.203125,23.57914169281773,-0.0085516633626838,0.007869443651739,0.0667159226770193,0.010831795518689,0.0133849386678719,1.0096932465573971,0.9949631311771968,121.24825541378934,0.0246918984726498,0.0763457339362661,1,398985.0,19619600,517.599609375,0.1064106835677684,1,0.1064106835677684,0.0168558272825308,0,4,4
2025-04-28,24328.5,320500,64.96152009314287,23411.77330874139,340.16436163017715,223.51830986788937,414.43178013392856,23.15070424068281,0.0120282118827472,0.0084122107963533,0.0861349460014571,0.0099706232068505,0.0136135300515351,1.0112616786174626,0.9963200134344484,116.64605176228778,0.0163262144479846,0.0884243885930202,0,398100.0,19940100,315.75,0.111490999849299,1,0.111490999849299,0.0170348266491534,0,0,4
2025-04-29,24335.94921875,357600,65.05180577924877,23420.96908894048,356.1237084477689,250.0393895838653,398.30678013392856,22.97151438001427,0.0003061930965739,0.0069804888330282,0.0660312803885074,0.0094658728904624,0.0134472685952734,1.0125943119863534,0.9976205096041167,106.08431886390358,0.0201094020487411,0.0893086303637195,0,402050.0,20297700,166.900390625,0.1162839110375533,1,0.1162839110375533,0.0163670122974717,0,1,4
2025-04-30,24334.19921875,424500,65.0094256790006,23430.05595590376,364.4294792199762,272.9174075110875,329.4926060267857,22.506630773886165,-7.191007773188485e-05,0.0002157923037611,0.0431080544578137,0.0079029331968482,0.0134392294697284,1.013695838439776,0.9988553846095404,91.5120717088887,0.0237349077098557,0.089745048081038,0,397760.0,19873200,197.400390625,0.1204018495312861,1,0.1204018495312861,0.0135403102056017,0,2,4
2025-05-02,24346.69921875,421100,65.18390314793311,23439.176784389794,367.7809579820205,291.8901176052741,316.28194754464283,22.508010966563173,0.0005136803511647,0.0041242727143111,0.0388058313415022,0.0079878060847355,0.0133968637692371,1.0146267971808007,1.0000451920971134,75.89084037674638,0.0267551956900926,0.0903600782821405,0,404045.0,20294300,350.650390625,0.1241045639020917,1,0.1241045639020917,0.0129907526561574,0,4,5
2025-05-05,24461.150390625,291500,66.81552010810762,23449.345675994125,375.34553245533607,308.5812005752865,316.07491629464283,22.509292574048967,0.0047008906976129,0.0175462642751991,0.0255537872649502,0.0063819872707441,0.0128039653884615,1.015647039714957,1.0013188525971597,66.76433188004955,0.0261289517677095,0.0934980715989086,0,402905.0,20585800,179.701171875,0.1270131172568342,1,0.1270131172568342,0.0129215066032128,0,0,5
2025-05-06,24379.599609375,302400,64.49617871491148,23458.60193403772,370.48927597482543,320.9628156551943,291.2963169642857,22.255353030176195,-0.0033338898599493,0.0021004011498859,0.0105302809634688,0.0057664672696828,0.0128303113418695,1.0162781331222803,1.0024271576634978,49.52646031963116,0.0328296963929342,0.0894384853594392,0,400975.0,20283400,177.849609375,0.1290985643184329,1,0.1290985643184329,0.0119483634527069,0,1,5
2025-05-07,24414.400390625,330100,65.05366541032495,23468.11236644157,365.2385473108952,329.81796198633447,269.1392299107143,21.607410426810645,0.0014274549954715,0.0032236742101088,0.0102266658649619,0.0057633929326076,0.0127600508865173,1.016843992932961,1.0035229392207068,35.42058532456076,0.0344645825081636,0.0890746107053732,0,403320.0,20613500,229.599609375,0.130306560338327,1,0.130306560338327,0.0110237902878852,0,2,5
2025-05-08,24273.80078125,411400,60.89350403072259,23476.12916658892,345.74654265470235,333.00367812000803,277.5608258928572,20.750411741262067,-0.0057588802970967,-0.002482039246784,-0.00226678254799,0.0057500422216016,0.0122594471334123,1.0169393032653604,1.004388003315226,12.74286453469432,0.0418169489676215,0.0795175434067456,0,400550.0,20202100,297.05078125,0.1268782553616018,1,0.1268782553616018,0.0114345844886086,0,3,5
2025-05-09,24008.0,335600,53.8787458150248,23481.42141368753,305.3314163695977,327.469225769926,260.7216796875,19.32258405526778,-0.0109501096942064,-0.0139115046235572,-0.0098446067481801,0.0066424760635111,0.0096587693587111,1.016333322173767,1.0048778574645447,-22.137809400328308,0.048451268036936,0.0567358030747358,1,384975.0,19866500,338.05078125,0.1083685494020684,1,0.1083685494020684,0.0108597833925149,0,4,5
2025-05-12,24924.69921875,368700,67.69893245502726,23495.78238687224,343.3145865437182,330.6382979246845,303.5002790178572,19.83509693024478,0.0381830730902199,0.0189504099652917,0.0368291831418652,0.013556782176729,0.0120306546790172,1.0178929953874325,1.0064813954309295,12.6762886190337,0.0109306646605187,0.0828837333017996,0,379995.0,20235200,936.80078125,0.0998435669357938,1,0.0998435669357938,0.0121766877246624,0,0,5
2025-05-13,24578.349609375,423000,60.34187534711952,23506.55420003147,341.5320349460235,332.8170453289523,321.7646484375,20.36722164430805,-0.0138958390765435,0.0081523077976872,0.0102698320642455,0.0142492016122397,0.012530763373035,1.0183644128554736,1.007572155400264,8.714989617071183,0.0195382234112725,0.0554555843063373,0,381955.0,19812200,426.30078125,0.0783490691550117,1,0.0783490691550117,0.0130913854490363,0,1,5
2025-05-14,24666.900390625,345500,61.49403508815213,23518.099933271205,343.3072259598412,334.9150814551301,321.2395368303572,20.81834089175228,0.0036027960647213,0.010342256863165,0.0135992711399979,0.0142666092800852,0.0120610383771256,1.0189082766808866,1.0087155473332656,8.392144504711098,0.0117380627374061,0.047253512218868,1,379120.0,20157700,232.0,0.0616182793034017,1,0.0616182793034017,0.0130231010683632,0,2,5
2025-05-15,25062.099609375,500800,66.21196820845032,23533.46311412796,372.3115756748266,342.39438029906944,356.24679129464283,21.9148501324382,0.0160214381414618,0.0324752944637294,0.0299126502615354,0.0149673814583647,0.0116654811996389,1.0202248530873812,1.0102883615867209,29.91719537575716,-0.0022580233084734,0.0573179752170642,0,384745.0,20658500,621.80078125,0.0582247165383714,1,0.0582247165383714,0.0142145628996455,0,3,5
2025-05-16,25019.80078125,432700,65.28989232498522,23548.252543651564,387.4186488412706,351.3992340075097,327.62890625,22.93303728450369,-0.0016877607536591,0.0421443177794902,0.0276465222842867,0.0150249276877047,0.0117229039126656,1.0211869445404662,1.0117258878150468,36.01941483376095,0.0001629854281247,0.0501330794271119,0,388960.0,20225800,116.94921875,0.0529250075372986,1,0.0529250075372986,0.0130947847712491,0,4,5
2025-05-19,24945.44921875,255300,63.612934865248775,23562.15499813016,388.908468714224,358.9010809488525,315.52525111607144,23.72848340465287,-0.0029717088137536,0.0008325075387225,0.0197986938631722,0.0151144627560696,0.0112944977894055,1.0217651497682367,1.012994793594188,30.007387765371504,0.0050070827987765,0.0447802205908493,0,376460.0,19970500,146.298828125,0.0521171263094546,1,0.0521171263094546,0.012648609706291,0,0,5
2025-05-20,24683.900390625,414800,57.972110625960745,23573.316643826623,364.7794071834724,360.07674619577654,327.9359654017857,23.497279219378,-0.0104848313546668,0.0042944617082727,0.0124817792796312,0.0155607780315598,0.0114223173561069,1.021577601226496,1.0138718894419154,4.702660987695879,0.0163564440257499,0.0330971602551811,1,376895.0,19555700,340.650390625,0.0511666102763362,1,0.0511666102763362,0.0132854192494771,0,1,5
2025-05-21,24813.44921875,332700,59.870253692862256,23585.6562714378,352.05222096640136,358.47184114990154,332.5715680803572,23.282589618765623,0.0052483127088862,0.0059411124139738,0.016344813787777,0.015609762768667,0.0114578558456064,1.0216305530489938,1.0148596960188536,-6.419620183500172,0.0123258460595776,0.0368167542316987,0,371485.0,19888400,262.298828125,0.0510443047542321,1,0.0510443047542321,0.013402875398276,0,2,5
2025-05-22,24609.69921875,403300,55.61584948411546,23595.845753500613,321.81522639785544,351.1405181994924,332.6000279017857,22.25811187194312,-0.0082112727740422,-0.0180511767839184,0.0138379003983364,0.0157590523539016,0.0115783454121979,1.0211236707769835,1.0155408967707509,-29.32529180163698,0.0210999435754382,0.0280942958720667,1,370900.0,19485100,351.048828125,0.0506493544346757,1,0.0506493544346757,0.01351499768223,0,3,5
2025-05-23,24853.150390625,270500,59.33424377417408,23608.35624740235,313.8784697042902,343.688108500452,341.146484375,21.785508767286224,0.0098924887180058,-0.0066607401106841,0.0352028653209346,0.0153033221583737,0.011715543264284,1.021163204019576,1.0164821198684229,-29.809638796161835,0.012407297968306,0.0364841704535835,1,366485.0,19755600,299.3515625,0.0507728134804434,1,0.0507728134804434,0.0137264885542915,0,4,5
2025-05-26,25001.150390625,302800,61.44871101091153,23622.21489559362,315.8895182240958,338.1283904451808,344.5892857142857,21.785816609074736,0.0059549794562796,0.0022329191744172,0.0030672856351858,0.0094953908200793,0.0115209348869761,1.0214555701749857,1.0175519970459923,-22.23887222108499,0.007594910271433,0.0395216833285165,0,362240.0,20058400,226.048828125,0.049124803280432,1,0.049124803280432,0.0137829371981019,0,0,5
2025-05-27,24826.19921875,525700,57.63376066380722,23634.19483910761,299.9090266501662,330.48451768617787,353.8179408482143,21.06344240064689,-0.0069977248703164,0.0057648437189061,0.0100840623277838,0.0085491524609841,0.0114367326288866,1.0212246192255063,1.0183459891482949,-30.57549103601167,0.0154436458288631,0.0314965980166272,0,372500.0,19532700,358.80078125,0.0485493542583854,1,0.0485493542583854,0.0142517965690452,0,1,5
2025-05-28,24752.44921875,684400,56.05392471943381,23645.321748357783,278.08774092528984,320.00516233400026,341.68568638392856,20.39266634996389,-0.0029706520659956,-0.0024583442415537,0.0034681628729289,0.0085825708208924,0.0114717351201723,1.020773734122887,1.019002289582508,-41.917421408710425,0.0187662253450951,0.0272253393185071,0,388840.0,18848300,127.19921875,0.0473867747877466,1,0.0473867747877466,0.0138041162458017,0,2,5
2025-05-29,24833.599609375,345400,57.43649028891688,23657.145408666416,264.2957363653404,308.86327714026834,332.91768973214283,19.54266563549652,0.0032784792287758,0.0090980547399137,-0.0091173526385045,0.0067530720207902,0.0114810924388873,1.0204888021090002,1.019717954497254,-44.56754077492792,0.0158966892819472,0.0288527059815372,0,384885.0,19193700,215.298828125,0.0462112677878056,1,0.0462112677878056,0.0134059377202192,0,3,5
2025-05-30,24750.69921875,853900,55.51504944363494,23668.02654110506,243.8649809894232,295.8636179100993,276.4711216517857,18.753379257776828,-0.0033382349691143,-0.0041222609715364,-0.0107555437732208,0.0067946421589006,0.0115232884472806,1.0199734058851948,1.0202881674621929,-51.99863692067612,0.0193131121241101,0.0239814145821056,0,406525.0,18339800,146.548828125,0.0445231709785926,1,0.0445231709785926,0.0111702347965322,0,4,5
2025-06-02,24716.599609375,311100,54.70438932267897,23678.46010397342,222.35869405257108,281.1626331385937,262.3246372767857,17.548092040560825,-0.0013777230725331,-0.0113815075228178,-0.009174002334782,0.0067634372378485,0.0114974922865974,1.01937193173336,1.020779949812563,-58.80393908602264,0.0208058003086139,0.021687782851501,0,407505.0,18028700,228.25,0.0436167310224618,1,0.0436167310224618,0.0106132980030669,0,0,6
2025-06-03,24542.5,349300,50.6386175612061,23687.05751587418,189.0867489062912,262.7474562921332,270.2495814732143,16.49918656252724,-0.0070438333802584,-0.0114274124786583,-0.005728446006803,0.0062928058713943,0.0115935137095904,1.0183781218441776,1.021025327476466,-73.66070738584202,0.0277408154128976,0.013777704546543,0,409850.0,17679400,342.94921875,0.0423017705330865,1,0.0423017705330865,0.0110114935916558,0,1,6
2025-06-04,24620.19921875,280900,52.3410460021076,23696.3425079426,167.0623791460239,243.6104408629114,233.9638671875,15.525202904353195,0.0031659048079861,-0.0053429056183992,-0.0077881151586927,0.0061112044723566,0.0116081616635878,1.0176232892171664,1.021345337404482,-76.5480617168875,0.0242425534446256,0.0157994416768014,1,407390.0,17960300,113.80078125,0.0409095183509636,1,0.0409095183509636,0.0095029233967091,0,2,6
2025-06-05,24750.900390625,388400,55.14359691077222,23706.83562120312,158.32927832506175,226.55420835534147,246.0924944196429,15.537047834036398,0.0053086967621067,-0.0033301341751028,0.0057376228217944,0.0057665579748038,0.0115586419245805,1.0171998206938022,1.0218010107315236,-68.22493003027972,0.0179635328927333,0.018198727934959,1,406240.0,18348700,286.75,0.0371060603523661,1,0.0371060603523661,0.0099427693754873,0,3,6
2025-06-06,25003.05078125,335600,60.02718057973716,23719.73328448717,169.79734413257393,215.202835510788,261.21763392857144,15.953234808095894,0.0101875239545026,0.0101957346848944,0.0060314442341902,0.0058199638482923,0.0113697932066193,1.017342348781498,1.0225339515938496,-45.40549137821407,0.004042514230092,0.020465189837959,0,406240.0,18684300,358.05078125,0.0253525522034363,1,0.0253525522034363,0.0104474304441464,0,4,6
2025-06-09,25103.19921875,279200,61.80579135541008,23733.49911467884,184.8363326526124,209.12953493915285,248.1032366071429,16.72178198141378,0.0040054487100871,0.0156412943319421,0.0040817653000186,0.0056514924101283,0.0076052073255415,1.0176274425050622,1.0233436417074726,-24.29320228654049,0.0013386208955502,0.02496365219214,0,401765.0,18963500,157.048828125,0.0273081406371795,1,0.0273081406371795,0.0098833313811982,0,0,6
2025-06-10,25104.25,307300,61.82498459031922,23747.1384269706,194.59644201843184,206.22291635500864,239.64271763392856,17.548065255969778,4.18584595869298e-05,0.0228888662524193,0.0111998932579258,0.0050287384418064,0.0068265180883612,1.0178090372720363,1.0241046054616154,-11.626474336576791,0.0026140365751243,0.0242269264493489,0,395980.0,19270800,143.8515625,0.0278390885901518,1,0.0278390885901518,0.0095459022927961,0,1,6
2025-06-11,25141.400390625,301200,62.54168014306887,23761.011680340293,202.98919200426465,205.57617148485988,224.64634486607144,18.384323255142565,0.0014798446727146,0.0211696569651664,0.0157136438676286,0.0048184610494961,0.0068017056645654,1.0179823094289346,1.024863058614913,-2.5869794805952324,0.0027251311454105,0.0253740752387289,0,393765.0,19572000,141.099609375,0.0291593921825451,1,0.0291593921825451,0.0089353155105011,0,2,6
2025-06-12,24888.19921875,328300,54.96730297548737,23772.22747674238,187.05305714838323,201.8715486175645,229.71400669642856,17.884747808227363,-0.0100710846627866,0.0055472255941446,0.0021986184135136,0.005997723952843,0.0062432435733333,1.0174886514193866,1.0252644206906607,-14.818491469181282,0.0120825561261542,0.0153135599637849,0,385140.0,19243700,370.298828125,0.028153303755703,1,0.028153303755703,0.0092298363846014,0,3,6
2025-06-13,24718.599609375,318700,50.551073937068594,23781.64411487803,158.90650906729206,193.27854070751005,243.22474888392856,17.1509510260788,-0.0068144588479197,-0.0113766585671342,-0.0012969172745909,0.0063199729529717,0.0064050914055957,1.0166086229386764,1.025428643086804,-34.37203164021798,0.0182104271197195,0.0089596913179924,1,379440.0,18925000,415.19921875,0.0277476104340299,1,0.0277476104340299,0.0098397462933814,0,4,6
2025-06-16,24946.5,305800,55.70147800480522,23793.23472070014,153.22355801011872,185.2675441680318,236.41755022321428,16.148614590583737,0.0092197937677085,-0.0062422011387679,0.0093014570878835,0.0069420097300694,0.0067375874830123,1.0162989246139658,1.0258523008268663,-32.04398615791308,0.0089134398268111,0.0180141340624757,0,381965.0,19230800,263.5,0.0277533954676327,1,0.0277533954676327,0.0094769827520178,0,0,6
2025-06-17,24853.400390625,242400,53.260965990923815,23803.7836328387,139.59821659911177,176.13367865424783,239.35700334821428,15.269702673782296,-0.0037319707924959,-0.0099923164155472,0.0126678370428847,0.0065883700295523,0.00634077332018,1.0157568780909196,1.0261308928047606,-36.53546205513607,0.0127523765601495,0.0137132611725025,0,373345.0,18988400,168.3515625,0.0271662231907231,1,0.0271662231907231,0.0096307547291799,0,1,6
2025-06-18,24812.05078125,237600,52.16770414741013,23813.81614177812,124.03368435716766,165.71367979483182,238.05719866071428,14.208827082216414,-0.0016637405234334,-0.0130998911857674,0.0077924455767153,0.0066116718782993,0.0062480820271138,1.0151327392138203,1.0263346615019435,-41.67999543766416,0.0144383064520634,0.0120734021756163,0,368590.0,18750800,197.1015625,0.0271683138979025,1,0.0271683138979025,0.0095944184847715,0,2,6
2025-06-19,24793.25,274600,51.64859008825798,23823.56175230769,108.92598356239978,154.35614054834542,236.85365513392856,13.232141761537262,-0.0007577278241026,-0.0038150296819573,0.001711033081893,0.0064273690123607,0.0059465565173023,1.0144908720773465,1.0264947394657349,-45.43015698594565,0.0149104143318689,0.0102867863030708,1,362155.0,18476200,129.69921875,0.0257921557175182,1,0.0257921557175182,0.0095531507621602,0,3,6
2025-06-20,25112.400390625,574700,59.09057245226435,23836.386017365578,121.30743451592934,147.74639934186223,245.7321428571429,13.2587341117731,0.0128724709598377,0.0159313548288813,0.0043734506773469,0.0069280088982898,0.0062279062292005,1.0146019494722114,1.027024423231001,-26.438964825932885,0.0033332330058233,0.0231537602307243,0,377365.0,19050900,352.548828125,0.027447089565487,1,0.027447089565487,0.0097852908935332,0,4,6
2025-06-23,24971.900390625,248500,55.071964062988286,23847.68466784577,118.4176033881704,141.88064015112388,241.7751116071429,13.283427008420665,-0.0055948454872697,0.0010181945613612,-0.005230362352657,0.007045980572701,0.0062345964931771,1.014324440140219,1.027345822532421,-23.46303676295348,0.0088323059577958,0.0176288337425802,0,374650.0,18802400,287.55078125,0.0272684905213211,1,0.0272684905213211,0.0096818867537174,0,0,6
2025-06-24,25044.349609375,450200,56.7069634822824,23859.59178169184,120.58342718108906,137.62119755711691,258.34640066964283,14.13778381995901,0.0029012296868362,0.0076830218701995,-0.0023860657309021,0.0071280439117488,0.0060431651782914,1.0141929852194769,1.0277281178084314,-17.03777037602785,0.0067019896172069,0.0203876879646774,1,370875.0,19252600,345.798828125,0.0279849193461803,1,0.0279849193461803,0.0103155563909287,0,1,6
2025-06-25,25244.75,260600,60.941142761338696,23873.37445053072,136.89248351108108,137.47545474790977,253.7536272321429,14.931115144958904,0.0080018205204253,0.0174390751721733,0.0041107339992698,0.0075842292221143,0.0062115343751927,1.0144776416585075,1.0283233716754934,-0.5829712368286835,0.0009307222443417,0.0284342672264666,1,349685.0,19513200,222.451171875,0.0305479317132281,1,0.0305479317132281,0.0100517385686981,0,2,6
2025-06-26,25549.0,428900,66.32587616044496,23890.04734157021,172.38086116550767,144.45653603142935,251.07505580357144,16.478124827240542,0.0120520108141297,0.0304820868583182,0.0265507671102285,0.0074032122255409,0.0066733003958812,1.01535506494469,1.029246309860444,27.92432513407832,-0.0058922980316313,0.0423005892878329,0,353860.0,19942100,320.55078125,0.0382764448623777,1,0.0382764448623777,0.0098271969863232,0,3,6
2025-06-27,25637.80078125,564000,67.72446175241916,23907.43792305957,205.30451439999524,156.62613170514254,249.18931361607144,18.12485841734402,0.003475704773181,0.0209219502099506,0.0371866200513388,0.0066149389167113,0.0065898151572453,1.0162556286625457,1.0302184059248432,48.6783826948527,-0.0043463999789695,0.0471467641827747,0,339365.0,20506100,130.6484375,0.0450727155037754,1,0.0450727155037754,0.0097196056612747,0,4,6
2025-06-30,25517.05078125,271000,63.84160323498923,23923.453971399773,219.12726819453744,169.12635900302155,252.9176897321429,19.380112319300867,-0.0047098423546652,0.0218305528252731,0.0228709751367928,0.0067826826816898,0.0067148628064859,1.016701808203417,1.030982964496371,50.00090919151589,0.0032549231903174,0.0423905731425168,0,337360.0,20235100,196.048828125,0.0477659671935129,1,0.0477659671935129,0.0099117132265922,0,0,6
2025-07-01,25541.80078125,260700,64.29348643788433,23939.55692473162,229.4342431823497,181.1879358388872,249.38197544642856,20.5457052282608,0.0009699396772837,0.019862810559424,0.0276984388375554,0.0064752718334611,0.0064027464078231,1.0170796145419765,1.0317263064854143,48.24630734346252,0.0042313197140036,0.0413546336566353,0,332930.0,20495800,91.599609375,0.0476547524861252,1,0.0476547524861252,0.0097636802346958,0,1,7
2025-07-02,25453.400390625,309800,61.34460656020463,23954.62004379524,227.84299022342748,190.51894671579527,239.3141741071429,20.92641442994986,-0.0034610085397696,0.0082651002931302,0.0258483111706209,0.0066345201106792,0.0065107195940398,1.0171434222931277,1.0323124373627353,37.32404350763221,0.0087664040069471,0.0357991532689449,0,334375.0,20186000,229.349609375,0.0463497779768605,1,0.0463497779768605,0.0094020512165159,0,2,7
2025-07-03,25405.30078125,293400,59.73906851786323,23969.054677998767,220.1627748755673,196.4477123477497,224.16782924107144,21.27993011723256,-0.0018897125192245,-0.0056244557027672,0.0246861860082885,0.0067069624022813,0.0064988454667033,1.017025383915617,1.0327978209576254,23.7150625278176,0.0115273824868099,0.032248890070811,0,329625.0,19892600,203.150390625,0.0453837175022905,1,0.0453837175022905,0.008823663658669,0,3,7
2025-07-04,25461.0,193500,61.0116094494705,23983.89990508336,216.0797771685502,200.3741253119098,215.2463727678572,21.296146340026947,0.0021924250859925,-0.0068960977877362,0.0138815726076564,0.0056286347314193,0.0061622256223792,1.0169822251523084,1.0333126165377122,15.7056518566404,0.0107158607529909,0.0339686649805352,0,322520.0,20086100,138.599609375,0.0463846425823414,1,0.0463846425823414,0.0084539638179119,0,4,7
2025-07-07,25461.30078125,196100,61.01877467340441,23998.60041131388,210.44239368392664,202.3877789863132,209.11774553571428,21.38788308040176,1.1813410706551508e-05,-0.0021848136165079,0.0195980435196967,0.0051105482567271,0.0061217558876956,1.0168803699516211,1.033788271469454,8.054614697613431,0.0119364898744563,0.0338061916415222,0,318365.0,20282200,82.55078125,0.0474498581247441,1,0.0474498581247441,0.0082131603303516,0,0,7
2025-07-08,25522.5,210400,62.52775632585916,24013.7635913008,208.5094252850431,203.6121082460592,203.8890904017857,21.70553339956532,0.0024036171315751,-0.0007556546781998,0.0190921464555027,0.005102721680989,0.0061306322960304,1.0168638024633898,1.034299910509992,4.897317038983914,0.0109952475163666,0.0359694660367899,0,313520.0,20492600,123.900390625,0.0487940763804185,1,0.0487940763804185,0.0079886018376642,0,1,7
2025-07-09,25476.099609375,239100,60.61196895138957,24028.314198445816,200.9173599051792,203.0731585778832,203.50697544642856,22.00316278224347,-0.0018180190273288,0.0008917951394171,0.0091642662088156,0.0047302841679136,0.0061569332632323,1.016681456586576,1.0347159212511343,-2.1557986727039804,0.0139131920906454,0.0339764591095264,0,310415.0,20253500,124.349609375,0.0496316317605691,1,0.0496316317605691,0.0079881527614823,0,2,7
2025-07-10,25355.25,219600,55.81533787047571,24041.517539754816,183.0390793308652,199.0663427284796,191.43931361607144,21.68987715416775,-0.004743646446198,-0.0019700920560223,-0.0075834670632901,0.0030077043112201,0.0057704598380303,1.0161905183993578,1.034951456931978,-16.027263397614405,0.0189900168409439,0.0277743708578633,0,304980.0,20033900,183.6015625,0.0481909124451378,1,0.0481909124451378,0.0075502830228876,0,3,7
2025-07-11,25149.849609375,250000,48.75340513349062,24052.545719552032,150.5607476705809,189.3652237168999,187.06068638392856,20.151694124416284,-0.008100901810276,-0.012220666534111,-0.0190324894103967,0.0033999155599602,0.0058678623326145,1.015245640223321,1.034913954759462,-38.804476046319,0.0262366751521814,0.0170439247917053,0,301545.0,19783900,226.25,0.0442017905944601,1,0.0442017905944601,0.0074378451278769,0,4,7
2025-07-14,25082.30078125,259500,46.66247728261689,24062.792038573905,118.0104588251088,175.09427073854167,173.01436941964286,19.358589862834283,-0.0026858541571485,-0.0148853353273725,-0.017037627260571,0.0032728914099715,0.0055739776357912,1.014216998979535,1.03478289581664,-57.08381191343287,0.0287588441526627,0.0136137413668181,0,299230.0,19524400,149.150390625,0.0431466254263761,1,0.0431466254263761,0.0068978667837751,0,0,7
2025-07-15,25195.80078125,241300,50.50370054123229,24074.065757406504,100.21737829004996,160.11889224884334,168.76060267857142,18.105483180495508,0.0045251032187942,-0.0128004395631305,-0.0135464215292915,0.0037542873103971,0.0055664840242955,1.0135227488161167,1.0347805435056605,-59.90151395879337,0.0234502516578902,0.0160238529446871,0,299175.0,19765700,162.8984375,0.0403497501239731,1,0.0403497501239731,0.0066979654325635,0,1,7
2025-07-16,25212.05078125,228800,51.04727094755348,24085.388991474603,86.43114848862024,145.3813434967987,155.45340401785714,16.886541445976995,0.0006449487413033,-0.0103645704080946,-0.0094820183421895,0.0037229615337704,0.0055387763553209,1.0129049403932386,1.0347836221660252,-58.95019500817847,0.0216564728021116,0.0139373838557759,0,298735.0,19994500,134.25,0.0363781234130331,1,0.0363781234130331,0.00616583733575,0,2,7
2025-07-17,25111.44921875,243400,47.56467080666373,24095.59854597485,66.61980507167755,129.6290358117745,155.93205915178572,15.867809536168895,-0.0039902173517283,-0.0096153964662151,-0.0115665453060438,0.0038395506399242,0.0056334229688604,1.0120955388259807,1.0346516052514152,-63.00923074009694,0.0241866672172088,0.0071571001201537,0,297175.0,19751100,137.349609375,0.031886519945455,1,0.031886519945455,0.0062096001625965,0,3,7
2025-07-18,24968.400390625,317000,43.06557167403083,24104.28314144401,38.92759468009172,111.48874758543796,158.06780133928572,15.864451212250264,-0.0056965580472427,-0.0072147238082235,-0.0193472216085385,0.0038852899175883,0.0050090922818059,1.0110279818789674,1.0343404078438043,-72.56115290534623,0.0305699490517011,0.0025611557496048,0,284290.0,19434100,225.94921875,0.0335223362137768,1,0.0335223362137768,0.0063307139771211,0,4,7
2025-07-21,25090.69921875,305200,47.62671342785274,24114.098226790346,26.543831007995323,94.49976426994944,167.88922991071428,16.031317485996357,0.0048981443028652,0.0003348352120184,-0.0145554842497644,0.0044280783741924,0.0049720122602523,1.0103316409141017,1.0341774336338303,-67.95593326195412,0.0251061572582683,0.0065089476660063,0,287125.0,19739300,229.099609375,0.0321375786085996,1,0.0321375786085996,0.0066912933931013,0,0,7
2025-07-22,25060.900390625,483700,46.64614935509851,24123.519143843423,14.161843767655228,78.4321801694906,161.9677734375,15.71489475971075,-0.0011876443882732,-0.005354082285227,-0.0180859872416495,0.0042210336678495,0.0049411872659041,1.0096213328768795,1.033972930948441,-64.27033640183537,0.0262673127367147,0.0052038346359849,1,288800.0,19255600,146.44921875,0.0319522036487377,1,0.0319522036487377,0.0064629670487852,0,1,7
2025-07-23,25219.900390625,271500,52.2904868164586,24134.42840998055,16.98322876434031,66.14238988846054,159.78557477678572,15.086139315293355,0.0063445445902445,0.0003113435492854,-0.0100564538009468,0.0049472452976433,0.0048129536613632,1.009322731467076,1.0339553781321076,-49.15916112412023,0.0197937497565994,0.0115706892998621,0,289345.0,19527100,172.599609375,0.0320474713500043,1,0.0320474713500043,0.0063356941265391,0,2,7
2025-07-24,25062.099609375,338700,46.97865309389378,24143.658969178505,6.41207800659322,54.19632751208708,166.13922991071428,14.870908883287283,-0.006256994627491,-0.0019652234701831,-0.0115617235335877,0.0050954402555254,0.0040772994817932,1.0086762396044164,1.0337357871742523,-47.78424950549386,0.0253009503584214,0.0063761078091133,0,284835.0,19188400,227.55078125,0.032195330160556,1,0.032195330160556,0.0066291026091272,0,3,7
2025-07-25,24837.0,278100,40.63711089796766,24150.55788490808,-19.899898725336243,39.37708226460242,178.51060267857142,15.67286875109303,-0.0089816740370306,-0.0052626675545597,-0.0124394226698827,0.005234640520584,0.0043099168335302,1.007579402253513,1.0332437406675583,-59.27698098993866,0.0336468470669218,-0.0003514389453783,0,270540.0,18910300,255.75,0.0335893773278399,1,0.0335893773278399,0.0071872852066904,0,4,7
2025-07-28,24680.900390625,262100,36.9156255315168,24155.83492476596,-52.74030632898212,20.953604545885515,186.98911830357144,17.021648659319986,-0.0062849623293875,-0.0163326986048584,-0.0160033321554401,0.0054639106608736,0.0043839406093316,1.006248418320524,1.0325756110683126,-73.69391087486764,0.040636204284753,-0.0028386929998932,1,270095.0,18648200,242.599609375,0.037954396594225,1,0.037954396594225,0.0075762680997893,0,0,7
2025-07-29,24821.099609375,284700,42.04878219312465,24162.454473866543,-66.68495801184326,3.4258920343397588,195.8606305803572,18.441012060425354,0.0056804742343701,-0.0095687216944411,-0.0148715722563516,0.0056178328197056,0.0046508195263129,1.0053811818815246,1.0320953267630388,-70.11085004618302,0.0335284440078327,0.0044994700289622,0,271295.0,18932900,248.55078125,0.0384576238950199,1,0.0384576238950199,0.0078908925737673,0,1,7
2025-07-30,24855.05078125,243900,43.252984900841085,24169.345979412647,-74.14195678176475,-12.087677728881143,192.0570591517857,19.34523558825851,0.0013678351245234,-0.0144667347500954,-0.0141598953253536,0.0056527991106557,0.0046645971957485,1.0046830539156777,1.0316665237131186,-62.0542790528836,0.0310368626665883,0.0071868309278809,0,268000.0,19176800,130.3515625,0.0387545337348463,1,0.0387545337348463,0.0077270837562186,0,2,7
2025-07-31,24768.349609375,346300,40.91483312731572,24175.306214536653,-86.05574495014298,-26.881291173133512,198.8606305803572,20.685161420768008,-0.0034882717656889,-0.0117208855035479,-0.0136630748144482,0.0056295297324694,0.004691048366364,1.0038642981023929,1.0311423226332244,-59.17445377700947,0.0338803939969068,0.0055175443261884,0,270645.0,18830500,321.5,0.0398562139341352,1,0.0398562139341352,0.0080288203984768,0,3,7
2025-08-01,24565.349609375,263400,36.00690532484156,24179.187243341017,-110.60294941311076,-43.62562282112897,205.99986049107144,22.256482548104675,-0.0081959437427822,-0.0109373269970205,-0.0161424350356594,0.0058927600636201,0.0048609096810042,1.0026823898805572,1.030388343991992,-66.9773265919818,0.0418195831665017,0.0003409983426514,1,274140.0,18567100,249.099609375,0.0423769754542182,1,0.0423769754542182,0.0083857898937638,0,4,8
2025-08-04,24722.75,259300,41.83313364666909,24184.59582798439,-116.01850067283522,-58.10419839147022,207.3821149553572,23.715566452060152,0.0064074150430544,0.0016956273358201,-0.0146647654392603,0.0060938781532247,0.0051844357759975,1.0019975801072911,1.0298478723681357,-57.914302281365,0.0332773580646474,0.0077834272468785,0,277300.0,18826400,182.25,0.0415972382916165,1,0.0415972382916165,0.0083883109668365,0,0,8
2025-08-05,24649.55078125,251800,40.00883628523377,24189.22224542982,-124.77855970056773,-71.43907065328972,207.99274553571428,25.070430077161664,-0.0029608040671041,-0.0069114112921977,-0.0164139996154679,0.0061108617207257,0.0051124066976384,1.001229974935287,1.0292344105583364,-53.33948904727801,0.0335744977028792,0.0056071079574081,0,279370.0,18574600,142.798828125,0.0396450943054069,1,0.0396450943054069,0.0084379933485005,0,1,8
2025-08-06,24574.19921875,225100,38.16383067098533,24193.05286207977,-136.23082677698767,-84.39742187802932,207.625,26.51321639552497,-0.0030569142281212,-0.0112995770948843,-0.0256028438603598,0.0054319945325326,0.0051210766228119,1.0003880529882716,1.0285492081132477,-51.83340489895835,0.0340786342839682,0.003563024273151,0,278670.0,18349500,132.201171875,0.0380391331401398,1,0.0380391331401398,0.0084489019622492,0,2,8
2025-08-07,24596.150390625,616700,39.045684014607296,24197.063782761816,-141.89982200891973,-95.89790190420742,212.2035435267857,28.464492191290503,0.0008932609229541,-0.0069523897016061,-0.0185917870414856,0.0053639391427296,0.0051049447185729,0.9997034797314618,1.0279126158537215,-46.00192010471231,0.0309948471172678,0.0053776523533197,0,298525.0,18966200,290.048828125,0.0368454584257037,1,0.0368454584257037,0.0086275104094203,0,3,8
2025-08-08,24363.30078125,312600,33.575750972947816,24198.71788224926,-163.29914811503477,-109.37815114637289,214.31431361607144,30.295225455976656,-0.0094669127354072,-0.0082249522737462,-0.0190723202782139,0.0054371972160106,0.0052059589765567,0.9985837434005724,1.027017213973831,-53.92099696866188,0.0410886363882533,-0.0006597588751782,1,301655.0,18653600,258.650390625,0.0406310133253692,1,0.0406310133253692,0.008796604185136,0,4,8
2025-08-11,24585.05078125,241100,41.92035488205784,24202.561990697028,-160.51458425954115,-119.60543776900654,221.95368303571428,31.84112816144118,0.0091018044718578,-0.0055697371348252,-0.0038835539975441,0.0061871475111583,0.005715815092906,0.9981149468642212,1.026420741451725,-40.90914649053461,0.0308974970418226,0.0095876484025406,0,300735.0,18894700,253.400390625,0.0410989763245655,1,0.0410989763245655,0.0090279936783774,0,0,8
2025-08-12,24487.400390625,237000,39.56331573504213,24205.39620363164,-164.29349463048493,-128.54304914130222,226.5500837053572,32.290695866309555,-0.0039719417907191,-0.0065782290340293,-0.0134441754797987,0.0058835091888399,0.0055992858367894,0.9974933717900883,1.0257260443825655,-35.75044548918271,0.0334184322562989,0.0069409604633668,1,300520.0,18657700,236.94921875,0.0408668379590003,1,0.0408668379590003,0.009251700061722,0,1,8
2025-08-13,24619.349609375,236000,44.1342502385448,24209.515142992263,-154.85602525294962,-133.8056443636317,222.95005580357144,32.70815159225876,0.0053884535167121,0.0018373087246135,-0.0094830291818517,0.0062168280432048,0.0057881882678236,0.9972601562555168,1.0252133781436212,-21.05038088931792,0.0254815909375787,0.0122726352341483,0,300880.0,18893700,177.150390625,0.0384808726805667,1,0.0384808726805667,0.0090558873138822,0,2,8
2025-08-14,24631.30078125,270200,44.54336601487869,24213.71201501473,-144.74388567365168,-135.99329262563572,210.1643415178572,33.003688654418106,0.000485438164071,0.0014291013051537,-0.0055332240656489,0.0061622493489056,0.005759980307034,0.9970944877098724,1.0247302025569174,-8.750593048015958,0.0231383514918089,0.012855552658452,1,302220.0,19163900,76.75,0.0367400710851306,1,0.0367400710851306,0.0085324093674273,0,3,8
2025-08-18,24876.94921875,363100,52.27903702577672,24220.31139017628,-115.5758794713729,-131.90980999478316,220.7428850446429,30.730707143736943,0.0099730192766349,0.0210828755147702,0.0126845175961216,0.006329579108382,0.0061337996529832,0.9975169215511848,1.0245553071116098,16.33393052341026,0.0125723189427237,0.0225077527081998,0,304525.0,19527000,390.69921875,0.0361710817971349,1,0.0361710817971349,0.0088733905071553,0,0,8
2025-08-19,24980.650390625,252300,55.12484004969343,24227.8769523698,-83.13389076478416,-122.15462614878336,212.896484375,28.62008145524729,0.0041685646806257,0.0160910633414963,0.0104317032136391,0.0061655053444466,0.0061041976585923,0.998127757547002,1.0245034186180637,39.02073538399921,0.0075631938391735,0.0262004390882895,0,301880.0,19779300,138.701171875,0.0349665969931506,1,0.0349665969931506,0.0085224556224884,0,1,8
2025-08-20,25050.55078125,287100,56.986831551326105,24236.06276161239,-51.19288394178875,-107.96227770738444,214.9428013392857,27.124188853222048,0.0027981813736617,0.0229975571780416,0.016268044945672,0.0060158304355403,0.0061353123920396,0.998823364892269,1.0245279406301044,56.769393765595694,0.0046705786373972,0.0288778807161158,0,292050.0,20066400,159.0,0.034841704879977,1,0.034841704879977,0.0085803622928789,0,2,8
2025-08-21,25083.75,226500,57.88072452069734,24244.49746050181,-22.936113180847315,-90.95704480207702,199.3427734375,26.111112671851835,0.0013252889742787,0.0188632274204416,0.0207351937173689,0.0057918132134168,0.0059622266353701,0.9995069500363682,1.0245811018668172,68.0209316212297,0.0019803326945397,0.0293454486186937,0,289800.0,20292900,103.099609375,0.0325854254621142,1,0.0325854254621142,0.0079470881920566,0,3,8
2025-08-22,24870.099609375,210200,50.59383482021025,24250.72235750553,-17.57957336750769,-76.28155051516316,197.6713169642857,24.581347734466373,-0.0085174820600987,0.0096949337043044,0.0111378900518683,0.0066978490771371,0.0061018102811936,0.9996207845234132,1.0243660428764088,58.70197714765547,0.0092691435151168,0.0204600494497109,0,283375.0,20082700,225.69921875,0.0306731385107492,1,0.0306731385107492,0.0079481513974223,0,4,8
2025-08-25,24967.75,213000,53.476758720416846,24257.85696091344,-5.392742371386703,-62.10378888640787,195.4714006696429,23.16085172117988,0.0039264173509054,0.0036499966475616,0.0248098245872818,0.0055914582849589,0.0058187235655584,0.999941366177103,1.0242686709762026,56.71104651502117,0.0060526713578236,0.0244982552235103,0,280120.0,20295700,151.451171875,0.0316363649197362,1,0.0316363649197362,0.0078289553792249,0,0,8
2025-08-26,24712.05078125,750500,45.92062070464328,24262.376302409328,-16.180858130872366,-52.91920273530077,205.1393694196429,22.92595288781641,-0.0102411798720348,-0.0107523064922201,0.0051657408044427,0.0063374697980496,0.0061133870967235,0.9996435855110476,1.0238604667167035,36.738344604428406,0.0164978303512578,0.0143139262116245,0,304540.0,19545200,278.150390625,0.0315777138731885,1,0.0315777138731885,0.0083011875961055,0,1,8
2025-08-28,24500.900390625,326600,40.79455491107537,24264.749676421423,-41.29259413895488,-50.5938810160316,212.1572265625,23.55705015316199,-0.0085444301039235,-0.0219416489251966,0.0005513039271072,0.0068434115553496,0.0062534974701087,0.9989092970793126,1.0232102010111075,9.30128687707672,0.0250782089282074,0.0069462381723494,0,306635.0,19218600,230.451171875,0.0325611901885087,1,0.0325611901885087,0.0086591604055367,0,3,8
2025-08-29,24426.849609375,325500,39.14424033865326,24266.36261107768,-66.4036451380016,-53.75583384042561,203.4215959821429,24.41495663820001,-0.0030223697933294,-0.0261882848706832,-0.0078190530235086,0.0066315566655763,0.0062567150201952,0.998106944824392,1.0224940086987264,-12.647811297575984,0.027934895694382,0.0054378867277984,1,310715.0,18893100,167.75,0.0338588904331475,1,0.0338588904331475,0.008327786809809,0,4,8
2025-09-01,24625.05078125,229300,45.49940798875656,24269.931647596804,-69.5098891029229,-56.90664489292507,199.85728236607144,24.756349950228586,0.0081140701746054,-0.0098531502476422,-0.0002537421817672,0.007205324990505,0.0065310782712883,0.9978640244486168,1.0220412298927375,-12.603244209997824,0.0193741352138261,0.0137376462027787,0,304865.0,19122400,208.75,0.0338764986761307,1,0.0338764986761307,0.0081160150345048,0,0,9
2025-09-02,24579.599609375,271600,44.35548649233296,24273.01292084833,-74.77715504720254,-60.48074692378057,198.45368303571428,24.26040097059635,-0.0018457290617897,-0.0155460700553714,-0.0119528165113945,0.0062997408158997,0.0062747961246118,0.9975578004242772,1.0215475395416769,-14.296408123421967,0.021253261668569,0.0118500909274619,1,305275.0,18850800,233.75,0.0338043889245206,1,0.0338043889245206,0.0080739184604138,0,1,9
2025-09-03,24715.05078125,340300,48.51013770913215,24277.411307519,-67.2465473605589,-61.83390701113625,196.0895647321429,23.799876918080702,0.005510715147017,0.0001213982613808,-0.0106322135421532,0.0064391974751965,0.006230006465772,0.9976071106919958,1.0212316460353048,-5.412640349422659,0.0156370281521899,0.0172775707555158,0,309325.0,19191100,203.8515625,0.0337973889750984,1,0.0337973889750984,0.0079340142356051,0,2,9
2025-09-04,24734.30078125,314100,49.09188171325081,24281.95747143672,-59.044543647538376,-61.27603433841668,202.90387834821428,22.26857839260896,0.0007788776228048,0.0095261964623269,-0.0126244729212384,0.0063359583869224,0.0061923814600104,0.997702468994281,1.0209458719454505,2.231490690878303,0.0150095308414635,0.0178626979624641,0,312440.0,19505200,272.55078125,0.0337743771087486,1,0.0337743771087486,0.0082033399748266,0,3,9
2025-09-05,24741.0,210100,49.30653634290071,24286.525058785606,-51.411189457594446,-59.30306536225224,212.4753069196429,20.958953303577125,0.0002708473067116,0.0128608639938745,-0.0136642248467633,0.0062969627602711,0.0061450772493612,0.9978091030343532,1.0206738299285258,7.891875904657795,0.014919888506477,0.0176396432910452,0,311690.0,19715300,210.75,0.0334508638517693,1,0.0334508638517693,0.008587983788838,0,4,9
2025-09-08,24773.150390625,213200,50.38769492255239,24291.36710188849,-42.28005527649657,-55.89846334510111,194.8896484375,19.470894556007867,0.0012994782193525,0.0060141849326769,-0.0038982239827239,0.0058024255393951,0.0061476164232168,0.9979827478850242,1.0204454022953608,13.618408068604545,0.0138634379930357,0.0184607634271921,0,291515.0,19928500,144.5,0.0332403392340734,1,0.0332403392340734,0.0078669707067718,0,0,9
2025-09-09,24868.599609375,226900,53.554708558654085,24297.11070892816,-27.03002608587485,-50.12477589325586,193.4574497767857,18.12452550608377,0.0038529301782352,0.0117577179690824,-0.0039711383935276,0.0057964154924034,0.0057325982358732,0.9983572052033712,1.0203342445311687,23.094749807381007,0.0097983054885676,0.0200223950254247,0,287230.0,20155400,118.650390625,0.0307526018487444,1,0.0307526018487444,0.0077791855116705,0,1,9
2025-09-10,24973.099609375,244100,56.80569817314366,24303.83696664405,-6.437780696232949,-41.38737685385128,194.03599330357144,17.646429946610724,0.0042020862308871,0.0104409588476657,0.0105636246232978,0.0047767391571421,0.0054686747654072,0.9989250814188976,1.0203454074860765,34.94959615761833,0.0065817883877668,0.0235782330778224,0,287380.0,20399500,167.099609375,0.0312087480017242,1,0.0312087480017242,0.0077698001585165,0,2,9
2025-09-11,25005.5,224600,57.79217192425278,24310.818688368985,12.353756461707237,-30.63915019073957,193.6110491071429,17.210721125626677,0.0012974116602184,0.0109644991038349,0.020595145538736,0.0033903097833212,0.0053524959816735,0.9994956909208657,1.0203865986856235,42.99290665244681,0.0060092045588651,0.023503144954478,0,286760.0,20624100,97.150390625,0.030546218583443,1,0.030546218583443,0.0077427385618021,0,3,9
2025-09-12,25114.0,225700,61.00393865631343,24318.81054221606,35.59095786508624,-17.393128579574416,187.05747767857144,17.324789474168604,0.0043390454100098,0.0150761893213693,0.028130946135652,0.0029363795205255,0.0053128383639785,1.0002382070461815,1.020547241705838,52.984086444660655,0.0033518343135617,0.0274411744226643,0,286245.0,20849800,133.94921875,0.0319781263396392,1,0.0319781263396392,0.0074483347009067,0,4,9
2025-09-15,25069.19921875,185400,59.007309823263896,24326.277096211423,49.81729598322636,-3.951043667014261,182.64662388392856,17.430710083528965,-0.0017838966811339,0.0119503907842515,0.0180364475771226,0.0025867151797889,0.0053487108020878,1.0007811219789642,1.0206381543471532,53.76833965024062,0.0062673793172103,0.0250788410290501,1,282005.0,20664400,89.69921875,0.0324659090979006,1,0.0324659090979006,0.0072856983699472,0,0,9
2025-09-16,25239.099609375,240100,63.84071075378266,24335.35990728768,73.94887642783578,11.628940351955748,176.50739397321428,18.125320203430608,0.0067772563910986,0.0148983057276907,0.0268311937737366,0.0026750064141957,0.0051054454356637,1.0016325347695507,1.0209191645159263,62.31993607588004,0.0017129868226963,0.0324262070022927,0,275855.0,20904500,192.201171875,0.0355723444456913,1,0.0355723444456913,0.0069934108864822,0,1,9
2025-09-17,25330.25,268900,66.14689374967335,24345.259311195263,99.28391931688384,29.15993614494137,167.71805245535714,19.14067760414303,0.0036114755294653,0.0143014041593347,0.024891683379292,0.0025121474994629,0.0050872154277545,1.0025705611579778,1.021286589869499,70.12398317194247,0.0005949213441647,0.0370144136014461,0,276685.0,21173400,107.400390625,0.0393020437291436,1,0.0393020437291436,0.0066212553154965,0,2,9
2025-09-18,25423.599609375,272200,68.37168175556903,24355.98906540601,125.44856370354682,48.41766165666246,164.25013950892858,20.49181849224505,0.0036853015416349,0.0167203059077003,0.0278681347906761,0.0024631048968642,0.0051102196312334,1.003584625088212,1.0217385136934336,77.03090204688436,-0.0002520042285339,0.0419099711076505,0,275940.0,21445600,119.19921875,0.0436605803661183,1,0.0436605803661183,0.0064605383200088,0,3,9
2025-09-19,25327.05078125,380400,63.708256549619215,24365.6513710363,136.81641488308742,66.09741230194746,159.51436941964286,21.38006965599525,-0.0037976065391384,0.0084833471868279,0.0236874330564649,0.0031572483257103,0.0052074269569508,1.0042344175045017,1.0220440769111638,70.71900258113996,0.0051411998877373,0.03887909746976,0,283635.0,21065200,142.44921875,0.0459388116015553,1,0.0459388116015553,0.0062981817661033,0,4,9
2025-09-22,25202.349609375,254500,58.18787074992008,24373.97672664166,134.21601773876318,79.72113338931061,155.72140066964286,21.153276373114345,-0.0049236357186648,0.0053113140736227,0.0173251771366318,0.0039104256660365,0.0049349177870774,1.0045029640495873,1.0221769790144826,54.494884349452576,0.0113716531388861,0.0340621605886271,0,285850.0,20810700,180.6484375,0.0471490270114086,1,0.0471490270114086,0.0061788445554979,0,0,9
2025-09-23,25169.5,299200,56.79181169085924,24381.89238110293,128.02866062154135,89.38263883575677,153.8212890625,20.475620337848618,-0.001303434397354,-0.0027576106300221,0.0120996113714246,0.0039386696955901,0.0048919561959298,1.0046455947568076,1.022255237845363,38.64602178578458,0.0135008106626759,0.0328090958019317,0,290160.0,20511500,177.25,0.0479761299179281,1,0.0479761299179281,0.0061114161609289,0,1,9
2025-09-24,25056.900390625,244400,52.17125828213856,24388.60887871012,112.73969505965944,94.05405008053732,144.49986049107142,19.45701446046144,-0.0044736530076083,-0.0107914295901145,0.003355641973195,0.0041559796764664,0.0043732930854547,1.004499775341488,1.02218657968589,18.68564497912212,0.0185028815819942,0.0275341543889715,0,264855.0,20267100,142.05078125,0.0474472568606879,1,0.0474472568606879,0.0057668689358375,0,2,9
2025-09-25,24890.849609375,342500,46.20154475689294,24393.606298915744,86.2301617697558,92.48927241838102,144.76046316964286,18.537865615760865,-0.0066269482123226,-0.0209549398269923,-0.0045850069234768,0.0046766141732408,0.0041765033366443,1.0039841441431585,1.021914697725539,-6.259110648625224,0.0246362307659694,0.0188188005246383,0,265650.0,19924600,214.3984375,0.0444546155808077,1,0.0444546155808077,0.0058158104460652,0,3,9
2025-09-26,24654.69921875,291500,39.31214549350087,24396.204238416583,45.63969670051301,83.11935727480741,153.11049107142858,18.87229447260249,-0.0094874379272315,-0.026546776737138,-0.0182886350740623,0.0051258651510649,0.0047045723086329,1.002991370412451,1.0213662600475395,-37.47966057429441,0.0333968853801914,0.0074429478464146,0,263950.0,19633100,261.400390625,0.0413640053872652,1,0.0413640053872652,0.0062101950509697,0,4,9
2025-09-29,24634.900390625,394400,38.789894877388086,24398.579324508213,11.738546078457148,68.84319503553736,157.85700334821428,19.2793507145984,-0.0008030448049409,-0.022515726809016,-0.0173240008320718,0.0051362672965398,0.0043518098595462,1.0020721154667755,1.020812678750845,-57.104648957080215,0.0341925498107861,0.0065703906043312,0,272205.0,19238700,185.1015625,0.0412521576008008,1,0.0412521576008008,0.0064078604274887,0,0,9
2025-09-30,24611.099609375,303000,38.13404936736562,24400.693954208386,-16.854594891290617,51.70363705017177,156.21428571428572,19.737373459404267,-0.0009661407544825,-0.0221855972754723,-0.0248820286666141,0.004210840552273,0.0043362835220312,1.0012111562201285,1.0202496525759834,-68.5582319414624,0.0350617291588006,0.0053507160496399,1,273775.0,18935700,144.1015625,0.0408553667698313,1,0.0408553667698313,0.0063473102865659,0,1,9
2025-10-01,24836.30078125,308900,47.226178718824734,24405.028350497352,-21.0997874115601,37.1429521578254,167.9892578125,19.21694390026366,0.0091503904924759,-0.008803946455306,-0.019500368877133,0.0053227855096389,0.0046420945072819,1.00096425327472,1.019974453761782,-58.2427395693855,0.0255157351386528,0.0137207676853615,0,272205.0,19244600,262.0,0.0400197864695021,1,0.0400197864695021,0.0067638598554629,0,2,10
2025-10-03,24894.25,365900,49.29135689589164,24409.89622760683,-19.562609828732093,25.801839760513904,169.65359933035714,18.49439953237396,0.0023332467769816,0.000136612075456,-0.0208211904493571,0.0051788317966827,0.0046642862263002,1.0008763434343229,1.0197738508198588,-45.36444958924599,0.0229894377630393,0.0152350429228655,1,274795.0,19610500,157.25,0.0390660230197528,1,0.0390660230197528,0.0068149713018209,0,4,10
2025-10-06,25077.650390625,268800,55.25874763461642,24416.540547636865,-3.505102101975353,19.94045138801605,178.55357142857142,17.635096407847882,0.0073671787912872,0.0171549921628466,-0.0098471943211656,0.0059201715463885,0.0049221206227619,1.0012090567590757,1.0197935996775322,-23.445553489991404,0.0156651732740017,0.0212516575041939,0,277730.0,19879300,214.298828125,0.0379819620219356,1,0.0379819620219356,0.0071200279391135,0,0,10
2025-10-07,25108.30078125,288000,56.1867067151653,24423.42373404097,11.560555934396689,18.264472297292183,175.15345982142858,17.446950729357102,0.0012222193924698,0.0192166553596115,-0.0037317484116645,0.0057819111444041,0.0049216453503687,1.0015624322457417,1.0198409241497617,-6.703916362895495,0.0146534793821904,0.0213397797450714,0,281470.0,20167300,144.599609375,0.0370521756733689,1,0.0370521756733689,0.0069759184959352,0,1,10
2025-10-08,25046.150390625,227400,53.75220810365313,24429.62001918112,18.27452402204653,18.26648264224305,180.62486049107144,16.856324730974105,-0.0024752925801897,0.017677015174254,-0.0049007572409066,0.0058149657310438,0.004910575942072,1.0017239624888636,1.0198040083670634,0.0080413798034797,0.0173002117784059,0.0183313395504274,1,281495.0,19939900,184.0,0.0365760576089708,1,0.0365760576089708,0.0072116815428322,0,2,10
2025-10-09,25181.80078125,286300,58.02693619124629,24437.104404873346,34.14761252778408,21.44270861935126,184.60700334821428,16.342913060438654,0.0054160175719368,0.013911089378529,0.0049846704371994,0.0058998822611738,0.0049676417536642,1.0021623556340724,1.019922351222675,12.704903908432817,0.0123788324236708,0.0233493125617789,0,283605.0,20226200,174.94921875,0.0368584809317037,1,0.0368584809317037,0.0073309690975583,0,3,10
2025-10-10,25285.349609375,232900,60.99102273468494,24445.54465566441,54.4549517769774,28.04515725087649,186.853515625,16.522699505195668,0.004112050167679,0.0157104395342297,0.0158491978454369,0.0054131402252822,0.005033009470182,1.002767175994462,1.0201499662454228,26.40979452610092,0.0092466131392353,0.027255821936418,0,284020.0,20459100,173.900390625,0.0377910012016438,1,0.0377910012016438,0.0073897936359053,0,4,10
2025-10-13,25227.349609375,234300,58.49908729206813,24453.32380943268,65.11791042774712,35.45970788625061,183.4535435267857,16.65758404633088,-0.0022938183927065,0.0059694276145569,0.0232268252613481,0.0040955628182042,0.0049898352599336,1.0031519401531137,1.020289267274672,29.658202541496507,0.0120049149895092,0.0250080320337823,0,284450.0,20224800,133.048828125,0.038222991408286,1,0.038222991408286,0.0072720101939924,0,0,10
2025-10-14,25145.5,292100,55.07905169510301,24460.21113471195,66.20068229313256,41.607902767627,188.63560267857144,16.141662107327953,-0.0032444791324643,0.0014815506263881,0.0207266764337845,0.0043653901757575,0.0050314835326747,1.0032909278898614,1.0203162755779995,24.59277952550556,0.0155054070277781,0.0217373325338327,1,289785.0,19932700,249.798828125,0.0383296784128101,1,0.0383296784128101,0.0075017638415848,0,1,10
2025-10-15,25323.55078125,289900,60.4902973842534,24468.80157895611,80.49806522421204,49.385935258944016,194.1784319196429,15.963360508543202,0.0070808208725219,0.0110755699498168,0.0289483681421374,0.0044851736153202,0.005052895773927,1.0037977921076406,1.0205452867208826,31.112129965268025,0.0088317413359561,0.0287484320276279,1,292275.0,20222600,219.650390625,0.0389442647765113,1,0.0389442647765113,0.0076678990871776,0,2,10
2025-10-16,25585.30078125,372800,66.81839556675563,24479.911023755056,111.66270352948412,61.84128891305204,200.42494419642856,16.982741803487208,0.0103362282114798,0.0160234767761502,0.0301574701722671,0.0046811583235509,0.0054974993437971,1.0048084502971777,1.021065392296058,49.82141461643208,0.0005387661149854,0.0397158021236676,0,297470.0,20595400,301.849609375,0.0421254915347472,1,0.0421254915347472,0.0078335973420843,0,3,10
2025-10-17,25709.849609375,422100,69.33518796509603,24492.149218636845,144.74245255321875,78.42152164108538,201.2463727678572,18.47941788020233,0.0048679837376106,0.0167883777190334,0.0327625700462959,0.0047104544576222,0.00553959080129,1.005944705242373,1.0216988273291632,66.32093091213338,-0.0017915528437944,0.04577110990333,1,304965.0,21017500,272.900390625,0.0462212769817755,1,0.0462212769817755,0.007827598209461,0,4,10
2025-10-20,25843.150390625,301100,71.80048567853984,24505.59201636807,179.64382875354568,98.66598306357744,203.47837611607144,20.30923043694148,0.0051848137299641,0.0244100466670171,0.0305251882882207,0.0045456085479338,0.0055305808351768,1.007204085349777,1.0224498695811823,80.97784568996823,-0.002817888833822,0.0528185365276189,0,301000.0,21318600,216.349609375,0.0527674790797249,1,0.0527674790797249,0.0078735902179281,0,0,10
2025-10-21,25868.599609375,42500,72.25902567129566,24519.154280975108,206.97112580504108,120.32701161187018,200.9388950892857,22.03224123549786,0.0009847568259027,0.0287566208417013,0.0302807758577101,0.0045566542944024,0.0053510696173977,1.0083248741148485,1.023184402942102,86.6441141931709,0.0004581816899948,0.0554319323679065,0,290400.0,21361100,108.548828125,0.0589627488461417,1,0.0589627488461417,0.0077676757970487,0,1,10
2025-10-23,25891.400390625,448400,72.68753127418799,24532.80847112088,227.84162170515992,141.82993363052813,199.4924665178572,24.10219288412182,0.0008814076368377,0.0224237751759301,0.033747701216247,0.0042199460701011,0.0053169060290652,1.009315231455273,1.0238997793720792,86.01168807463179,0.0035860728640003,0.0574844888513912,0,297860.0,21809500,241.75,0.0643923984075603,1,0.0643923984075603,0.0077049701255282,0,3,10
2025-10-24,25795.150390625,284900,67.91820855540553,24545.369087235347,233.91860143653685,160.24766719172987,204.3996930803572,24.970225354079336,-0.0037174505259611,0.0082019598350309,0.0243568605241166,0.0046820183631166,0.005275251997661,1.0099252822353222,1.0244558724514226,73.67093424480697,0.0102732789679019,0.0540481921453953,1,299885.0,21524600,225.951171875,0.0674691653644981,1,0.0674691653644981,0.0079239581853589,0,4,10
2025-10-27,25966.05078125,266300,71.494643054077,24559.5052234942,249.6471084390469,178.12755544119327,204.1496930803572,25.97268346037178,0.0066252915000297,0.0099650980370409,0.0269207735859273,0.0048475117557053,0.0050318745002329,1.0107939970430149,1.025176197621534,71.51955299785362,0.0073582002383948,0.0598675765890355,0,296075.0,21790900,210.798828125,0.0708318601275695,1,0.0708318601275695,0.0078621772251856,0,0,10
2025-10-28,25936.19921875,395200,70.02618737966469,24573.203671208183,256.7437102679214,193.8507864065389,210.3674665178572,27.017566096370025,-0.001149638146805,0.0036005218682144,0.0280984574420604,0.0047293796707055,0.0043128433398945,1.0114399306808788,1.0258149841676816,62.89292386138251,0.0107505473248914,0.0560774665815349,0,301260.0,21395700,231.6484375,0.070154028575208,1,0.070154028575208,0.0081109596955045,0,1,10
2025-10-29,26053.900390625,321900,72.43062066172783,24587.936971898904,268.7671389698262,208.8340569191964,208.77106584821428,28.167678513704185,0.0045381040946781,0.007163154714523,0.0361257636803802,0.0042421901673812,0.0042596126808151,1.0122152736204173,1.026550147824089,59.93308205062979,0.0084077220027804,0.0571186763142186,0,297635.0,21717600,161.650390625,0.0689069272559951,1,0.0689069272559951,0.0080130446005442,0,2,10
2025-10-30,25877.849609375,257400,64.14245920648966,24600.771923515586,261.0803938477329,219.2833243049037,211.17829241071428,28.36116184048048,-0.00675717564781,-0.0005233699624415,0.021888669283117,0.0051311029657444,0.0047036805435772,1.0124536431924145,1.027030155683102,41.797069542829234,0.0152550032226376,0.0457959407809182,0,295355.0,21460200,208.650390625,0.0636082751010261,1,0.0636082751010261,0.0081605811765058,0,3,10
2025-10-31,25722.099609375,334400,57.837002412913726,24611.92941292712,239.65823862275647,223.35830716847423,216.08189174107144,27.63467938014492,-0.0060186608373972,-0.0028319579511562,0.0053467742785049,0.0048405822146602,0.0048007909963761,1.012270800726597,1.027291719419621,16.299931454282245,0.0210896880535064,0.0362616185015078,0,296630.0,21125800,242.55078125,0.0592909782886273,1,0.0592909782886273,0.0084006319477246,0,4,10
2025-11-03,25763.349609375,23300,58.98693853744321,24623.38633030471,223.43394904622983,223.37343554402537,217.83551897321428,26.54919911100704,0.0016036793506921,-0.0078063920302184,0.0020809145449256,0.0046217032893937,0.004799014863379,1.0121560479640712,1.0275777437246674,0.0605135022044578,0.0190539783876753,0.0340304450025636,0,279500.0,21149100,157.599609375,0.0548743814018348,1,0.0548743814018348,0.0084552483382807,0,0,11
2025-11-04,25597.650390625,305100,52.7618767800577,24633.080500059143,194.95818393304216,217.6903852218288,214.9213169642857,25.133166568273783,-0.0064315867797603,-0.0130531395625714,-0.0094996158088008,0.0046937741533403,0.0049356070493634,1.0116466204966978,1.0276433147850703,-22.7322012887866,0.0251637242389106,0.0252592606563233,0,281315.0,20844000,209.0,0.0517353622555957,1,0.0517353622555957,0.0083961345547167,0,1,11
2025-11-06,25509.69921875,371900,49.76012274075014,24641.803074374475,163.41031796620518,206.834371770704,212.63197544642856,23.36181877205841,-0.0034359080045569,-0.0208875125687829,-0.0138739783383918,0.004700092103035,0.0050353674710244,1.0109671501609707,1.0275909639131386,-43.42405380449881,0.0279902826584013,0.0196171271046697,0,285510.0,20472100,187.599609375,0.0486405344352235,1,0.0486405344352235,0.0083353383990565,0,3,11
2025-11-07,25492.30078125,305600,49.16424448426641,24650.26573812448,135.44319357092536,192.55613613074829,207.6999162946429,22.60203227511716,-0.0006820322478444,-0.0148987969999379,-0.015414369379553,0.0046419247083402,0.0049896337863591,1.0102973936355562,1.0275095975852648,-57.112942559822926,0.027402514091469,0.0159085106170745,0,289420.0,20166500,232.80078125,0.0441822582427021,1,0.0441822582427021,0.0081475547490562,0,4,11
2025-11-10,25574.349609375,243600,52.07866251233541,24659.46060251503,118.53332235871494,177.7515733763416,199.71763392857144,21.30668656280056,0.0032185728871263,-0.0057440878561153,-0.0085597787919952,0.0047964601700307,0.0049083736335803,1.0098569716050172,1.02751762185231,-59.21825101762667,0.0233129313045434,0.0167373654394842,0,287285.0,20410100,161.1484375,0.0409560827441135,1,0.0409560827441135,0.0078092947417657,0,0,11
2025-11-11,25694.94921875,297700,56.065650816614166,24669.7639718308,113.55452232938842,164.912163166951,203.3034319196429,19.80834949940109,0.0047156471705849,-0.0026549494402742,-0.0104406158943416,0.0044943187447382,0.0049317063988332,1.0097020010186086,1.0276558447491198,-51.35764083756257,0.0181628345831294,0.0194110735746507,1,290525.0,20707800,266.55078125,0.0385740912154601,1,0.0385740912154601,0.0079121943456221,0,1,11
2025-11-12,25875.80078125,312600,61.269557892682926,24681.76433809368,122.78658971576442,156.48704847671368,212.6643415178572,19.469591032650385,0.0070384090258497,0.0108662469554967,-0.0023287312451061,0.0051675561428809,0.0050618191979706,1.009927382446317,1.0279883937670369,-33.70045876094926,0.0107444356689387,0.0234563686480658,0,294440.0,21020400,239.6015625,0.0353137377871252,1,0.0353137377871252,0.0082186573979174,0,2,11
2025-11-13,25879.150390625,385200,61.36084501925217,24693.67862717359,128.8876188749964,150.96716255637023,209.8464006696429,19.473620375888554,0.0001294494962036,0.0144827725606206,-0.0067072491020531,0.00489741439062,0.0049581875839628,1.010092546402443,1.0282969040407317,-22.07954368137382,0.0089724612735898,0.0191067052901557,0,299095.0,21405600,202.298828125,0.0289553372656903,1,0.0289553372656903,0.0081087051739404,0,3,11
2025-11-14,25910.05078125,518900,62.244915756743175,24705.78183268679,134.66381112795716,147.70649227068762,207.94977678571428,19.069224438492,0.0011940264714482,0.0163873007613051,0.0012443526939476,0.0044200664748691,0.0047778160782222,1.0102651463481156,1.028614766343879,-13.04268114273046,0.0069471599763214,0.0171909224641227,0,310545.0,21924500,199.3984375,0.0248926472276631,1,0.0248926472276631,0.0080258343969051,0,4,11
2025-11-17,26013.44921875,281800,65.12073392769265,24718.79344846852,145.9029959571635,147.34579300798282,201.310546875,19.063865801751795,0.0039906690408659,0.0171695318192584,0.0113268206639247,0.0039839916282525,0.0043253975225597,1.010601967433928,1.029026339732486,-1.4427970508193084,0.0038863424957547,0.0203931284236468,0,305995.0,22206300,117.849609375,0.0251175162956273,1,0.0251175162956273,0.0077387102795233,0,0,11
2025-11-18,25910.05078125,280000,60.18387402600536,24730.64675526236,144.79760448765956,146.83615530391816,195.7177734375,18.86771815271003,-0.0039748069020186,0.0083713558127227,0.0056941808460191,0.0042897564761511,0.0043437965913406,1.0106279336691677,1.029284380178166,-2.0385508162586063,0.0083091380151492,0.0161277813293915,1,298890.0,21926300,153.349609375,0.0251701484455553,1,0.0251701484455553,0.0075537394770037,0,1,11
2025-11-19,26052.650390625,250100,64.21329191694599,24743.80102029084,153.6569093037142,148.20030610387738,199.77497209821428,18.89525976976363,0.0055036406751542,0.006834555995776,0.0177750689245541,0.0037497062931163,0.0043628360005576,1.0109213215265191,1.0296845996435453,5.45660319983682,0.0038544161111321,0.021773155934643,1,296340.0,22176400,218.451171875,0.0265310354965996,1,0.0265310354965996,0.0076681247052738,0,2,11
2025-11-20,26192.150390625,240400,67.66114321397333,24758.21245681158,169.97508932422716,152.55526274794735,198.728515625,19.65139147143081,0.0053545415882216,0.0120946783520909,0.0267526153884789,0.0034086008199779,0.0045002407720103,1.011438238140275,1.0302159172159515,17.419826576279803,0.0005487653486427,0.0277888191547205,0,306235.0,22416800,194.0,0.0294752012852912,1,0.0294752012852912,0.0075873310385439,0,3,11
2025-11-21,26068.150390625,235600,61.94786611713221,24771.246665108232,170.93121225398136,156.23045264915416,191.39997209821428,20.273528025021875,-0.0047342428227803,0.0061018641263879,0.022589157970337,0.0040323685863178,0.0046562973406087,1.0115729312148396,1.030563300667916,14.700759604827198,0.0061496485119182,0.0233277213413026,0,295595.0,22181200,139.951171875,0.0305051532176133,1,0.0305051532176133,0.0073422920011635,0,4,11
2025-11-24,25959.5,464700,57.37622414405274,24783.07008137581,161.0651097444861,157.19738406822057,196.6178850446429,19.87927309732945,-0.004167936312968,-0.0020738971712799,0.0150600268045062,0.0044850492844334,0.0046780501773124,1.0114093840312055,1.0307538963288316,3.867725676265536,0.0107724732708881,0.0190185813912294,0,304585.0,21716500,230.650390625,0.0306915199651022,1,0.0306915199651022,0.0075740243473349,0,0,11
2025-11-25,25884.80078125,260500,54.4035808585839,24794.032575901925,145.54084548781975,154.86607635214042,194.19642857142856,19.16359763948848,-0.002877529180069,-0.0009745252995904,0.0073886724151011,0.0045236755301895,0.0044833218079718,1.0110616758673792,1.0308352158110916,-9.325230864320671,0.0134102019960829,0.0162223312786356,1,304295.0,21456000,175.099609375,0.030445145499869,1,0.030445145499869,0.0075023342931075,0,1,11
2025-11-26,26205.30078125,275300,63.21062053612769,24808.07504560688,157.28632681963063,155.35012644563847,207.3822544642857,19.355461616885552,0.0123817835303625,0.0058593036921852,0.0127339054271418,0.0055489606941429,0.0052751514664985,1.011414458132597,1.0312740582415558,1.9362003739921647,0.0026416817388964,0.0288532202262341,0,298300.0,21731300,372.201171875,0.0327421993261474,1,0.0327421993261474,0.0079137521143305,0,2,11
2025-11-27,26215.55078125,240300,63.45374163541803,24822.079779294872,165.5138540531625,157.38287196714327,202.79282924107144,19.922010939320607,0.0003911422381892,0.000893412349731,0.0129988962368279,0.0055435463737639,0.0051901072205995,1.0116991445945935,1.0316900971168266,8.13098208601923,0.0033418251528092,0.029708473586222,0,294220.0,21971600,168.548828125,0.0343618950391766,1,0.0343618950391766,0.0077355929285343,0,3,11
2025-11-28,26202.94921875,202500,62.90336588751481,24835.81977371732,169.06847178253156,159.71999193022094,199.021484375,20.4480924530103,-0.0004806903583736,0.005171016205794,0.0113044331704652,0.0055725303031789,0.00492237566027,1.011874146976449,1.032057659537677,9.348479852310618,0.0053497304813739,0.029526517594585,0,291475.0,21769100,108.349609375,0.0362201185758798,1,0.0362201185758798,0.0075953848825759,0,4,11
2025-12-01,26175.75,213800,61.66021511635801,24849.1524127848,167.7569842140001,161.3273903869768,194.3822544642857,20.5800731176885,-0.0010380212747401,0.0083302837111653,0.006239110388061,0.0055131462113071,0.0046884195011648,1.0119218058667985,1.0323620383081802,6.429593827023325,0.0076464824857928,0.0280370977857365,0,285445.0,21555300,201.6015625,0.0369876816774256,1,0.0369876816774256,0.0074260433593797,0,0,12
2025-12-02,26032.19921875,254800,55.43353819450387,24860.924022794406,153.3663605866495,159.73518442691133,189.9750279017857,19.83202184262437,-0.0054841133969418,0.0056944010790598,0.0047143264415518,0.0056717706213409,0.0048945764343226,1.0116070761602745,1.032470858927678,-6.368823840261825,0.0136403634892304,0.0220819524288897,0,297020.0,21300500,177.900390625,0.0368056719951361,1,0.0368056719951361,0.0072976941481361,0,1,12
2025-12-03,25986.0,265700,53.55898658277614,24872.11880863725,136.6584829089552,155.11984412332012,188.05719866071428,18.482950440295213,-0.0017746951904364,-0.008368565699002,-0.0025582959747152,0.0054174698263771,0.0046506318695117,1.011189869902352,1.0325072553341232,-18.461361214364928,0.0152644919384067,0.0186709310426361,0,295050.0,21034800,175.44921875,0.0348764115334162,1,0.0348764115334162,0.007236865953233,0,2,12
2025-12-04,26033.75,248100,55.24361167031109,24883.67732795429,125.82002053573524,149.25987940580313,185.1930803571429,17.4140458286518,0.0018375278996383,-0.0069348449997101,-0.0060476283261452,0.0051196806307193,0.0045483849938095,1.010888600564517,1.03258413598696,-23.43985887006789,0.0126449909995408,0.0177005303835135,1,288860.0,21282900,159.30078125,0.0312127466567331,1,0.0312127466567331,0.0071135768130654,0,3,12
2025-12-05,26186.44921875,249300,60.21389476078801,24896.640232340324,128.0756356075908,145.02303064616066,192.29310825892856,17.0009460406036,0.0058654330916598,-0.000629700109795,0.0045380599065265,0.0052626765730343,0.0046533158213721,1.010916026093334,1.032821405397744,-16.94739503856985,0.0059599857736344,0.0199977134211191,0,286045.0,21532200,217.25,0.0268202853744895,1,0.0268202853744895,0.0073432295708592,0,4,12
2025-12-08,25960.55078125,320700,51.16208492476368,24907.22640695634,110.36291581366096,138.09100767966072,202.3537946428572,16.021335646102717,-0.0086265394598917,-0.0082213200672378,4.04777152873681e-05,0.0058544242150009,0.0051326778117271,1.0104101178481626,1.032770959874599,-27.72809186599976,0.0131018792583781,0.0083709029769079,0,289900.0,21211500,294.19921875,0.0219786195684744,1,0.0219786195684744,0.0077946649263315,0,0,12
2025-12-09,25839.650390625,276000,47.08266078945259,24916.504257540106,85.58325614390196,127.58945737250896,203.36090959821428,15.559673050255984,-0.0046570811090926,-0.0073965640208497,-0.0017442819439316,0.0059780082934661,0.0051803750359079,1.0096700127245066,1.0325692697192768,-42.006201228607,0.0170288097796056,0.0023579592569902,0,288815.0,20935500,232.55078125,0.0197455632449637,1,0.0197455632449637,0.0078701107222409,0,1,12
2025-12-10,25758.0,207900,44.50191867731431,24924.87734950488,58.68026363319223,113.80761862464564,204.72516741071428,14.980788743195331,-0.0031598875909956,-0.0087739552066496,-0.0170690954850648,0.0040719053842809,0.0049795488929031,1.008813944755251,1.0322695700278666,-55.12735499145341,0.0207606249061789,0.0001607976073784,1,283580.0,20727600,213.099609375,0.0212460936635843,1,0.0212460936635843,0.0079480226496899,0,2,12
2025-12-11,25898.55078125,206100,49.62100861097864,24934.565642358066,48.14572767883874,100.67524043548426,211.12513950892856,14.670303946823369,0.0054565875164998,-0.0051932287415373,-0.012092059504877,0.0046383702003853,0.0051389438538338,1.008341127024354,1.0321348403613246,-52.52951275664552,0.015183135511398,0.005474143288287,1,274625.0,20933700,229.55078125,0.0210915321008639,1,0.0210915321008639,0.0081520059285239,0,3,12
2025-12-12,26046.94921875,216300,54.40322939801253,24945.6341356555,51.18155660145203,90.77650366867782,206.0107421875,13.714132046348562,0.0057299900196514,-0.0053271827285432,-0.0059535283107892,0.0051354624334275,0.0052899654928702,1.008220080645296,1.0321659649276864,-39.59494706722579,0.0094668953590486,0.0106823238093875,0,259495.0,21150000,159.048828125,0.0206852333887853,1,0.0206852333887853,0.0079092081171334,0,4,12
2025-12-15,26027.30078125,181600,53.67670636273644,24956.39698785047,51.4093927191534,82.90308147877295,203.6750837053572,12.84674815695246,-0.0007543469807149,0.0025712089301359,-0.0056712498686761,0.0051334655612788,0.0052205844460318,1.0080414212279958,1.0321596566468496,-31.493688759619545,0.0102510683525069,0.0099043620919985,0,254485.0,20968400,142.400390625,0.0206754511588124,1,0.0206754511588124,0.0078254401183269,0,0,12
2025-12-16,25860.099609375,264400,47.82388171816535,24965.38905373629,37.66404955388498,73.85527509379536,190.8715122767857,12.460546807079451,-0.0064240688375742,0.0007913891419142,-0.006611028439389,0.0052411879182709,0.0053469068302556,1.0074943264326786,1.0319467212997273,-36.19122553991038,0.016898436490164,0.0038114391545154,0,253705.0,20704000,192.951171875,0.0211097524487598,1,0.0211097524487598,0.0073809271874416,0,1,12
2025-12-17,25818.55078125,206500,46.46795154093237,24973.87822515433,23.15124967877273,63.71447001079083,190.1752232142857,12.466599120914372,-0.0016066770334456,0.0023507563184252,-0.006443824318864,0.0052374523466593,0.0051899858506229,1.0069008997997624,1.0316832458445082,-40.563220332018105,0.0186603919264747,0.0032405198595604,0,251525.0,20497500,158.80078125,0.0222979456487407,1,0.0222979456487407,0.0073658364803494,0,2,12
2025-12-18,25815.55078125,197600,46.36573132921675,24982.253076458765,11.277674281707732,53.227110864974215,195.01088169642856,12.717573772163094,-0.0001161955225689,-0.0032048125279693,-0.0083813979449752,0.005171035764269,0.0050096320597783,1.006352812345645,1.031416537441858,-41.94943658326648,0.0180941079866272,0.0038988350611063,1,249385.0,20299900,176.048828125,0.0224052590817714,1,0.0224052590817714,0.0075540081770428,0,3,12
2025-12-19,25966.400390625,382900,52.07467706330196,24992.045587047487,13.88008206284212,45.3577051045478,193.31068638392856,12.284882789304154,0.0058433620360547,-0.0030924476969846,-0.0084031563915676,0.0051678645663894,0.0051197832879115,1.0061792044193478,1.0313251160591614,-31.47762304170568,0.0119254127966235,0.0098232896878615,1,256750.0,20682800,177.798828125,0.0222902694896961,1,0.0222902694896961,0.0074446470621981,0,4,12
2025-12-22,26172.400390625,253000,58.56141280256768,25003.79041096368,32.19387639777415,42.72493936319307,195.9105747767857,12.083830679563777,0.0079333291061156,0.0055749003938021,0.0081604435576154,0.0050442223080454,0.0053346279591935,1.0064507313734143,1.0314640775971342,-10.531062965418926,0.0047463893047612,0.0175891314915038,0,246165.0,20935800,214.298828125,0.023063862439056,1,0.023063862439056,0.0074853881131575,0,0,12
2025-12-23,26177.150390625,216600,58.70022254291742,25015.465634641903,46.55432635935722,43.4908167624259,191.5570591517857,12.18117967033814,0.0001814888939914,0.0122602304723937,0.0130613222275812,0.0046788193295481,0.0052786069644839,1.006672313980601,1.031588789694888,3.0635095969313184,0.0052692250108821,0.0173557365282246,0,243970.0,21152400,114.5,0.023353854068945,1,0.023353854068945,0.0073177200838632,0,1,12
2025-12-24,26142.099609375,188800,57.17815503262558,25026.675922947707,54.47878379240137,45.688410168420994,188.27845982142856,12.287303308215243,-0.0013389838361685,0.0125316417201839,0.0149118568745632,0.0045182811796987,0.0044971222814283,1.006763755427874,1.0316538705166132,8.79037362398038,0.0062379980743223,0.0159009168203136,0,239645.0,20963600,113.400390625,0.022824322205979,1,0.022824322205979,0.0072021169926959,0,2,12
2025-12-26,26042.30078125,142200,52.96690356380303,25036.78164293081,52.10540336908525,46.971808808553845,182.4462890625,11.581327744888872,-0.003817552133005,0.0087834655135341,0.0055505036252481,0.0045652969897119,0.0045702572028703,1.0066021595829229,1.0315874282993742,5.133594560531407,0.0092075736403606,0.0119084228746817,0,234740.0,20821400,135.599609375,0.0216938512178352,1,0.0216938512178352,0.0070057669095757,0,4,12
2025-12-29,25942.099609375,234300,49.05993390282125,25045.78978190041,41.65886763578965,45.90922057400101,174.75348772321428,11.139017537833388,-0.0038476313101776,-0.0009358548310289,-0.0040254084458967,0.0043609490724969,0.0046379375584189,1.0062205977479883,1.031395633717534,-4.250352938211364,0.0120631645063275,0.0080549671648169,0,236330.0,20587100,186.5,0.0205994841800986,1,0.0205994841800986,0.0067362892886303,0,0,12
2025-12-30,25938.849609375,396900,48.93385566382872,25054.67594933797,32.74025567795252,43.27542759479131,165.1962890625,10.983592427541415,-0.0001252789885528,-0.0089235522063026,-0.0033983997272095,0.0043597221505431,0.0046367507600291,1.0058586801636695,1.031196883999778,-10.535171916838792,0.0112371772316586,0.0078911916952131,1,245485.0,20190200,98.75,0.0195925142949096,1,0.0195925142949096,0.0063686821717333,0,1,12
2025-12-31,26129.599609375,246300,56.06966955158195,25065.371707149287,40.59615507648414,42.73957309112988,167.76771763392858,10.872826601058131,0.007353834224439,-0.0018164995249838,0.0104214602445806,0.004397415146825,0.0047884695469393,1.00593403989461,1.0312157293437312,-2.14341801464574,0.0043262484665536,0.0152322305547851,0,245060.0,20436500,249.099609375,0.020176598888614,1,0.020176598888614,0.0064206003973262,0,2,12
2026-01-01,26146.55078125,425600,56.64939909390267,25076.12970788661,47.64065800180833,43.71979007326557,157.38197544642858,10.823005409809197,0.0006487344669803,0.0001702683388675,0.0127040438008705,0.0043030727199833,0.0047665453995301,1.006013666484434,1.0312405210104554,3.920867928542762,0.0043368725336557,0.0159183699736412,1,253055.0,20862100,84.150390625,0.0209024813457892,1,0.0209024813457892,0.0060192251269826,0,3,1
2026-01-02,26328.55078125,357500,62.3884323472671,25088.591609114104,67.1354604874432,48.4029241561011,161.84988839285714,11.519791872151163,0.0069607651702385,0.0109917323513173,0.0198717433668931,0.0046197819115483,0.0049851142201906,1.0064524590376371,1.0314614223979088,18.732536331342097,-0.0006342552203113,0.0235727791169671,0,258525.0,21219600,221.599609375,0.0238227682310191,1,0.0238227682310191,0.006147314743511,0,4,1
2026-01-05,26250.30078125,338800,58.78506715071018,25100.15090435924,75.40192442362604,53.8027242096061,163.33189174107142,12.327048013773572,-0.002972058760474,0.0118803480256324,0.0109333749135094,0.0046415231470325,0.0048821002687225,1.0066403612558643,1.031568211432793,21.599200214019945,0.0027950156068256,0.0208691314242484,0,263000.0,20880800,163.1484375,0.0245003133247133,1,0.0245003133247133,0.0062220960095716,0,0,1
2026-01-06,26178.69921875,383000,55.619482117060834,25110.882728383025,75.30741198703254,58.10366176509139,160.20675223214286,12.440679297216892,-0.0027276473171363,0.0092467327189527,0.0002406668104946,0.0040883940896477,0.0044872686975464,1.006624271862397,1.0315742722789876,17.20375022194115,0.0062254974749105,0.0180455273865141,0,266115.0,20497800,149.19921875,0.0250495895395324,1,0.0250495895395324,0.0061197369240331,0,1,1
2026-01-07,26140.75,338200,53.96092150906759,25121.130163921505,71.34787155110462,60.75250372229404,157.38169642857142,12.143772049819344,-0.0014496220164682,0.0004267340790402,-0.0013905406081953,0.004114204233468,0.004351217815143,1.006503639106386,1.031523458336053,10.59536782881058,0.007958844740761,0.0157407411811845,0,269225.0,20159600,119.25,0.02441024109341,1,0.02441024109341,0.0060205501536326,0,2,1
2026-01-08,25876.849609375,328500,44.11025065354498,25128.64976039368,46.38070333575888,57.87814364498701,164.97112165178572,11.95341020421076,-0.0100953641584499,-0.0103149808986815,-0.010146468874477,0.0051907232310589,0.0049065855093646,1.00580633211286,1.0311583102806672,-11.497440309228132,0.0177823531861723,0.0047876827417965,0,275255.0,19831100,282.30078125,0.0230068848247281,1,0.0230068848247281,0.0063752398047719,0,3,1
2026-01-09,25683.30078125,348800,38.55165958463047,25134.16867602409,10.851184076323989,48.47275173125441,174.95689174107142,12.847913042264,-0.0074796132854935,-0.0245076155296598,-0.0137852643288135,0.0055291709808885,0.0050339462429332,1.0047613626162806,1.0305756606240726,-37.62156765493042,0.026380815971359,-0.0009456478286082,0,282390.0,19482300,317.599609375,0.0257441831516076,1,0.0257441831516076,0.0068120874817148,0,4,1
2026-01-12,25790.25,275800,42.8381625999692,25140.696848401964,-8.577432469686755,37.062714891066186,183.9176897321429,14.227821339290154,0.0041641539637333,-0.0175255432341028,-0.0058534047614297,0.0057083682188961,0.0049448942318138,1.0040654651104663,1.030132709162843,-45.64014736075294,0.0222757722032561,0.0043517338675478,0,285365.0,19758100,339.75,0.0270765839344166,1,0.0270765839344166,0.0071312875886097,0,0,1
2026-01-13,25732.30078125,339500,41.16263792958842,25146.58345469896,-28.32426422260687,23.985319068331577,196.9176897321429,14.945359885843848,-0.0022469428853927,-0.0170519716724609,-0.0079629139778947,0.0057293013733655,0.004960436497116,1.003320126384431,1.0296327620768295,-52.30958329093845,0.0248726768351552,0.0035506865533036,0,293260.0,19418600,296.5,0.0288541416658905,1,0.0288541416658905,0.0076525488881129,0,1,1
2026-01-14,25665.599609375,393100,39.25922808909005,25151.747794546485,-48.79353626722877,9.429548001219503,202.23200334821428,15.61164567907228,-0.0025921184600641,-0.0181766166091256,-0.017757639111834,0.0049729190680521,0.0047931206784611,1.0025154683181448,1.029068750917289,-58.22308426844827,0.0281152656359834,0.0022979763062042,0,299695.0,19025500,187.80078125,0.0308056684220668,1,0.0308056684220668,0.0078794965411345,0,2,1
2026-01-16,25694.349609375,434000,40.535594195614486,25157.146817579607,-61.98121623076804,-4.852604845178005,207.62486049107144,15.685861028337488,0.001120176439965,-0.0070526359566537,-0.017294869050157,0.00500064877032,0.0047947696122877,1.0018683724365594,1.028554017513609,-57.128611385590034,0.0273001688017303,0.0042329924473718,0,311070.0,19459500,211.099609375,0.0319834567952107,1,0.0319834567952107,0.0080805649353862,0,4,1
2026-01-19,25585.5,443100,37.3366679778916,25161.409038300208,-80.29026519814943,-19.940136915772293,208.5891462053572,16.46655284555914,-0.0042363247573811,-0.003807952181964,-0.0282222438835929,0.0039893226698586,0.0048774136084935,1.001063060870718,1.027927825928297,-60.350128282377135,0.0324369488239265,0.0016620867194144,0,323345.0,19016400,200.0,0.03445470292869,1,0.03445470292869,0.0081526312249265,0,0,1
2026-01-20,25232.5,409800,29.26958158683007,25162.11641105344,-121.87951706491732,-40.328012945601294,231.11774553571428,18.23131466875874,-0.0137968771374411,-0.0216263898178574,-0.0387729188222099,0.0052841540181687,0.0054857870830806,0.9995933367752128,1.02691454687911,-81.55150411931604,0.0497139867651278,-0.0065626483408863,0,324690.0,18606600,414.150390625,0.0430606838894263,1,0.0430606838894263,0.0091595262275127,0,1,1
2026-01-21,25157.5,395600,27.89074588403168,25162.0704766151,-159.05765437289665,-64.07394123106036,240.5498046875,20.46939975586981,-0.0029723570791637,-0.0223377142268146,-0.0390087838290523,0.0052785101688499,0.0050304413120062,0.998151846097733,1.0258537524155928,-94.98371314183628,0.0542869876022327,-0.004085670899208,1,331820.0,18211000,381.1484375,0.050044839034112,1,0.050044839034112,0.0095617531427009,0,2,1
2026-01-22,25289.900390625,486400,33.81793778088279,25163.342416057985,-175.8113472637924,-86.42142243760678,254.4140625,21.73506636612569,0.0052628596094603,-0.0146382404645931,-0.0325487833889617,0.0060092256966976,0.0052672240698464,0.9971911790773194,1.0249872927616313,-89.38992482618563,0.0484818429063294,0.004393714531837,0,345310.0,18697400,278.25,0.0530790982374343,1,0.0530790982374343,0.010059907653662,0,3,1
2026-01-23,25048.650390625,393900,29.120886372822994,25162.201201874574,-206.17892605564705,-110.37292316121484,261.6318359375,23.263747390106698,-0.0095393811867061,-0.0251300082923447,-0.0320054114489249,0.0059414265522461,0.0055485348207878,0.995839140046364,1.023875092747898,-95.8060028944322,0.0591856229274218,-0.000224342476621,1,355565.0,18303500,322.6484375,0.0587478922312229,1,0.0587478922312229,0.0104449474066443,0,4,1
2026-01-27,25175.400390625,618700,34.28513499287635,25162.332537086026,-217.5104601398016,-131.8004305569322,272.4140625,24.89802840161719,0.0050601528634628,-0.0160285946874205,-0.0197755107472709,0.0062600051985614,0.0057567366892693,0.9949532499636946,1.0229540463907028,-85.7100295828694,0.0536068015841246,0.0080087417220861,1,379390.0,18922200,314.099609375,0.0618070722929705,1,0.0618070722929705,0.0108206446877978,0,1,1
2026-01-28,25342.75,574900,40.4539692253019,25164.127735721984,-210.55986461296925,-147.55231736813963,275.8069196428572,25.66899590766057,0.0066473464881742,0.0043693649063707,-0.0173515185002084,0.006572174074049,0.0060206018563151,0.9945661941962214,1.022262136726285,-63.00754724482962,0.046022680162479,0.0162976016143737,0,396420.0,19497100,196.69921875,0.0630028772612142,1,0.0630028772612142,0.0108830698974206,0,2,1
2026-01-29,25418.900390625,582400,43.07270766765674,25166.66278701456,-196.64002368467845,-157.3698586314474,288.59974888392856,25.898530512226024,0.0030048195489833,0.0103905551276954,-0.0121792603502194,0.0067340558275052,0.0060889578891254,0.9944159245412132,1.0216832234861264,-39.27016505323104,0.0420085423017266,0.0204096720589962,0,405695.0,20079500,298.349609375,0.0633555327444488,1,0.0633555327444488,0.0113537464032224,0,3,1
2026-01-30,25320.650390625,508400,40.592273047933766,25168.19500197585,-191.3308602943107,-164.16205896402008,283.0961216517857,26.111669787893952,-0.0038652340774046,0.0012159003999636,-0.0134401387070652,0.0067751207354204,0.0057887863428736,0.9940907552923568,1.0210106886411232,-27.16880133029062,0.0440331974019231,0.0177848744275227,0,418800.0,19571100,205.25,0.0626023994645866,1,0.0626023994645866,0.0111804443126232,0,4,1
2026-02-02,25088.400390625,449200,35.40230173932687,25167.401025743504,-203.51791621018856,-172.0332304132538,306.21400669642856,27.657873525322767,-0.0091723552285208,0.0015869118447546,-0.0235829755554081,0.0071336089771203,0.0060045220354212,0.9933205281228598,1.0200945892557358,-31.48468579693477,0.0516864580201031,0.010898302761911,1,419980.0,19121900,641.25,0.0629272661812762,1,0.0629272661812762,0.0122054017764661,0,0,2
2026-02-03,25727.55078125,637300,53.15359129471928,25172.974655151527,-159.76053095242605,-169.57869052108825,371.43178013392856,26.466231423113783,0.0254759323302189,0.0219321393923337,0.0055520033319653,0.0112599377737651,0.008411258720286,0.9940759154682952,1.0199535067754208,9.818159568662196,0.0216299824807856,0.0338772116716472,0,433970.0,19759200,1252.798828125,0.0573000630880171,1,0.0573000630880171,0.0144371216402233,0,1,2
2026-02-04,25776.0,429800,54.18142497830379,25178.97490733908,-119.7921514803602,-159.62138271294265,368.4390345982143,25.152417368432584,0.0018831648283172,0.017095619062651,0.0215396809670067,0.0100583678296857,0.008425061254342,0.9948607071888396,1.0198673421046438,39.82923123258245,0.0163358613935368,0.0341594075823363,0,438520.0,20189000,254.6015625,0.0522728970494421,1,0.0522728970494421,0.0142938793683354,0,2,2
2026-02-05,25642.80078125,343800,50.876487517117454,25183.590090164063,-97.73832003950884,-147.2447701782559,369.0604073660714,23.932447174800043,-0.0051675674561607,0.0088084215754502,0.0192905010931134,0.0102061437453036,0.0084707987020721,0.9952704601960186,1.0196237369617962,49.506450138747056,0.0180147098666749,0.0276318782452874,0,436560.0,19845200,196.5,0.0470586969555568,1,0.0470586969555568,0.0143923594974823,0,3,2
2026-02-06,25693.69921875,375500,52.0793689129144,25188.66580288632,-75.28557594722224,-132.85293133204917,369.1282087053572,22.543284421727726,0.0019849016468285,0.0147329875958921,0.0159668018413663,0.0101406708146252,0.0084959748904322,0.995755713789134,1.019443049396109,57.567355384826925,0.0125510013384879,0.0278509814071666,1,438425.0,20220700,212.048828125,0.0417711082401041,1,0.0417711082401041,0.0143664875019625,0,4,2
2026-02-09,25867.30078125,359400,56.03381819170808,25195.418389735703,-42.98788170458283,-114.8799214065559,371.1675502232143,21.811596129158968,0.0067565810988132,0.0310462356506417,0.0326824151344855,0.0094306319313842,0.0083631198056207,0.9965730212065472,1.019463830676446,71.89203970197306,0.0056836387024122,0.0343403238362286,0,439970.0,20580100,228.55078125,0.0416606471532684,1,0.0416606471532684,0.0143489092024729,0,0,2
2026-02-10,25935.150390625,460900,57.50963465675699,25202.778907157488,-11.781025562006109,-94.26014223764597,350.31026785714283,21.29760491099517,0.0026229876069705,0.0080691555577958,0.0301782687946017,0.0094104339158605,0.0081899543743377,0.9974441834744984,1.0195540576092947,82.47911667563986,0.0046559300163725,0.0374988223356091,0,445575.0,21041000,122.1484375,0.0439719462993171,1,0.0439719462993171,0.0135071616158344,0,1,2
2026-02-11,25953.849609375,331400,57.92877508279918,25210.25224747806,14.294722775481205,-72.54916923502051,330.91392299107144,20.871394020651184,0.0007209990483325,0.0068998141439711,0.0241133898008305,0.0093427757436082,0.0081453809418381,0.99825133816099,1.019653546410335,86.84389201050172,0.0050588868388744,0.0386887275469643,0,448355.0,21372400,109.599609375,0.0456517356135918,1,0.0456517356135918,0.0127500901782038,0,2,2
2026-02-12,25807.19921875,419400,53.47371194981854,25216.19201833649,22.86293065071368,-53.46674925787367,325.4281529017857,19.961097985234296,-0.0056504292362096,0.0064110952193727,0.0152759884242754,0.0096779369447323,0.0082374704794733,0.9986392425292216,1.0195711765911477,76.32967990858735,0.0111698689908909,0.0333355134793248,0,452350.0,20953000,201.44921875,0.0461732893237027,1,0.0461732893237027,0.0126099756173986,0,3,2
2026-02-13,25471.099609375,453500,44.94290481672745,25218.72841227717,2.504002960075013,-42.27259881428394,328.3031529017857,18.906806803232943,-0.0130234825765521,-0.0086635874219527,0.0059417596479158,0.0106343230234979,0.0087371382892815,0.9982482761275144,1.019097599469326,44.77660177435895,0.0239919928199745,0.0208230673765164,1,455370.0,20499500,362.8984375,0.0459065444006921,1,0.0459065444006921,0.0128892414515527,0,4,2
2026-02-16,25682.75,275800,50.31798271587606,25223.34554250327,3.4085323353865533,-33.13637258434984,329.0318080357143,18.13046664965396,0.0083094328030934,-0.0071345202505153,0.0236902154031748,0.0102722310588968,0.0089459513892677,0.9983767079846428,1.0188836972601412,36.5449049197364,0.0155026467663554,0.0288869115574119,0,447460.0,20775300,324.30078125,0.0458495572058905,1,0.0458495572058905,0.0128113931738507,0,0,2
2026-02-17,25725.400390625,344100,51.34873481814146,25228.341113131348,7.480675886297831,-25.012962890220308,328.8461216517857,17.182356053545945,0.0016606629206374,-0.008087479611293,-8.358318455126135e-05,0.0063296758521686,0.0088954854066004,0.998587483592086,1.018721962313163,32.49363877651814,0.0143585117629091,0.0304925840201966,0,442510.0,21119400,194.099609375,0.0463904870760175,1,0.0463904870760175,0.0127829350236906,0,1,2
2026-02-18,25819.349609375,310200,53.63085713988405,25234.22179468601,18.080376450270705,-16.394295022122108,320.59974888392856,16.084205453997935,0.0036520021971839,-0.0051822755400191,0.0016817818658829,0.0064120259853115,0.0082729795274626,0.998980902328858,1.0186689990193092,34.474671472392814,0.0117517876979973,0.0328316736574357,0,437530.0,21429600,182.900390625,0.0462289163540715,1,0.0462289163540715,0.0124170342682651,0,2,2
2026-02-19,25454.349609375,298200,44.83215238681437,25236.412121200334,-2.937868138644262,-13.70300964542654,341.40694754464283,15.850045315359482,-0.0141366845223501,-0.0136725262739336,-0.0073490869223924,0.007734997790297,0.0089194796829736,0.9985304306000822,1.0181905961285191,10.765141506782278,0.0258113896052092,0.0173485524504285,0,432660.0,21131400,496.55078125,0.04409458358617,1,0.04409458358617,0.01341251899121,0,3,2
2026-02-20,25571.25,296600,47.78671247519976,25239.7438413874,-10.046286520118883,-12.971665020365007,315.87486049107144,15.658868794458668,0.0045925506806878,0.0039319225381277,-0.0047657294384704,0.0078785775827775,0.0089023757872802,0.998399239841278,1.017863176288058,2.925378500246124,0.0211097098920102,0.0207284146752137,1,423170.0,21428000,283.80078125,0.0429168281071601,1,0.0429168281071601,0.0123527344377404,0,4,2
2026-02-23,25713.0,313700,51.19959986147227,25244.452857891007,-4.19338027745107,-11.216008071782223,240.6891741071429,15.064039779992756,0.0055433347998239,0.0011778333706475,-0.0059650901559024,0.007763783712612,0.0086338550562644,0.9986005750281524,1.0177080954086204,7.022627794331154,0.0146133276473093,0.022675974703273,0,419160.0,21741700,200.19921875,0.0384128716894577,1,0.0384128716894577,0.00936060257874,0,0,2
2026-02-24,25424.650390625,439100,44.78648676674737,25246.245868166967,-22.56223020524704,-13.485252498475187,250.0319475446429,15.350789138285633,-0.0112141566279703,-0.011690780140767,-0.0196837108060315,0.0083427906976222,0.0090233952281436,0.9981512477365568,1.0172213368732772,-9.07697770677185,0.0252725716818216,0.009763631777366,0,410180.0,21302600,385.400390625,0.0356697860045841,1,0.0356697860045841,0.009834233458598,0,1,2
2026-02-25,25482.5,414200,46.24133129105031,25248.59665554839,-32.08187620759054,-17.20457724029826,252.2783203125,15.572783294747756,0.0022753354908011,-0.0130464018060583,-0.0181610672971126,0.0084123669947573,0.0089197915855497,0.9978936152077632,1.016818289994912,-14.87729896729228,0.0226874099655548,0.0112056025977532,0,402145.0,21716800,227.94921875,0.0345750054010077,1,0.0345750054010077,0.0099000616231727,0,2,2
2026-02-26,25496.55078125,405200,46.60930896407616,25251.063860779253,-38.05382284808729,-21.374426361856067,249.4176897321429,15.86015859523246,0.0005513894339252,0.0016579159366718,-0.0120372782364659,0.0083250466312186,0.0088976613133833,0.9977080565591808,1.0164445438633454,-16.679396486231227,0.0220302878248528,0.0113524265271313,0,393285.0,22122000,172.0,0.0340680552745067,1,0.0340680552745067,0.0097824090745467,0,3,2
2026-02-27,25178.650390625,438900,39.94689959877203,25250.34332873792,-67.65861194279933,-30.631263478044723,258.46763392857144,16.846073302633815,-0.0124683685002122,-0.0153531645646967,-0.0114816094803523,0.0082386948027244,0.0093027649752631,0.9968595802047228,1.0157161825995782,-37.0273484647546,0.0356297414658666,0.0001294505370363,0,389810.0,21683100,355.25,0.0360482944134342,1,0.0360482944134342,0.010265349012702,0,4,2
2026-03-02,24865.69921875,519200,34.689963512452465,25246.516024160926,-115.04697480825416,-47.514405744086616,290.82491629464283,18.858372681802297,-0.0124292274216383,-0.0329522335491774,-0.0318132124188413,0.0082105416340338,0.0094938927579729,0.9954461941331004,1.0146562762939673,-67.53256906416755,0.0506152917268351,-0.0096074925774093,0,393310.0,21163900,575.150390625,0.0408432665772682,1,0.0408432665772682,0.0116958269999238,0,0,3
2026-03-04,24480.5,599000,29.537480529719986,25238.89397416928,-181.59167570217687,-74.32985973570467,323.01771763392856,21.179718552115386,-0.0154911878954741,-0.0371352359273008,-0.0483918761893662,0.0088495930123051,0.0079025725154514,0.9933839154742452,1.0131975488182277,-107.2618159664722,0.0726285392198152,-0.0149176710291586,1,391395.0,20564900,560.298828125,0.0567269851588861,1,0.0567269851588861,0.0131948987003504,0,2,3
2026-03-05,24765.900390625,504300,37.00340586364816,25234.18757035292,-208.89143383756164,-101.24217455607608,335.3212890625,22.309221250970324,0.0116582745705766,-0.0281212443588737,-0.0408007651117398,0.0099981527205025,0.0084668983559541,0.992238474929584,1.012133806851205,-107.64925928148556,0.061044216179765,0.001633323193638,0,395120.0,21069200,373.69921875,0.0624506734212934,1,0.0624506734212934,0.0135396365071965,0,3,3
2026-03-06,24450.44921875,433400,32.85917115026558,25226.389178794685,-253.0638001178486,-131.60649966843056,334.4107142857143,23.55653816080087,-0.012737318930444,-0.0410291404306066,-0.0394392473597225,0.0098509625713162,0.0087810687183625,0.9905711549265208,1.0107523509012564,-121.45730044941804,0.0772508853147215,-0.0038532051488516,0,399600.0,20635800,350.150390625,0.0723696919231641,1,0.0723696919231641,0.0136770785392879,0,4,3
2026-03-09,24028.05078125,526900,28.290244488826048,25214.46541364499,-318.48346329907145,-168.98189239455874,365.00697544642856,25.707657067709626,-0.0172756923081839,-0.0456974298274308,-0.0603489942318032,0.010160875967897,0.0093212113654996,0.9882135928689362,1.0089447111919645,-149.5015709045127,0.1002903731521516,-0.0104661547406218,1,407170.0,20108900,752.6484375,0.0873219647698485,1,0.0873219647698485,0.0151908691541162,0,0,3
2026-03-10,24261.599609375,444300,33.77339476958866,25204.984161861208,-347.47806823963765,-204.6811275635745,370.8391462053572,26.90977432284597,0.0097198407915488,-0.0242944951622143,-0.0564461708328472,0.0107632979177861,0.0095111613790867,0.986716974851997,1.007490801094824,-142.79694067606314,0.0894039838983396,0.0055844610364095,0,411415.0,20553200,275.75,0.0935360160820755,1,0.0935360160820755,0.0152850245728257,0,1,3
2026-03-11,23866.849609375,407400,29.64707493129376,25191.66939019468,-397.7248035265293,-243.28986275616552,390.9676339285714,28.347394185637047,-0.0162705677430874,-0.0250669059302302,-0.0612712763918444,0.0111604248162501,0.0098395790134167,0.9845770037367408,1.0056463225782937,-154.43494077036377,0.1077620875140655,-0.00185714031952,0,408740.0,20145800,464.69921875,0.103010232146869,1,0.103010232146869,0.0163811998788058,0,2,3
2026-03-12,23639.150390625,501000,27.555736672060263,25176.221439950205,-450.72346767122144,-284.7765837391767,377.68178013392856,30.011881091262897,-0.0095403969303329,-0.0454960240584075,-0.0723378636073776,0.010776809985836,0.0098424601709775,0.9822515753144008,1.0036235418984154,-165.94688393204473,0.1182930336330431,-0.0018548605887129,0,417220.0,19644800,310.548828125,0.1126931241215819,1,0.1126931241215819,0.0159769608422015,0,3,3
2026-03-13,23151.099609375,519800,23.69716188564168,25156.07097397433,-526.0430136658215,-333.0298697245057,395.0638950892857,32.007762740861715,-0.0206458681122294,-0.0531421569293125,-0.091990920340481,0.0111123150455879,0.0104763338215026,0.9791811991074952,1.0011282955829346,-193.0131439413157,0.1441546932828379,-0.0092153756165962,1,422240.0,19125000,527.150390625,0.1285843253514316,1,0.1285843253514316,0.0170645844800091,0,4,3
2026-03-16,23408.80078125,540300,29.32470211606497,25138.6852009124,-558.5019033562821,-378.124276450861,419.81752232142856,34.00283495036952,0.0111312713531173,-0.0257719615143823,-0.0702916789389944,0.0128008842633622,0.010929312800161,0.9771508528566512,0.9990506973418553,-180.37762690542115,0.1318920390454614,0.0110377696592648,1,426580.0,19665300,546.75,0.1382866250788238,1,0.1382866250788238,0.0179341746826131,0,0,3
2026-03-17,23581.150390625,458800,32.88959409971412,25123.18734210357,-563.8192765441818,-415.2632764695252,414.4461495535714,35.30933715440757,0.0073625988356076,-0.0280463460656182,-0.0516594694090236,0.0134157660915917,0.0108743890447638,0.97584803963376,0.9972730248900308,-148.5560000746566,0.1206273474567639,0.024186151914343,1,435730.0,20124100,310.201171875,0.1417406944305026,1,0.1417406944305026,0.0175753151431636,0,1,3
2026-03-18,23777.80078125,382900,36.80630630846443,25109.800411149805,-545.8728081196678,-441.3851827995537,418.2426060267857,35.826871611871454,0.0083393043752089,-0.0037310675511199,-0.0287044471620269,0.01350261044991,0.0111626551336884,0.9752436459709406,0.9958105220874602,-104.48762532011403,0.1064724587648381,0.0355603668829177,0,437670.0,20507000,281.099609375,0.1407327766072905,1,0.1407327766072905,0.0175896252927054,0,2,3
2026-03-19,23002.150390625,550100,29.494445472233693,25088.828769154537,-587.4666568042303,-470.6014776004891,466.4891183035714,37.07648876890513,-0.0326207792621695,-0.0269468229388069,-0.0712168736924928,0.0153578369639592,0.0127150826092381,0.9730302310973694,0.9935129341851292,-116.8651792037412,0.1396588904901406,0.0111615803286669,0,449665.0,19956900,847.451171875,0.14539697783282,1,0.14539697783282,0.0202802394724668,0,3,3
2026-03-20,23114.5,663300,31.613614347003026,25069.18370677489,-604.3972912729987,-497.3606403349911,465.6141183035714,38.23684755757926,0.0048843089653387,-0.0015809015551113,-0.0546390459658924,0.0156665941719925,0.0127607530917925,0.9714458044025356,0.991457639181027,-107.0366509380076,0.1306414002853826,0.0226126618987638,0,467920.0,20620200,343.0,0.1491776153776547,1,0.1491776153776547,0.0201438109543174,0,4,3
2026-03-23,22512.650390625,550300,26.941943329429208,25043.74556432564,-658.7851100089465,-529.6455342697822,470.4783761160714,39.84286503885325,-0.0260377516007268,-0.0382826270768555,-0.0630679701995438,0.0166151929714391,0.0134046159261267,0.9687701806866476,0.9887968020496464,-129.13957573916434,0.1577417190022551,0.0069434135009298,1,480605.0,20069900,643.25,0.1571168997356583,1,0.1571168997356583,0.0208984001418151,0,0,3
2026-03-24,22912.400390625,538100,33.92608897979227,25022.53814966195,-662.0002373945572,-556.1164748947372,469.3606305803572,40.696038886624976,0.0177566831565274,-0.0283595154995436,-0.0556104807792084,0.0176424400502163,0.0142239514215094,0.9674620231046523,0.9867342777389564,-105.88376249982002,0.129121690719799,0.0280711883350795,1,491825.0,20608000,544.650390625,0.1535198614494884,1,0.1535198614494884,0.0204850047388489,0,1,3
2026-03-25,23306.44921875,505400,40.01365677958581,25005.462637911583,-625.5409550411823,-570.0013709240262,482.16420200892856,40.33697687125145,0.0171980596274072,-0.0198231773760878,-0.0234802833133398,0.0185375747374147,0.0150349680036778,0.9673484981147096,0.9852373537281304,-55.539584117156096,0.1018860312545631,0.0454470694663912,0,495140.0,21113400,552.94921875,0.1470119703954978,1,0.1470119703954978,0.0206880163290179,0,2,3
2026-03-27,22819.599609375,612600,35.64415796676654,24983.712757030626,-628.6843242581526,-581.7379615908516,493.0033482142857,40.31413290005605,-0.0208890511293899,-0.0079362484876371,-0.0346692147436493,0.0193646396460453,0.015395209914586,0.966229335870799,0.9832434555802524,-46.94636266730106,0.116031406621233,0.0273882660232939,0,505060.0,20500800,501.8984375,0.1409005459441899,1,0.1409005459441899,0.0216043820511094,0,4,3
2026-03-30,22331.400390625,698600,31.884177886604505,24957.32158920569,-662.9272512172283,-597.9758195161269,477.5106026785714,40.84049812306296,-0.0213938555937428,-0.0338791498572325,-0.0354064918116486,0.0194401587927032,0.0157279018672847,0.9642239697349816,0.980773397872676,-64.95143170110146,0.1304787268954503,0.0103481337363116,1,519730.0,19802200,535.75,0.1362985005418953,1,0.1362985005418953,0.0213829224466834,0,0,3
2026-04-01,22679.400390625,518000,36.98682347464176,24934.655706632748,-654.4403449747078,-609.2687246078431,501.3784877232143,40.731642067606906,0.0155834382937352,0.0074069466325226,-0.0311592378200439,0.0198571246182512,0.0164027927769631,0.9634104890474424,0.9788370279500308,-45.17162036686477,0.1030003567533881,0.0264216401609544,0,523685.0,20320200,609.900390625,0.1278874391389634,1,0.1278874391389634,0.0221072197274875,0,2,4
2026-04-02,22713.099609375,495100,37.47527834171478,24912.550670839137,-637.6447930613467,-614.9439382985438,511.0249720982143,41.08490748973797,0.0014858954897207,-0.0086983806957017,-0.0368112143330846,0.0196022953805451,0.0163699583111259,0.9629062457085048,0.9770391856191812,-22.70085476280292,0.0926896750858027,0.0286693079157355,1,522480.0,20815300,599.75,0.1206496712640071,1,0.1206496712640071,0.0224991296162539,0,3,4
2026-04-06,22968.25,426400,41.192245735722665,24893.204395507408,-596.8654002239637,-611.3282306836278,521.3715122767857,40.8617836162216,0.0112336226676734,-0.0145109714300846,-0.0340464952456146,0.0198178489806566,0.0165062023782098,0.9631991487914108,0.9756366681035512,14.462830459664133,0.0740990757597727,0.0395916494076342,1,513850.0,21241700,455.400390625,0.1146658118262638,1,0.1146658118262638,0.0226996620237408,0,0,4
2026-04-07,23123.650390625,477000,43.3992331254767,24875.596892971265,-545.717236210643,-598.2060317890309,514.7571149553571,40.2659740837497,0.0067658785769486,0.0133241067527358,0.005282114843033,0.0170607646570859,0.0163118178158749,0.9639534256108808,0.974493693911766,52.48879557838791,0.0561088865530904,0.0423762185401175,1,512485.0,21718700,434.548828125,0.1003545181875193,1,0.1003545181875193,0.0222610663221259,0,1,4
2026-04-08,23997.349609375,639300,53.87913517623211,24866.85811403001,-429.72808471917233,-564.5104423750593,540.0964006696429,37.893160208512334,0.0377837929561599,0.0746011978473766,0.0381946228287437,0.020741276249571,0.0185335795361984,0.9668099967990758,0.974451732985235,134.78235765588693,0.013441139267065,0.0749128854551815,0,522780.0,22358000,901.5,0.0935238539921843,1,0.0935238539921843,0.0225065021538313,0,2,4
2026-04-09,23775.099609375,466600,51.278184853340086,24855.99484532697,-351.6855519584024,-521.9454642917278,540.4069475446429,35.91198169090979,-0.0092614394346771,0.0483125303084701,0.0560773252746698,0.0186159485634871,0.0182423113530043,0.9688926676694708,0.9741574618713462,170.25991233332542,0.0210623780854261,0.0654766652561146,1,519765.0,21891400,314.548828125,0.090803675334808,1,0.090803675334808,0.0227299551389281,0,3,4
2026-04-10,24050.599609375,481300,54.22787905826038,24847.98096238218,-264.55609692408325,-470.46759081819897,541.6820591517857,33.91349426608797,0.0115877537645043,0.0588867227724363,0.0496761229441378,0.0182682756745958,0.0183013774058381,0.9714704853495384,0.974214309110129,205.9114938941157,0.0073385577398365,0.075031427273446,0,521615.0,22372700,298.951171875,0.0874703820658159,1,0.0874703820658159,0.0225226010140984,0,4,4
2026-04-13,23842.650390625,488800,51.68437085536024,24837.977673110963,-209.86593624849047,-418.34725990425727,516.5069754464286,32.53630965299917,-0.0086463215939506,0.0380699613869146,0.0230065578347999,0.0181802446565444,0.0180280748555302,0.9733280217791704,0.9740310005532528,208.4813236557668,0.0159465443523286,0.0668878434964487,1,525685.0,21883900,495.0,0.0872075209471552,1,0.0872075209471552,0.0216631526690304,0,0,4
2026-04-15,24231.30078125,460300,55.85216651842642,24831.941087122297,-133.62243519925323,-361.4022949632565,523.310546875,30.53127057558052,0.0163006370624727,0.0479011908549731,0.0618635381882437,0.016617844566288,0.0182254221872717,0.9759584875521592,0.9743283342300316,227.77985976400328,0.0041336631592264,0.0838925397285141,0,523650.0,22344200,438.25,0.0940642062885475,1,0.0940642062885475,0.0215964694425292,0,2,4
2026-04-16,24196.75,508000,55.3946883753264,24825.6207777977,-75.12092336353089,-304.1460206433114,498.6604352678572,28.447191620637447,-0.0014258739785333,0.0083092672262066,0.0835303463618921,0.0139223029785972,0.0174940687383938,0.978253529707647,0.9745799980899424,229.02509727978048,0.0107284186887053,0.0834239140160737,1,523060.0,21836200,298.1484375,0.1002418195144757,1,0.1002418195144757,0.0206085707902035,0,3,4
2026-04-17,24353.55078125,498600,57.11158959511015,24820.923563901702,-15.922002214589156,-246.50121695756687,479.4603794642857,26.52466096240616,0.0064802414063871,0.0243301261142521,0.0738181063780258,0.0136770339982134,0.0174019617881177,0.9806977543042764,0.9750156386145422,230.5792147429777,0.0097062291557513,0.0909313986117584,0,520975.0,22334800,275.849609375,0.107622870439038,1,0.107622870439038,0.0196874937774341,0,4,4
2026-04-20,24364.849609375,415900,57.23931381553203,24816.385514602927,31.541697250700963,-190.89263411591327,457.0640345982143,24.74030691408658,0.0004639499277327,0.0130662023028109,0.0727223509079415,0.0137284475384227,0.0173609898691376,0.9829203887828512,0.975453189544227,222.43433136661432,0.0138482201140013,0.0927466764663781,1,518830.0,22750700,239.400390625,0.1138555707227921,1,0.1138555707227921,0.0187591568150844,0,0,4
2026-04-21,24576.599609375,425800,59.66371194568544,24813.999585197675,85.26064472634243,-135.66197834746222,438.8426339285714,23.32981252134872,0.0086907985641135,0.0307830382413605,0.0700249087054956,0.0136673706836217,0.0173681564416169,0.9854105926764742,0.9761307402561068,220.92262307380463,0.0103844532490988,0.1025847241018909,0,520975.0,23176500,246.798828125,0.121505343191119,1,0.121505343191119,0.0178561168307909,0,1,4
2026-04-22,24378.099609375,440500,56.43359133451672,24809.66227200541,110.54175007362574,-86.42123266324464,416.5532924107143,22.01539519070128,-0.0080767886182383,0.0060582314358703,0.0542496187910965,0.0144631922703449,0.0155837164233657,0.9871650286849446,0.9765485934856484,196.9629827368704,0.0231331277228704,0.0941548335364022,0,515495.0,22736000,223.69921875,0.1247654362673483,1,0.1247654362673483,0.017087192975884,0,2,4
2026-04-23,24173.05078125,467500,53.22784734791537,24803.32782931133,112.73197737479131,-46.590590655637456,390.3674665178572,20.60187215085426,-0.008411190019346,-0.0009794380960252,0.0073216907173099,0.0094888398089058,0.0157825048542432,0.988259673928067,0.9767113645089164,159.32256803042878,0.034640593075741,0.0849206133914949,0,505705.0,22268500,243.298828125,0.1258305919442105,1,0.1258305919442105,0.0161488704942716,0,3,4
2026-04-24,23897.94921875,438400,49.19052819401211,24794.319086917683,91.21784873752767,-19.02890277700443,375.5531529017857,19.97072341270301,-0.0113805065396787,-0.0187078084256514,0.0051671543502833,0.009757615058585,0.0146974865344998,0.988613847147858,0.9765478704598488,110.24675151453212,0.0461953432330913,0.0682344090852048,1,500110.0,21830100,392.349609375,0.1187105839009999,1,0.1187105839009999,0.0157148694837434,0,4,4
2026-04-27,24092.69921875,430300,51.96802589741647,24787.33779469711,88.85814283953005,2.548506346302465,359.64955357142856,19.384656727276845,0.0081492348241831,-0.0111697956272335,0.001750459866231,0.0093789975670649,0.0143457661769728,0.989418209286888,0.9766328405498128,86.30963649322759,0.039018275282935,0.0721469250246309,0,494720.0,22260400,232.75,0.1159741220550983,1,0.1159741220550983,0.0149277401550563,0,0,4
2026-04-28,23995.69921875,554100,50.48764625612828,24779.460793941416,78.25885026600736,17.690575130243445,344.66392299107144,18.69925080207843,-0.0040261159249649,-0.0236363207220664,0.0064191197546217,0.0090001552399276,0.0139906052022107,0.989930931289771,0.9766071092583474,60.56827513576391,0.0443975581786529,0.0667029550279256,1,497155.0,21706300,224.75,0.1152723188644982,1,0.1152723188644982,0.0143635707319482,0,1,4
2026-04-29,24177.650390625,531100,53.181782563528735,24773.472630724336,83.5773458606418,30.86792927632312,304.4853515625,17.639968282019193,0.007582657634449,-0.0082225120892078,-0.0022140945345581,0.0076376633827892,0.0130006346606279,0.9908382907863212,0.9768081132036158,52.709416584318674,0.037079794007771,0.0686515492049171,0,493080.0,22237400,339.0,0.1102179564426656,1,0.1102179564426656,0.0125936700482924,0,2,4
2026-04-30,23997.55078125,505500,50.26620444223321,24765.75201530668,72.42488957169917,39.17932133539833,309.21763392857144,17.280105500999888,-0.0074490120613553,-0.0072601510495368,-0.0082324782770413,0.0079755084173957,0.011957004751525,0.9912417698971264,0.97679375355319,33.24556823630084,0.0404355352177566,0.0502913994148354,1,483425.0,21731900,380.80078125,0.0935448535706401,1,0.0935448535706401,0.0128853830437634,0,3,4
2026-05-04,24119.30078125,419100,52.1749925530127,24759.31966471905,72.57410598838032,45.85827826599473,308.76743861607144,16.3821036292279,0.0050734344146123,0.009262366426251,-0.009618720576071,0.0078441950510664,0.0116324820027561,0.991908828911108,0.9769339066763624,26.7158277223856,0.0321020729823164,0.0460339263783827,0,478480.0,22151000,292.6484375,0.0807281905202364,1,0.0807281905202364,0.0128016745351135,0,0,5
2026-05-05,24032.80078125,363300,50.68655468890956,24752.09062110244,64.96367319816272,49.679357252428325,290.3567243303572,15.845638841137758,-0.0035863394542201,-0.0024861654958687,-0.0136281911626179,0.0078682728023386,0.0117255019234235,0.9923175164824634,0.9769729930780688,15.2843159457344,0.0306362163313715,0.0319284687656665,1,471890.0,21787700,237.25,0.0642315141798528,1,0.0642315141798528,0.0120816848178964,0,1,5
2026-05-06,24330.94921875,429200,55.40850546771898,24747.900159387493,82.04467758533428,56.15242131900952,284.6674107142857,14.821499578213125,0.0124058964335362,0.0139712536377367,-0.0099952961162004,0.008460136195352,0.0117722295226061,0.9933955568326654,0.977374249291044,25.892256266324765,0.0140918529293208,0.0342753399779502,0,472030.0,22216900,358.599609375,0.050129587817203,1,0.050129587817203,0.0116998070299252,0,2,5
2026-05-07,24326.650390625,440600,55.32624531050519,24743.708619399808,94.14932233926812,63.751801523061246,277.5210658482143,14.185843957912311,-0.000176681480297,0.0061627162934647,-0.0021104688049684,0.008083429368764,0.0117561674389724,0.9943470464160752,0.977759621141223,30.39752081620688,0.0089161481087445,0.0238045826598111,0,470210.0,21776300,198.099609375,0.0338225437977651,1,0.0338225437977651,0.0114081084486323,0,3,5
2026-05-08,24176.150390625,335900,52.39358145109468,24738.06127383986,90.55439361555182,69.11231994155936,272.10323660714283,13.180980570639973,-0.0061866306122441,0.007442409894369,0.0001282258248265,0.007859297496073,0.0084881378501974,0.9948453374421524,0.977955486284572,21.442073673992454,0.0153297064985481,0.0171209620691327,0,455040.0,21440400,200.0,0.0333235289395309,1,0.0333235289395309,0.0112550274634566,0,4,5
2026-05-11,23815.849609375,390100,46.09429122724844,24728.885038372548,57.96395245177701,66.8826464436029,281.93540736607144,13.056555126414889,-0.0149031494025498,-0.0125812590765855,-0.0034354248820055,0.0084823348482936,0.0089095852815184,0.9944601588596336,0.97772072484111,-8.918693991825883,0.0304586391348813,0.0018486626018891,0,451215.0,21050300,377.05078125,0.0326791177995055,1,0.0326791177995055,0.0118381419092892,0,0,5
2026-05-12,23379.55078125,447500,39.8467396555662,24715.45882685889,-3.034891757182777,52.899138803445766,297.69614955357144,13.850693575484351,-0.0183196835418901,-0.0271816009272483,-0.0296001884647693,0.0096043467465014,0.0093814505456601,0.9931289194724012,0.9769850545263876,-55.93403056062854,0.053691735916022,-0.0099050237388913,0,449525.0,20602800,467.44921875,0.0435397260559901,1,0.0435397260559901,0.0127331851813131,0,1,5
2026-05-13,23412.599609375,415400,40.50455369243056,24702.4950535506,-48.15504960030376,32.68830112269586,304.60323660714283,14.743300113387596,0.0014135784059419,-0.0377440929705815,-0.024300171629063,0.0096908215744746,0.0092395196305949,0.9920708286136898,0.976332478936725,-80.84335072299962,0.054524208590919,-0.0043227780951862,1,445855.0,21018200,320.3984375,0.0500334228482095,1,0.0500334228482095,0.0130102270439533,0,2,5
2026-05-14,23689.599609375,428700,45.849628564510446,24692.416491917007,-60.85995902611103,13.978649092934486,313.267578125,14.983147652090732,0.0118312363693726,-0.0261873612281412,-0.0201860302123999,0.0102545480254472,0.008848151270839,0.9918255336182128,0.976050852529146,-74.83860811904552,0.0420234716775099,0.0095370289768093,0,444275.0,21446900,364.599609375,0.0520544259313218,1,0.0520544259313218,0.0132238443574633,0,3,5
2026-05-15,23643.5,408900,45.12306960614977,24681.97951189793,-73.79784882238164,-3.5766504901287384,301.59974888392856,15.020475701569998,-0.0019459851637491,-0.0220320597786962,-0.0147536215040173,0.010075116075374,0.0088499466581022,0.99153417606365,0.975736603931121,-70.2211983322529,0.0439398464514511,0.0098304701297347,0,439320.0,21038000,229.0,0.0542420987182185,1,0.0542420987182185,0.0127561380034228,0,4,5
2026-05-18,23649.94921875,392000,45.253772073860006,24671.71055375716,-82.57890344826592,-19.377101081756173,312.0140904017857,15.66173241946452,0.0002727692071817,-0.0069659656634586,-0.0194595841213136,0.0098419805872344,0.0086765777569526,0.9913267018046372,0.9754542184452892,-63.20180236650975,0.0424228342004311,0.0118432148269092,0,433990.0,21430000,378.55078125,0.0548373390770128,1,0.0548373390770128,0.0131930131230225,0,0,5
2026-05-19,23618.0,442000,44.68596224074382,24661.225871630224,-91.06623260303604,-33.71492738601215,309.89634486607144,15.982647815717389,-0.0013509212410769,0.010199050485659,-0.0172597769617273,0.0098252873901116,0.0086652222196303,0.9911030662162372,0.975156335113987,-57.35130521702389,0.0422662179174757,0.0121019397451071,0,435295.0,20988000,195.1015625,0.0549517626768256,1,0.0549517626768256,0.0131211933637933,0,1,5
2026-05-20,23659.0,344100,45.62877518754511,24651.25347489759,-93.40740236700005,-45.653422382209726,306.65345982142856,16.669425468998035,0.0017359640951817,0.0105242644873291,-0.0276170573005092,0.0086304210984407,0.008368369162576,0.9910372203256133,0.974931119391898,-47.75397998479032,0.0364281423308364,0.0136604868535338,0,431210.0,21332100,293.599609375,0.0508114207675952,1,0.0508114207675952,0.0129613872023935,0,2,5
2026-05-21,23654.69921875,348200,45.54108686801519,24641.33751214985,-94.52026262517757,-55.426790430803294,298.26060267857144,16.756967912638853,-0.0001817820385476,-0.001473236829684,-0.0276220178727917,0.0086302514165252,0.0082453523576494,0.9910027890489572,0.9747209564953744,-39.09347219437427,0.0339666377819463,0.013889380405596,0,426595.0,20983900,263.30078125,0.0486112484045941,1,0.0486112484045941,0.0126089365973486,0,3,5
2026-05-22,23719.30078125,336100,47.18302508543114,24632.16301731503,-89.1616067006762,-62.17375368477788,290.2822265625,16.83825732459104,0.0027310244743588,0.0032059881679953,-0.0188967061336678,0.0086977006411125,0.0081274428578659,0.9911576404734752,0.9746077748191888,-26.987853015898324,0.0297480692114667,0.0170856656210362,1,420025.0,21320000,180.951171875,0.0477480952590067,1,0.0477480952590067,0.0122382286577337,0,4,5
2026-05-25,24031.69921875,351200,54.35061695858817,24626.188253150205,-59.02646978887424,-61.54429690559716,297.2749720982143,16.2036871102955,0.0131706427765758,0.0161416837080285,0.0090632756301094,0.0085536821353408,0.0083155492085525,0.9920584384954206,0.9748840460664292,2.51782711672292,0.0168238665653556,0.0297683742671784,0,415665.0,21671200,335.1484375,0.0481140367288032,1,0.0481140367288032,0.0123701187083048,0,0,5
2026-05-26,23913.69921875,387900,51.50729322391168,24619.09881002185,-44.15675887747784,-58.0667892999733,286.2572544642857,15.714934000530352,-0.0049101812953756,0.0125200787005672,0.0228468221009781,0.0058110314681453,0.0081793723357429,0.9925943393212084,0.9750150801437258,13.91003042249546,0.0211126736697631,0.0250007595227497,0,413545.0,21283300,204.3515625,0.0474035387099474,1,0.0474035387099474,0.0119704296623351,0,1,5
2026-05-27,23907.150390625,531600,51.3467466536215,24612.01474614725,-32.525903183337505,-52.95861207664615,281.0322265625,15.337675040070296,-0.0002738525756761,0.0104886254966396,0.021123275052804,0.0058631443676483,0.0081332996118628,0.9930725263488512,0.9751414141909054,20.432708893308643,0.021090780014863,0.024802462115725,0,412420.0,20751700,124.94921875,0.047173018557281,1,0.047173018557281,0.0117551536661895,0,2,5
2026-05-29,23547.75,1198000,43.35920321299189,24601.42504718061,-51.71286047358808,-52.709461756034536,303.75013950892856,15.93987919480912,-0.0150331756295779,-0.0045212673287862,-0.0059878432609247,0.0069641242447364,0.008562003749232,0.992670748791114,0.9748399486511145,0.9966012824464556,0.0351845305792022,0.0111026119245538,0,445765.0,19553700,518.05078125,0.0469245891196767,1,0.0469245891196767,0.0128993275157468,0,4,5
2026-06-01,23382.599609375,421700,40.2599353147022,24589.29743088404,-79.33044665713169,-58.03365873625397,303.6572265625,16.780166066401655,-0.0070134255130532,-0.014195240196168,-0.0110347618002834,0.0072530536854921,0.0085460358188224,0.9919596461452198,0.974364085703364,-21.29678792087772,0.0423654659214015,0.0066174875945024,0,441575.0,19132000,375.75,0.0493729582085089,1,0.0493729582085089,0.0129864613702212,0,0,6
2026-06-02,23483.55078125,511900,42.94460574083933,24578.294976658824,-92.01102101994184,-64.82913119299155,293.6821986607143,17.83646124898294,0.0043173630631951,-0.0228093915669651,-0.0070358898431831,0.0074473677808957,0.0085181609945372,0.9916073035080956,0.9740417745032148,-27.18188982695028,0.0363717701427915,0.0120822865963796,0,446215.0,19643900,327.798828125,0.0491163084026756,1,0.0491163084026756,0.0125058685288427,0,1,6
2026-06-03,23405.599609375,450100,41.397584561918286,24566.626366039087,-107.1157124108031,-73.28644743655386,294.51450892857144,18.981251324397448,-0.0033193946094914,-0.0212472192080016,-0.0089931573640866,0.007492923155183,0.0085145986101137,0.9911476405332084,0.9736509035100148,-33.82926497424924,0.0388005121525292,0.01044893996682,0,450555.0,19193800,332.05078125,0.0498225972453505,1,0.0498225972453505,0.0125830790000613,0,2,6
2026-06-04,23416.55078125,412500,41.71524653790927,24555.18282788198,-116.85558269668036,-82.00027448857915,284.04310825892856,20.01920488929314,0.0004678868329701,-0.0205210408333477,-0.0102476528488101,0.00745440723451,0.0079004734148905,0.9908055920809584,0.9733017165930812,-34.855308208101206,0.0341008981638223,0.0106028448204754,0,449720.0,19606300,218.0,0.0453324602741967,1,0.0453324602741967,0.012130014830637,0,3,6
2026-06-05,23366.69921875,366200,40.63541192057611,24543.35712032843,-127.13161046827372,-91.02654168451808,284.37876674107144,20.745829511183985,-0.0021289028843615,-0.0076886658491788,-0.0121751706642592,0.0074559596973997,0.0078903261874441,0.9904237143085536,0.9729192036794058,-36.10506878375564,0.0312404503194008,0.0075335774743479,0,446000.0,19240100,233.69921875,0.0393152918274054,1,0.0393152918274054,0.0121702583697777,0,4,6
2026-06-08,23123.0,375700,35.761889843338935,24529.224213658494,-153.174229614473,-103.45607927050904,278.521484375,21.92073489259912,-0.0104293386271027,-0.0111022561097491,-0.0251398971137198,0.0078368875171907,0.0080644507736087,0.989549797616153,0.9722715984570102,-49.71815034396397,0.0391725297766639,-0.0013081503091814,1,447990.0,18864400,296.548828125,0.0380773354316881,1,0.0380773354316881,0.012045214045539,0,0,6
2026-06-09,23242.099609375,402600,39.57596195504853,24516.417003665625,-162.33159224765404,-115.23118186593804,277.08217075892856,22.951809244958017,0.0051506988442242,-0.0102817148106828,-0.0328565867185512,0.0063161084887583,0.007636356383652,0.9891083915981516,0.9718086190245152,-47.100410381716,0.0331436818728441,0.0055876280894474,0,448615.0,19267000,174.951171875,0.0391974224288809,1,0.0391974224288809,0.0119215636889863,0,1,6
2026-06-10,23214.94921875,380000,39.00737963688032,24503.46707545751,-169.82207456285323,-126.14936040532108,273.3071986607143,23.19266760959373,-0.0011681556778996,-0.0081455033755527,-0.0292196532877745,0.0063220935858669,0.0064882771211164,0.988699246165577,0.9713454554192544,-43.67271415753216,0.0348029060959136,0.0055846138014313,0,445240.0,18887000,240.75,0.0408400823769548,1,0.0408400823769548,0.0117728966833135,0,2,6
2026-06-11,23161.599609375,363000,37.85646844866646,24490.115160372115,-178.01120106122107,-136.5217285365011,272.7427455357143,23.719346982998267,-0.0022980713363744,-0.0108876484097368,-0.0311852633654892,0.0062592289592355,0.0064887665907033,0.9882573618959908,0.9708506354266212,-41.48947252471999,0.0378160919274952,0.0050074602508893,1,442620.0,18524000,255.3984375,0.0432269292935424,1,0.0432269292935424,0.0117756437437644,0,3,6
2026-06-12,23622.900390625,351900,51.25029465860531,24481.486157688065,-145.59964296380713,-138.33731142196228,294.37123325892856,22.81837962672323,0.0199166201397973,0.0109643715390241,0.0031914043008356,0.0083065828589952,0.0074755452160584,0.9890116160047524,0.9709471983205444,-7.262331541844844,0.0172758367461253,0.0244456207671093,1,438780.0,18875900,483.75,0.0429593167373491,1,0.0429593167373491,0.0124612654835454,0,4,6
2026-06-15,23853.900390625,398900,56.32650019377323,24475.241523189925,-100.11936647194308,-130.69372243195843,298.1820591517857,21.63319555395741,0.0097786468291451,0.0316092371502401,0.0201560471942152,0.0083499281198872,0.0077779670946699,0.990256669722216,0.9713289876744872,30.57435596001536,0.0085876467307045,0.0341738630178894,1,438280.0,19274800,388.5,0.0444409208104478,1,0.0444409208104478,0.0125003481304456,0,0,6
2026-06-16,23989.150390625,327300,59.01727883562567,24470.40479550272,-52.55653598433128,-115.066285142433,294.20689174107144,20.532667486389148,0.0056699322871809,0.0321421383526239,0.021529947241994,0.0084019128158822,0.0078638547648232,0.9916957138849004,0.9718665545102344,62.50974915810172,0.0050162388492162,0.0403201543155585,0,435045.0,19602100,148.69921875,0.0473499777546558,1,0.0473499777546558,0.0122641647140637,0,1,6
2026-06-17,24085.69921875,352700,60.87062809650719,24466.57687931612,-6.991374401623034,-93.45130299427102,295.1748046875,19.84298963350722,0.004024687267071,0.0375081587211365,0.02905713251211,0.0081875946295254,0.007880420136063,0.9932054910262884,0.9725054363665924,86.45992859264798,0.0038402107717278,0.0450779038465376,0,430580.0,19954800,138.5,0.0512455507702014,1,0.0512455507702014,0.0122551893555872,0,2,6
2026-06-18,24168.0,340000,62.43030893336254,24463.60596509408,35.35280453812084,-67.69048148779265,269.0498046875,19.45329390997201,0.0034169978003351,0.0434512472194557,0.0320905169070286,0.0081433147363898,0.0078975130051445,0.994736695942576,0.973223263536642,103.04328602591347,0.0036099380331979,0.0494118345233914,0,430375.0,20294800,152.30078125,0.0556741824020064,1,0.0556741824020064,0.0111324811605221,0,3,6
2026-06-19,24013.099609375,447900,57.76350420077196,24459.12331478841,55.76883602750968,-42.99861798473219,261.21763392857144,18.552123370601173,-0.0064093177186775,0.0165178370266867,0.0276633162678925,0.0085561836027751,0.008071332270257,0.9957207166158608,0.9737295840470558,98.76745401224188,0.0117930530897056,0.0434965576953868,0,435360.0,19846900,266.099609375,0.0576396329449761,1,0.0576396329449761,0.0108781306111181,0,4,6
2026-06-22,24102.900390625,252800,59.64678290220105,24455.57880808032,78.29235508868805,-18.74042337004814,248.8713727678572,18.113308410084294,0.003739658049598,0.0104385444695602,0.0423777360474419,0.0071929764331516,0.0080872797426133,0.9968032890880438,0.9743298543009312,97.0327784587362,0.0100803780327928,0.0475257062297283,0,431195.0,20099700,154.951171875,0.0602302664490137,1,0.0602302664490137,0.010325370338611,0,0,6
2026-06-23,23824.099609375,340100,51.90820309820255,24449.295432968825,72.80624809857181,-0.4310890763241506,250.1928013392857,17.002215154360865,-0.0115671050675063,-0.0068802262090325,0.0250407669608834,0.0087229155308368,0.0079922600642004,0.9970990186910994,0.974574317195974,73.23733717489597,0.0207497806739073,0.0360997590596003,1,430640.0,19759600,350.55078125,0.0587775138763541,1,0.0587775138763541,0.0105016687069606,0,1,6
2026-06-24,24021.650390625,395600,56.24048028897934,24445.040258418143,83.43735197413844,16.342599133768367,256.10714285714283,15.97048570261768,0.0082920565515207,-0.0026592056781619,0.0347492111343259,0.0087923560269504,0.0081442058770568,0.997832106240528,0.9750551767200668,67.09475284037006,0.0130063978531244,0.0442284765687363,0,431025.0,20155200,300.80078125,0.0596529872732626,1,0.0596529872732626,0.0106615132054829,0,2,6
2026-06-25,24056.0,448800,56.966386942058975,24441.169211070697,93.55585117751252,31.7852495425172,256.55357142857144,15.263674737346962,0.00142994377224,-0.0046342270771267,0.0386156571959295,0.0085981420293894,0.0081472746476876,0.9985579162317584,0.9755637790567122,61.77060163499532,0.012459449722194,0.0458739873505402,0,426885.0,20604000,239.94921875,0.0608657439856779,1,0.0608657439856779,0.0106648474986935,0,3,6
2026-06-29,23946.25,588500,53.89038285093027,24436.244641806312,91.66230096730578,43.76065982747492,249.33217075892856,14.175242599302855,-0.0045622713668107,-0.0027838809009438,0.0136879724347194,0.0068072110154569,0.0074103766796262,0.9989358671905898,0.9759246035709672,47.90164113983087,0.0183226711339466,0.0410598478187093,0,396410.0,20015500,195.44921875,0.0616257770280101,1,0.0616257770280101,0.0104121593468258,0,0,6
2026-06-30,23865.75,449000,51.68585313482208,24430.56807820625,82.71251318475697,51.551030498931325,251.57505580357144,13.508684717093086,-0.0033616954637991,-0.0098390810558732,0.0004967577285455,0.0062517322860265,0.0072492666430626,0.9990790964809488,0.9761799651676568,31.161482685825646,0.0224150126078177,0.0364583625182541,1,397775.0,19566500,206.3515625,0.0608299364347167,1,0.0608299364347167,0.010541259160243,0,1,6
2026-07-01,24005.849609375,352100,55.12635474983766,24426.34202379002,85.93401566213288,58.42762753157164,247.5322265625,12.831120117064147,0.0058703208311072,0.0076288297555842,0.000696115472123,0.0062719743516851,0.0072943052509369,0.999536240776227,0.9766012653179286,27.50638813056124,0.0177425774595927,0.0412003772552968,1,389785.0,19918600,184.150390625,0.0611919093244243,1,0.0611919093244243,0.0103113295546861,0,2,7
2026-07-02,24175.69921875,372900,58.94352412461663,24423.84806553092,101.02793640609524,66.94768930647636,242.76813616071428,12.209190230851982,0.0070753425577017,0.0064129160827817,0.0037366571417589,0.0065526742917623,0.0073311468927095,1.0003338643525397,0.9772162389295824,34.08024709961887,0.0126061906240916,0.0467650236076905,0,385925.0,20291500,188.701171875,0.0619720265918088,1,0.0619720265918088,0.0100418248077983,0,3,7
2026-07-03,24270.849609375,326600,60.94766301340288,24422.32569283285,119.29268682336988,77.41668880985507,222.67536272321428,12.293919777735304,0.0039357865004874,0.0089312275263966,0.0042556111128351,0.006581272694383,0.007342832596144,1.0012482769632312,0.9779250161375218,41.8759980135148,0.0109748184378907,0.0493205947618066,1,381630.0,20618100,202.451171875,0.0630710427212595,1,0.0630710427212595,0.0091746010670018,0,4,7
2026-07-06,24430.349609375,329400,64.1103095329399,24422.40553279845,144.96686237168615,90.9267235222213,208.33970424107144,12.642720688941994,0.0065716694127753,0.0202160926815262,0.0173759325862747,0.0063555842492823,0.0073543656096612,1.0024106592807602,0.9788003861969464,54.04013884946485,0.0073316315607527,0.0541307789135706,0,379790.0,20947500,187.80078125,0.0645700133994431,1,0.0645700133994431,0.0085279051496308,0,0,7
2026-07-07,24398.69921875,412600,63.01966608531291,24422.16964907657,160.905095673108,104.92239795239864,210.71484375,13.20618399353982,-0.0012955357222089,0.0223311322187653,0.0122723333429222,0.0063791801994849,0.006787028135374,1.0033361877700544,0.9796031392549062,55.98269772070937,0.0093892414515768,0.0484261105725774,0,381635.0,20534900,181.951171875,0.0604981283542682,1,0.0604981283542682,0.0086363146600893,0,1,7
2026-07-08,23882.05078125,420500,48.51181282998679,24416.79533198377,130.34451882182475,110.00682212628384,243.21484375,12.923868180744336,-0.0211752451582731,-0.0051570275636756,0.0024324601065803,0.0087902283133057,0.0085996734979381,1.0029203452201854,0.9797513280294184,20.33769669554092,0.0295516885656853,0.0234867502825705,0,382530.0,20114400,593.5,0.0542517732584082,1,0.0542517732584082,0.0101840016160149,0,2,7
2026-07-09,23962.80078125,384800,50.432498000689066,24412.277973270004,111.35723474948828,110.27690465092472,250.3825334821429,12.66171778314853,0.0033812004144717,-0.0088062990680691,-0.0024498570422109,0.008422235709292,0.008588489398489,1.0027366768912829,0.979997544985282,1.0803300985635644,0.0235363610207813,0.0211105878049065,1,382770.0,20499200,252.6484375,0.045751311828381,1,0.045751311828381,0.0104488008629633,0,3,7
2026-07-10,24206.900390625,313100,55.80008677149362,24410.23441523373,114.68446267999752,111.1584162567393,250.3503069196429,12.050840038891916,0.010186605964942,-0.0026348158296567,0.0062728795570752,0.0090442858807321,0.0087409531426499,1.0031371141572192,0.9805341188569644,3.5260464232582223,0.0090933624996545,0.0225416278727203,0,380275.0,20812300,265.6484375,0.0326765366586854,1,0.0326765366586854,0.0103421050559864,0,4,7
2026-07-13,24211.0,322700,55.88648680794781,24408.25198324136,116.31135411210562,112.18900382781256,257.82533482142856,11.901556259080198,0.0001693570555851,-0.0089785702162373,0.0110560108576498,0.0088625113851265,0.0076922432687494,1.0034826139511497,0.9810570861297918,4.122350284293063,0.0082207303046416,0.019576315704873,0,378815.0,21135000,259.6015625,0.0286820180101338,1,0.0286820180101338,0.0106490989559055,0,0,7
2026-07-14,24052.05078125,355800,51.66927440479508,24404.707692674285,103.58078887672308,110.46736083759468,246.16462053571428,11.762935606397892,-0.0065651653690471,-0.0142076605966602,0.0078061984748016,0.0090979120232519,0.0076071436053555,1.0033987164749385,0.9813701558667256,-6.886571960871606,0.0146668191593045,0.012056505427286,0,376660.0,20779200,187.30078125,0.0273818149577641,1,0.0273818149577641,0.0102346624316798,0,1,7
2026-07-15,24078.5,306900,52.314108080658805,24401.461844985984,94.53620064243296,107.28112879856234,239.6644810267857,11.352108213142616,0.0010996658451518,0.0082258102769061,0.0030263619828989,0.0089268696595113,0.0075098359530813,1.00337477713005,0.9817071259516325,-12.744928156129376,0.013617506893301,0.0128358999877628,0,375640.0,21086100,209.798828125,0.0271300202932405,1,0.0271300202932405,0.0099534639212071,0,2,7
2026-07-16,24072.75,264300,52.15120532733244,24398.19108035926,85.91395971080783,103.00769498101144,232.27525111607144,10.970625633691286,-0.0002388022509708,0.0045883292088306,-0.0042583760584742,0.0086074750933061,0.0074562587111018,1.003327895941461,0.9820278501678584,-17.09373527020361,0.0138355471426775,0.0126298269819149,1,371220.0,20821800,136.5,0.0271365413941131,1,0.0271365413941131,0.0096488872736214,0,3,7
2026-07-17,24334.30078125,387800,58.48403233507501,24397.55535599001,99.04401606397003,102.21495919760318,239.3539341517857,10.563340498504528,0.010865014643113,0.0052629782652529,0.0026142954571517,0.0092496328472573,0.0078133622822241,1.003884453422586,0.9826555525175898,-3.170943133633145,0.0039486062702629,0.0235689146023965,0,373610.0,21209600,294.55078125,0.0285120887041587,1,0.0285120887041587,0.00983607198347,0,4,7
2026-07-20,24238.5,353100,55.58227777717964,24395.972715631902,100.56016295246808,101.88399994857616,238.78962053571428,10.185147158688254,-0.0039368618852535,0.0011358473421172,-0.0078529211592363,0.0090527651560546,0.0077194149457212,1.0041298755189236,0.9831438428751637,-1.323836996108085,0.0085175109397945,0.019380595817675,0,368870.0,20856500,198.451171875,0.0287791688743976,1,0.0287791688743976,0.0098516665856267,0,0,7
2026-07-21,24187.69921875,315600,54.05079719633853,24393.900342528603,96.5495585864519,100.81711167615131,234.6752232142857,9.83294535475921,-0.0020958714957608,0.0056397867580484,-0.0086480020147078,0.0090616478546189,0.0077006091635443,1.0042091953393677,0.9835536264375624,-4.267553089699419,0.0108861119978557,0.017220878943412,0,372010.0,20540900,126.548828125,0.0289287928282605,1,0.0289287928282605,0.0097022548979097,0,1,7
2026-07-22,23996.25,304700,48.61443608592338,24389.94362270245,77.03476496821895,96.06064233456485,237.3607700892857,9.608780830602358,-0.0079151479856997,-0.0034159104595385,0.0047818011860043,0.0063046301470763,0.0074458877348013,1.0038165653176192,0.983718879103204,-19.02587736634589,0.0184155059688181,0.0081268133996667,0,370240.0,20236200,226.298828125,0.0270924720283493,1,0.0270924720283493,0.0098915776460607,0,2,7
2026-07-23,23869.599609375,344000,45.36390555596143,24384.766070331032,50.76434262523253,87.00138239269839,236.4035993303572,10.051287796460544,-0.0052779242850445,-0.0084390188335358,-0.0038894106213129,0.0064569833063466,0.0073045220166363,1.0031659402543462,0.9837295409122558,-36.23703976746586,0.0241652598938365,0.0038471251063132,0,367660.0,19892200,189.05078125,0.0284510643205453,1,0.0284510643205453,0.0099039616583056,0,3,7
2026-07-24,23767.44921875,333900,42.8739007965717,24378.6236140964,21.454842761068,73.8920744663723,241.7963169642857,11.186725124092192,-0.0042795183956449,-0.0232943435521586,-0.0181539629107241,0.0053554003428922,0.0073451392126864,1.0023501535074146,0.9836225983569598,-52.43723170530431,0.0292991026283456,0.0015118782091813,1,361915.0,19558300,263.298828125,0.0311782212306262,1,0.0311782212306262,0.0101734231022794,0,4,7
2026-07-27,23995.94921875,319400,49.545371842013935,24374.815908670065,16.47497998702238,62.408655570502326,246.23911830357144,11.267059825173687,0.0096139891957669,-0.01000683958372,-0.008882358483747,0.0064630104110653,0.007619257984167,1.002165015711031,0.9838029362342204,-45.933675583479946,0.0194559381064003,0.0107710819547354,0,348460.0,19877700,244.150390625,0.0308781819465297,1,0.0308781819465297,0.0102616952577631,0,0,7
2026-07-28,23985.349609375,437800,49.25799477786303,24370.94062210992,11.54007615422961,52.23493968724779,210.02845982142856,11.1972779802205,-0.0004417249460887,-0.008365806418584,-0.0027732010247957,0.0061460998764319,0.0075766588782851,1.0019712682459878,0.983967956560828,-40.69486353301818,0.0196592748282003,0.0095881042674602,1,347900.0,19439900,86.55078125,0.0298568311877037,1,0.0298568311877037,0.0087565311009407,0,1,7
2026-07-29,24250.19921875,424200,56.1085135419815,24369.73921511131,28.669791834756325,47.521910116749496,213.2822265625,10.743116919784,0.0110421408771743,0.0105828710215136,0.0071308104221607,0.0071179709182504,0.0078605322206871,1.0024131754422476,0.9844509073275328,-18.85211828199317,0.0091172447698797,0.0199915352678156,0,351505.0,19864100,298.201171875,0.0300282461099311,1,0.0300282461099311,0.0087950711100794,0,2,7
2026-07-30,24317.150390625,400600,57.66449393391866,24369.21594322588,47.10462219745386,47.43845253289037,205.439453125,10.55885644252652,0.0027608503860552,0.0187498235652943,0.0101525746175654,0.007135625801422,0.0077297346002922,1.002943831829067,0.984997199998606,-0.3338303354365166,0.0070346069444323,0.0228037629244782,0,352890.0,20264700,155.849609375,0.0308568145074964,1,0.0308568145074964,0.0084483358380759,0,3,7
2026-07-31,24383.599609375,411700,59.21007955410133,24369.359064282085,66.3118529266576,51.213132611643815,196.1608537946429,10.7283036140561,0.0027326071386892,0.0259241277830908,0.0020258986920629,0.0063058085414881,0.0077047560887288,1.0035481292722603,0.9856029032592134,15.09872031501378,0.0050203528194476,0.0257344550476437,1,357145.0,20676400,129.701171875,0.0318839912209482,1,0.0318839912209482,0.0080447865342745,0,4,7
2026-08-03,24774.30078125,342300,66.86892575744429,24373.388335097687,111.77160748883762,63.32482758708258,210.689453125,12.019842928754937,0.0160231129994761,0.0324367898683419,0.0221053605317986,0.00782075357383,0.0083731177013577,1.0049669383960766,0.9866560006720996,48.44677990175504,-0.0070278205526245,0.0435121164820512,0,357790.0,21018700,390.701171875,0.038402528500844,1,0.038402528500844,0.0085043551777839,0,0,8
2026-08-04,24614.900390625,296500,61.77283260893277,24375.79144012781,133.39877312172757,77.33961669401158,220.44321986607144,12.783877589406355,-0.0064341025013161,0.0262473047715732,0.0176619184822606,0.0081977630529029,0.0085162424733936,1.0058088263246658,0.9874705167115932,56.05915642771599,0.0011664531227606,0.0382038040223084,0,351985.0,20722200,346.3515625,0.0411551707979364,1,0.0411551707979364,0.0089556819799291,0,1,8
2026-08-05,24624.650390625,355500,61.96377849102756,24378.26764859047,149.60069749938702,91.79183285508668,223.525390625,13.493338345725531,0.0003961015419633,0.0154411585858427,0.0261874413970932,0.0074966740899223,0.0068286459410423,1.0065397422978004,0.988261840065658,57.80886464430034,0.0031988553477829,0.037997755173534,0,348735.0,21077700,179.650390625,0.0430152726562085,1,0.0430152726562085,0.0090773020968492,0,2,8
2026-08-06,24636.0,344000,62.20047156103643,24380.83214959952,161.49504358587728,105.7324750012448,207.69321986607144,14.152123333736196,0.0004609043862535,0.0131121288577433,0.0321078025256857,0.0070306169023497,0.0068187400697134,1.0071752840176595,0.9890327143547518,55.76256858463249,0.0050135092272561,0.037985178291329,0,346695.0,21421700,72.900390625,0.0448551979331542,1,0.0448551979331542,0.0084304765329627,0,3,8
2026-08-07,24570.650390625,254800,59.88954597859448,24382.720888316195,163.76050209567984,117.33808042013182,201.607421875,14.3056721608983,-0.0026526063230638,0.0076711717813018,0.0337941680018973,0.0068552669785581,0.0065477925373476,1.0075485397591148,0.9896914501635318,46.42242167554802,0.0092485980372439,0.0355082130679752,0,343780.0,21166900,113.25,0.0465304552229845,1,0.0465304552229845,0.0082052130761635,0,4,8
2026-08-10,24583.80078125,269500,60.20991278729754,24384.721683270764,164.71825143845126,126.81411462379572,200.41462053571428,14.381858422291616,0.0005352072662276,-0.0076894198420395,0.0244979499306767,0.0065268466820223,0.0065465480060025,1.0078741857890463,0.9903378466505288,37.90413681465554,0.0102264851680804,0.0360254464060527,0,341120.0,21436400,109.849609375,0.0480736050741076,1,0.0480736050741076,0.0081523041257546,0,0,8
2026-08-11,24471.69921875,271800,56.09666673795038,24385.587131384986,154.648918998304,132.38107549869738,195.2897600446429,13.982696090167764,-0.004559976852135,-0.0058176620503221,0.020276944772358,0.0068509156765264,0.0064425924951046,1.0078684948305177,0.9908214668791666,22.267843499606613,0.0156191378727262,0.0306597180709941,0,336920.0,21164600,154.55078125,0.047840881666238,1,0.047840881666238,0.0079802288471661,0,1,8
2026-08-12,24435.94921875,317600,54.810696042936506,24386.08824668215,142.14560818054815,134.33398203506755,196.5969587053572,13.203977423790676,-0.0014608711753293,-0.0076631005468748,0.0076597308881645,0.0061260915367337,0.0064635065531186,1.00775140326121,0.9912420294767856,7.811626145480602,0.0176320566996866,0.0283058238808838,0,337455.0,20847000,207.3515625,0.0473841547341784,1,0.0473841547341784,0.008045398889375,0,2,8
2026-08-13,24395.849609375,0,53.33381523474576,24386.185374669145,127.5308447329553,132.9733545746451,186.6862444196429,12.480881519297668,-0.0016410088683697,-0.0097479457146046,0.0032363668228305,0.0061261002362949,0.0064824518168641,1.0075280474290356,0.9915972272573342,-5.442509841689798,0.0195895372095829,0.0256690325130793,0,324240.0,20847000,124.548828125,0.0465758917393148,1,0.0465758917393148,0.0076523772448532,0,3,8
